[2025-05-02T09:12:40.027+0000] {processor.py:156} INFO - Started process (PID=166) to work on /opt/airflow/dags/data-pipeline.py
[2025-05-02T09:12:40.032+0000] {processor.py:799} INFO - Processing file /opt/airflow/dags/data-pipeline.py for tasks to queue
[2025-05-02T09:12:40.035+0000] {logging_mixin.py:149} INFO - [2025-05-02T09:12:40.035+0000] {dagbag.py:541} INFO - Filling up the DagBag from /opt/airflow/dags/data-pipeline.py
[2025-05-02T09:12:45.447+0000] {processor.py:809} INFO - DAG(s) dict_keys(['data_pipeline']) retrieved from /opt/airflow/dags/data-pipeline.py
[2025-05-02T09:12:45.650+0000] {logging_mixin.py:149} INFO - [2025-05-02T09:12:45.649+0000] {dag.py:2726} INFO - Sync 1 DAGs
[2025-05-02T09:12:45.720+0000] {logging_mixin.py:149} INFO - [2025-05-02T09:12:45.720+0000] {dag.py:3490} INFO - Setting next_dagrun for data_pipeline to 2025-05-01T00:00:00+00:00, run_after=2025-06-01T00:00:00+00:00
[2025-05-02T09:12:45.837+0000] {processor.py:178} INFO - Processing /opt/airflow/dags/data-pipeline.py took 5.844 seconds
[2025-05-02T09:13:16.196+0000] {processor.py:156} INFO - Started process (PID=197) to work on /opt/airflow/dags/data-pipeline.py
[2025-05-02T09:13:16.198+0000] {processor.py:799} INFO - Processing file /opt/airflow/dags/data-pipeline.py for tasks to queue
[2025-05-02T09:13:16.200+0000] {logging_mixin.py:149} INFO - [2025-05-02T09:13:16.200+0000] {dagbag.py:541} INFO - Filling up the DagBag from /opt/airflow/dags/data-pipeline.py
[2025-05-02T09:13:18.517+0000] {processor.py:809} INFO - DAG(s) dict_keys(['data_pipeline']) retrieved from /opt/airflow/dags/data-pipeline.py
[2025-05-02T09:13:18.616+0000] {logging_mixin.py:149} INFO - [2025-05-02T09:13:18.616+0000] {dag.py:2726} INFO - Sync 1 DAGs
[2025-05-02T09:13:18.673+0000] {logging_mixin.py:149} INFO - [2025-05-02T09:13:18.672+0000] {dag.py:3490} INFO - Setting next_dagrun for data_pipeline to 2025-05-01T00:00:00+00:00, run_after=2025-06-01T00:00:00+00:00
[2025-05-02T09:13:18.759+0000] {processor.py:178} INFO - Processing /opt/airflow/dags/data-pipeline.py took 2.572 seconds
[2025-05-02T09:13:49.007+0000] {processor.py:156} INFO - Started process (PID=234) to work on /opt/airflow/dags/data-pipeline.py
[2025-05-02T09:13:49.011+0000] {processor.py:799} INFO - Processing file /opt/airflow/dags/data-pipeline.py for tasks to queue
[2025-05-02T09:13:49.014+0000] {logging_mixin.py:149} INFO - [2025-05-02T09:13:49.014+0000] {dagbag.py:541} INFO - Filling up the DagBag from /opt/airflow/dags/data-pipeline.py
[2025-05-02T09:13:53.399+0000] {processor.py:809} INFO - DAG(s) dict_keys(['data_pipeline']) retrieved from /opt/airflow/dags/data-pipeline.py
[2025-05-02T09:13:53.581+0000] {logging_mixin.py:149} INFO - [2025-05-02T09:13:53.573+0000] {dag.py:2726} INFO - Sync 1 DAGs
[2025-05-02T09:13:53.702+0000] {logging_mixin.py:149} INFO - [2025-05-02T09:13:53.702+0000] {dag.py:3490} INFO - Setting next_dagrun for data_pipeline to 2025-05-01T00:00:00+00:00, run_after=2025-06-01T00:00:00+00:00
[2025-05-02T09:13:53.811+0000] {processor.py:178} INFO - Processing /opt/airflow/dags/data-pipeline.py took 4.819 seconds
[2025-05-02T09:14:24.218+0000] {processor.py:156} INFO - Started process (PID=268) to work on /opt/airflow/dags/data-pipeline.py
[2025-05-02T09:14:24.220+0000] {processor.py:799} INFO - Processing file /opt/airflow/dags/data-pipeline.py for tasks to queue
[2025-05-02T09:14:24.221+0000] {logging_mixin.py:149} INFO - [2025-05-02T09:14:24.221+0000] {dagbag.py:541} INFO - Filling up the DagBag from /opt/airflow/dags/data-pipeline.py
[2025-05-02T09:14:25.253+0000] {processor.py:809} INFO - DAG(s) dict_keys(['data_pipeline']) retrieved from /opt/airflow/dags/data-pipeline.py
[2025-05-02T09:14:25.289+0000] {logging_mixin.py:149} INFO - [2025-05-02T09:14:25.288+0000] {dag.py:2726} INFO - Sync 1 DAGs
[2025-05-02T09:14:25.330+0000] {logging_mixin.py:149} INFO - [2025-05-02T09:14:25.330+0000] {dag.py:3490} INFO - Setting next_dagrun for data_pipeline to 2025-05-01T00:00:00+00:00, run_after=2025-06-01T00:00:00+00:00
[2025-05-02T09:14:25.390+0000] {processor.py:178} INFO - Processing /opt/airflow/dags/data-pipeline.py took 1.177 seconds
[2025-05-02T09:14:55.769+0000] {processor.py:156} INFO - Started process (PID=302) to work on /opt/airflow/dags/data-pipeline.py
[2025-05-02T09:14:55.771+0000] {processor.py:799} INFO - Processing file /opt/airflow/dags/data-pipeline.py for tasks to queue
[2025-05-02T09:14:55.772+0000] {logging_mixin.py:149} INFO - [2025-05-02T09:14:55.772+0000] {dagbag.py:541} INFO - Filling up the DagBag from /opt/airflow/dags/data-pipeline.py
[2025-05-02T09:14:56.667+0000] {processor.py:809} INFO - DAG(s) dict_keys(['data_pipeline']) retrieved from /opt/airflow/dags/data-pipeline.py
[2025-05-02T09:14:56.702+0000] {logging_mixin.py:149} INFO - [2025-05-02T09:14:56.701+0000] {dag.py:2726} INFO - Sync 1 DAGs
[2025-05-02T09:14:56.737+0000] {logging_mixin.py:149} INFO - [2025-05-02T09:14:56.736+0000] {dag.py:3490} INFO - Setting next_dagrun for data_pipeline to 2025-05-01T00:00:00+00:00, run_after=2025-06-01T00:00:00+00:00
[2025-05-02T09:14:56.796+0000] {processor.py:178} INFO - Processing /opt/airflow/dags/data-pipeline.py took 1.030 seconds
[2025-05-02T09:15:27.403+0000] {processor.py:156} INFO - Started process (PID=347) to work on /opt/airflow/dags/data-pipeline.py
[2025-05-02T09:15:27.406+0000] {processor.py:799} INFO - Processing file /opt/airflow/dags/data-pipeline.py for tasks to queue
[2025-05-02T09:15:27.408+0000] {logging_mixin.py:149} INFO - [2025-05-02T09:15:27.408+0000] {dagbag.py:541} INFO - Filling up the DagBag from /opt/airflow/dags/data-pipeline.py
[2025-05-02T09:15:28.124+0000] {processor.py:809} INFO - DAG(s) dict_keys(['data_pipeline']) retrieved from /opt/airflow/dags/data-pipeline.py
[2025-05-02T09:15:28.183+0000] {logging_mixin.py:149} INFO - [2025-05-02T09:15:28.182+0000] {dag.py:2726} INFO - Sync 1 DAGs
[2025-05-02T09:15:28.271+0000] {logging_mixin.py:149} INFO - [2025-05-02T09:15:28.270+0000] {dag.py:3490} INFO - Setting next_dagrun for data_pipeline to 2025-05-01T00:00:00+00:00, run_after=2025-06-01T00:00:00+00:00
[2025-05-02T09:15:28.322+0000] {processor.py:178} INFO - Processing /opt/airflow/dags/data-pipeline.py took 0.927 seconds
[2025-05-02T09:15:58.788+0000] {processor.py:156} INFO - Started process (PID=370) to work on /opt/airflow/dags/data-pipeline.py
[2025-05-02T09:15:58.791+0000] {processor.py:799} INFO - Processing file /opt/airflow/dags/data-pipeline.py for tasks to queue
[2025-05-02T09:15:58.794+0000] {logging_mixin.py:149} INFO - [2025-05-02T09:15:58.793+0000] {dagbag.py:541} INFO - Filling up the DagBag from /opt/airflow/dags/data-pipeline.py
[2025-05-02T09:16:00.533+0000] {processor.py:809} INFO - DAG(s) dict_keys(['data_pipeline']) retrieved from /opt/airflow/dags/data-pipeline.py
[2025-05-02T09:16:00.722+0000] {logging_mixin.py:149} INFO - [2025-05-02T09:16:00.720+0000] {dag.py:2726} INFO - Sync 1 DAGs
[2025-05-02T09:16:00.855+0000] {logging_mixin.py:149} INFO - [2025-05-02T09:16:00.854+0000] {dag.py:3490} INFO - Setting next_dagrun for data_pipeline to 2025-05-01T00:00:00+00:00, run_after=2025-06-01T00:00:00+00:00
[2025-05-02T09:16:01.032+0000] {processor.py:178} INFO - Processing /opt/airflow/dags/data-pipeline.py took 2.264 seconds
[2025-05-02T09:16:31.361+0000] {processor.py:156} INFO - Started process (PID=404) to work on /opt/airflow/dags/data-pipeline.py
[2025-05-02T09:16:31.363+0000] {processor.py:799} INFO - Processing file /opt/airflow/dags/data-pipeline.py for tasks to queue
[2025-05-02T09:16:31.365+0000] {logging_mixin.py:149} INFO - [2025-05-02T09:16:31.365+0000] {dagbag.py:541} INFO - Filling up the DagBag from /opt/airflow/dags/data-pipeline.py
[2025-05-02T09:16:32.154+0000] {processor.py:809} INFO - DAG(s) dict_keys(['data_pipeline']) retrieved from /opt/airflow/dags/data-pipeline.py
[2025-05-02T09:16:32.224+0000] {logging_mixin.py:149} INFO - [2025-05-02T09:16:32.223+0000] {dag.py:2726} INFO - Sync 1 DAGs
[2025-05-02T09:16:32.361+0000] {logging_mixin.py:149} INFO - [2025-05-02T09:16:32.361+0000] {dag.py:3490} INFO - Setting next_dagrun for data_pipeline to 2025-05-01T00:00:00+00:00, run_after=2025-06-01T00:00:00+00:00
[2025-05-02T09:16:32.461+0000] {processor.py:178} INFO - Processing /opt/airflow/dags/data-pipeline.py took 1.106 seconds
[2025-05-02T09:17:02.720+0000] {processor.py:156} INFO - Started process (PID=438) to work on /opt/airflow/dags/data-pipeline.py
[2025-05-02T09:17:02.721+0000] {processor.py:799} INFO - Processing file /opt/airflow/dags/data-pipeline.py for tasks to queue
[2025-05-02T09:17:02.722+0000] {logging_mixin.py:149} INFO - [2025-05-02T09:17:02.722+0000] {dagbag.py:541} INFO - Filling up the DagBag from /opt/airflow/dags/data-pipeline.py
[2025-05-02T09:17:03.650+0000] {processor.py:809} INFO - DAG(s) dict_keys(['data_pipeline']) retrieved from /opt/airflow/dags/data-pipeline.py
[2025-05-02T09:17:04.063+0000] {logging_mixin.py:149} INFO - [2025-05-02T09:17:04.062+0000] {dag.py:2726} INFO - Sync 1 DAGs
[2025-05-02T09:17:04.106+0000] {logging_mixin.py:149} INFO - [2025-05-02T09:17:04.106+0000] {dag.py:3490} INFO - Setting next_dagrun for data_pipeline to 2025-05-01T00:00:00+00:00, run_after=2025-06-01T00:00:00+00:00
[2025-05-02T09:17:04.155+0000] {processor.py:178} INFO - Processing /opt/airflow/dags/data-pipeline.py took 1.439 seconds
[2025-05-02T09:17:34.369+0000] {processor.py:156} INFO - Started process (PID=472) to work on /opt/airflow/dags/data-pipeline.py
[2025-05-02T09:17:34.371+0000] {processor.py:799} INFO - Processing file /opt/airflow/dags/data-pipeline.py for tasks to queue
[2025-05-02T09:17:34.372+0000] {logging_mixin.py:149} INFO - [2025-05-02T09:17:34.372+0000] {dagbag.py:541} INFO - Filling up the DagBag from /opt/airflow/dags/data-pipeline.py
[2025-05-02T09:17:35.136+0000] {processor.py:809} INFO - DAG(s) dict_keys(['data_pipeline']) retrieved from /opt/airflow/dags/data-pipeline.py
[2025-05-02T09:17:35.258+0000] {logging_mixin.py:149} INFO - [2025-05-02T09:17:35.257+0000] {dag.py:2726} INFO - Sync 1 DAGs
[2025-05-02T09:17:35.327+0000] {logging_mixin.py:149} INFO - [2025-05-02T09:17:35.327+0000] {dag.py:3490} INFO - Setting next_dagrun for data_pipeline to 2025-05-01T00:00:00+00:00, run_after=2025-06-01T00:00:00+00:00
[2025-05-02T09:17:35.418+0000] {processor.py:178} INFO - Processing /opt/airflow/dags/data-pipeline.py took 1.055 seconds
[2025-05-02T09:18:05.958+0000] {processor.py:156} INFO - Started process (PID=506) to work on /opt/airflow/dags/data-pipeline.py
[2025-05-02T09:18:05.963+0000] {processor.py:799} INFO - Processing file /opt/airflow/dags/data-pipeline.py for tasks to queue
[2025-05-02T09:18:05.969+0000] {logging_mixin.py:149} INFO - [2025-05-02T09:18:05.968+0000] {dagbag.py:541} INFO - Filling up the DagBag from /opt/airflow/dags/data-pipeline.py
[2025-05-02T09:18:07.472+0000] {processor.py:809} INFO - DAG(s) dict_keys(['data_pipeline']) retrieved from /opt/airflow/dags/data-pipeline.py
[2025-05-02T09:18:07.688+0000] {logging_mixin.py:149} INFO - [2025-05-02T09:18:07.687+0000] {dag.py:2726} INFO - Sync 1 DAGs
[2025-05-02T09:18:07.877+0000] {logging_mixin.py:149} INFO - [2025-05-02T09:18:07.876+0000] {dag.py:3490} INFO - Setting next_dagrun for data_pipeline to 2025-05-01T00:00:00+00:00, run_after=2025-06-01T00:00:00+00:00
[2025-05-02T09:18:08.025+0000] {processor.py:178} INFO - Processing /opt/airflow/dags/data-pipeline.py took 2.077 seconds
[2025-05-02T09:18:38.495+0000] {processor.py:156} INFO - Started process (PID=566) to work on /opt/airflow/dags/data-pipeline.py
[2025-05-02T09:18:38.512+0000] {processor.py:799} INFO - Processing file /opt/airflow/dags/data-pipeline.py for tasks to queue
[2025-05-02T09:18:38.518+0000] {logging_mixin.py:149} INFO - [2025-05-02T09:18:38.518+0000] {dagbag.py:541} INFO - Filling up the DagBag from /opt/airflow/dags/data-pipeline.py
[2025-05-02T09:18:42.982+0000] {processor.py:809} INFO - DAG(s) dict_keys(['data_pipeline']) retrieved from /opt/airflow/dags/data-pipeline.py
[2025-05-02T09:18:43.578+0000] {logging_mixin.py:149} INFO - [2025-05-02T09:18:43.576+0000] {dag.py:2726} INFO - Sync 1 DAGs
[2025-05-02T09:18:43.852+0000] {logging_mixin.py:149} INFO - [2025-05-02T09:18:43.850+0000] {dag.py:3490} INFO - Setting next_dagrun for data_pipeline to 2025-05-01T00:00:00+00:00, run_after=2025-06-01T00:00:00+00:00
[2025-05-02T09:18:44.013+0000] {processor.py:178} INFO - Processing /opt/airflow/dags/data-pipeline.py took 5.548 seconds
[2025-05-02T09:19:14.596+0000] {processor.py:156} INFO - Started process (PID=602) to work on /opt/airflow/dags/data-pipeline.py
[2025-05-02T09:19:14.598+0000] {processor.py:799} INFO - Processing file /opt/airflow/dags/data-pipeline.py for tasks to queue
[2025-05-02T09:19:14.599+0000] {logging_mixin.py:149} INFO - [2025-05-02T09:19:14.599+0000] {dagbag.py:541} INFO - Filling up the DagBag from /opt/airflow/dags/data-pipeline.py
[2025-05-02T09:19:15.845+0000] {processor.py:809} INFO - DAG(s) dict_keys(['data_pipeline']) retrieved from /opt/airflow/dags/data-pipeline.py
[2025-05-02T09:19:15.999+0000] {logging_mixin.py:149} INFO - [2025-05-02T09:19:15.998+0000] {dag.py:2726} INFO - Sync 1 DAGs
[2025-05-02T09:19:16.082+0000] {logging_mixin.py:149} INFO - [2025-05-02T09:19:16.082+0000] {dag.py:3490} INFO - Setting next_dagrun for data_pipeline to 2025-05-01T00:00:00+00:00, run_after=2025-06-01T00:00:00+00:00
[2025-05-02T09:19:16.157+0000] {processor.py:178} INFO - Processing /opt/airflow/dags/data-pipeline.py took 1.567 seconds
[2025-05-02T09:19:46.416+0000] {processor.py:156} INFO - Started process (PID=636) to work on /opt/airflow/dags/data-pipeline.py
[2025-05-02T09:19:46.417+0000] {processor.py:799} INFO - Processing file /opt/airflow/dags/data-pipeline.py for tasks to queue
[2025-05-02T09:19:46.418+0000] {logging_mixin.py:149} INFO - [2025-05-02T09:19:46.418+0000] {dagbag.py:541} INFO - Filling up the DagBag from /opt/airflow/dags/data-pipeline.py
[2025-05-02T09:19:47.284+0000] {processor.py:809} INFO - DAG(s) dict_keys(['data_pipeline']) retrieved from /opt/airflow/dags/data-pipeline.py
[2025-05-02T09:19:47.369+0000] {logging_mixin.py:149} INFO - [2025-05-02T09:19:47.366+0000] {dag.py:2726} INFO - Sync 1 DAGs
[2025-05-02T09:19:47.477+0000] {logging_mixin.py:149} INFO - [2025-05-02T09:19:47.477+0000] {dag.py:3490} INFO - Setting next_dagrun for data_pipeline to 2025-05-01T00:00:00+00:00, run_after=2025-06-01T00:00:00+00:00
[2025-05-02T09:19:47.541+0000] {processor.py:178} INFO - Processing /opt/airflow/dags/data-pipeline.py took 1.130 seconds
[2025-05-02T09:20:17.934+0000] {processor.py:156} INFO - Started process (PID=670) to work on /opt/airflow/dags/data-pipeline.py
[2025-05-02T09:20:17.936+0000] {processor.py:799} INFO - Processing file /opt/airflow/dags/data-pipeline.py for tasks to queue
[2025-05-02T09:20:17.937+0000] {logging_mixin.py:149} INFO - [2025-05-02T09:20:17.937+0000] {dagbag.py:541} INFO - Filling up the DagBag from /opt/airflow/dags/data-pipeline.py
[2025-05-02T09:20:18.635+0000] {processor.py:809} INFO - DAG(s) dict_keys(['data_pipeline']) retrieved from /opt/airflow/dags/data-pipeline.py
[2025-05-02T09:20:18.697+0000] {logging_mixin.py:149} INFO - [2025-05-02T09:20:18.697+0000] {dag.py:2726} INFO - Sync 1 DAGs
[2025-05-02T09:20:18.833+0000] {logging_mixin.py:149} INFO - [2025-05-02T09:20:18.832+0000] {dag.py:3490} INFO - Setting next_dagrun for data_pipeline to 2025-05-01T00:00:00+00:00, run_after=2025-06-01T00:00:00+00:00
[2025-05-02T09:20:18.903+0000] {processor.py:178} INFO - Processing /opt/airflow/dags/data-pipeline.py took 0.972 seconds
[2025-05-02T09:20:49.225+0000] {processor.py:156} INFO - Started process (PID=704) to work on /opt/airflow/dags/data-pipeline.py
[2025-05-02T09:20:49.226+0000] {processor.py:799} INFO - Processing file /opt/airflow/dags/data-pipeline.py for tasks to queue
[2025-05-02T09:20:49.227+0000] {logging_mixin.py:149} INFO - [2025-05-02T09:20:49.227+0000] {dagbag.py:541} INFO - Filling up the DagBag from /opt/airflow/dags/data-pipeline.py
[2025-05-02T09:20:49.849+0000] {processor.py:809} INFO - DAG(s) dict_keys(['data_pipeline']) retrieved from /opt/airflow/dags/data-pipeline.py
[2025-05-02T09:20:49.894+0000] {logging_mixin.py:149} INFO - [2025-05-02T09:20:49.894+0000] {dag.py:2726} INFO - Sync 1 DAGs
[2025-05-02T09:20:49.942+0000] {logging_mixin.py:149} INFO - [2025-05-02T09:20:49.941+0000] {dag.py:3490} INFO - Setting next_dagrun for data_pipeline to 2025-05-01T00:00:00+00:00, run_after=2025-06-01T00:00:00+00:00
[2025-05-02T09:20:50.071+0000] {processor.py:178} INFO - Processing /opt/airflow/dags/data-pipeline.py took 0.849 seconds
[2025-05-02T09:21:20.418+0000] {processor.py:156} INFO - Started process (PID=738) to work on /opt/airflow/dags/data-pipeline.py
[2025-05-02T09:21:20.419+0000] {processor.py:799} INFO - Processing file /opt/airflow/dags/data-pipeline.py for tasks to queue
[2025-05-02T09:21:20.421+0000] {logging_mixin.py:149} INFO - [2025-05-02T09:21:20.421+0000] {dagbag.py:541} INFO - Filling up the DagBag from /opt/airflow/dags/data-pipeline.py
[2025-05-02T09:21:21.122+0000] {processor.py:809} INFO - DAG(s) dict_keys(['data_pipeline']) retrieved from /opt/airflow/dags/data-pipeline.py
[2025-05-02T09:21:21.178+0000] {logging_mixin.py:149} INFO - [2025-05-02T09:21:21.177+0000] {dag.py:2726} INFO - Sync 1 DAGs
[2025-05-02T09:21:21.230+0000] {logging_mixin.py:149} INFO - [2025-05-02T09:21:21.230+0000] {dag.py:3490} INFO - Setting next_dagrun for data_pipeline to 2025-05-01T00:00:00+00:00, run_after=2025-06-01T00:00:00+00:00
[2025-05-02T09:21:21.289+0000] {processor.py:178} INFO - Processing /opt/airflow/dags/data-pipeline.py took 0.874 seconds
[2025-05-02T09:21:51.674+0000] {processor.py:156} INFO - Started process (PID=772) to work on /opt/airflow/dags/data-pipeline.py
[2025-05-02T09:21:51.677+0000] {processor.py:799} INFO - Processing file /opt/airflow/dags/data-pipeline.py for tasks to queue
[2025-05-02T09:21:51.679+0000] {logging_mixin.py:149} INFO - [2025-05-02T09:21:51.679+0000] {dagbag.py:541} INFO - Filling up the DagBag from /opt/airflow/dags/data-pipeline.py
[2025-05-02T09:21:52.318+0000] {processor.py:809} INFO - DAG(s) dict_keys(['data_pipeline']) retrieved from /opt/airflow/dags/data-pipeline.py
[2025-05-02T09:21:52.361+0000] {logging_mixin.py:149} INFO - [2025-05-02T09:21:52.360+0000] {dag.py:2726} INFO - Sync 1 DAGs
[2025-05-02T09:21:52.399+0000] {logging_mixin.py:149} INFO - [2025-05-02T09:21:52.399+0000] {dag.py:3490} INFO - Setting next_dagrun for data_pipeline to 2025-05-01T00:00:00+00:00, run_after=2025-06-01T00:00:00+00:00
[2025-05-02T09:21:52.442+0000] {processor.py:178} INFO - Processing /opt/airflow/dags/data-pipeline.py took 0.778 seconds
[2025-05-02T09:22:22.786+0000] {processor.py:156} INFO - Started process (PID=806) to work on /opt/airflow/dags/data-pipeline.py
[2025-05-02T09:22:22.787+0000] {processor.py:799} INFO - Processing file /opt/airflow/dags/data-pipeline.py for tasks to queue
[2025-05-02T09:22:22.789+0000] {logging_mixin.py:149} INFO - [2025-05-02T09:22:22.788+0000] {dagbag.py:541} INFO - Filling up the DagBag from /opt/airflow/dags/data-pipeline.py
[2025-05-02T09:22:23.640+0000] {processor.py:809} INFO - DAG(s) dict_keys(['data_pipeline']) retrieved from /opt/airflow/dags/data-pipeline.py
[2025-05-02T09:22:23.694+0000] {logging_mixin.py:149} INFO - [2025-05-02T09:22:23.694+0000] {dag.py:2726} INFO - Sync 1 DAGs
[2025-05-02T09:22:23.735+0000] {logging_mixin.py:149} INFO - [2025-05-02T09:22:23.734+0000] {dag.py:3490} INFO - Setting next_dagrun for data_pipeline to 2025-05-01T00:00:00+00:00, run_after=2025-06-01T00:00:00+00:00
[2025-05-02T09:22:23.783+0000] {processor.py:178} INFO - Processing /opt/airflow/dags/data-pipeline.py took 1.004 seconds
[2025-05-02T09:22:54.216+0000] {processor.py:156} INFO - Started process (PID=840) to work on /opt/airflow/dags/data-pipeline.py
[2025-05-02T09:22:54.218+0000] {processor.py:799} INFO - Processing file /opt/airflow/dags/data-pipeline.py for tasks to queue
[2025-05-02T09:22:54.220+0000] {logging_mixin.py:149} INFO - [2025-05-02T09:22:54.220+0000] {dagbag.py:541} INFO - Filling up the DagBag from /opt/airflow/dags/data-pipeline.py
[2025-05-02T09:22:54.869+0000] {processor.py:809} INFO - DAG(s) dict_keys(['data_pipeline']) retrieved from /opt/airflow/dags/data-pipeline.py
[2025-05-02T09:22:54.916+0000] {logging_mixin.py:149} INFO - [2025-05-02T09:22:54.915+0000] {dag.py:2726} INFO - Sync 1 DAGs
[2025-05-02T09:22:54.956+0000] {logging_mixin.py:149} INFO - [2025-05-02T09:22:54.956+0000] {dag.py:3490} INFO - Setting next_dagrun for data_pipeline to 2025-05-01T00:00:00+00:00, run_after=2025-06-01T00:00:00+00:00
[2025-05-02T09:22:56.099+0000] {processor.py:178} INFO - Processing /opt/airflow/dags/data-pipeline.py took 1.886 seconds
[2025-05-02T09:23:26.422+0000] {processor.py:156} INFO - Started process (PID=888) to work on /opt/airflow/dags/data-pipeline.py
[2025-05-02T09:23:26.424+0000] {processor.py:799} INFO - Processing file /opt/airflow/dags/data-pipeline.py for tasks to queue
[2025-05-02T09:23:26.426+0000] {logging_mixin.py:149} INFO - [2025-05-02T09:23:26.426+0000] {dagbag.py:541} INFO - Filling up the DagBag from /opt/airflow/dags/data-pipeline.py
[2025-05-02T09:23:26.890+0000] {processor.py:809} INFO - DAG(s) dict_keys(['data_pipeline']) retrieved from /opt/airflow/dags/data-pipeline.py
[2025-05-02T09:23:26.929+0000] {logging_mixin.py:149} INFO - [2025-05-02T09:23:26.929+0000] {dag.py:2726} INFO - Sync 1 DAGs
[2025-05-02T09:23:26.962+0000] {logging_mixin.py:149} INFO - [2025-05-02T09:23:26.962+0000] {dag.py:3490} INFO - Setting next_dagrun for data_pipeline to 2025-05-01T00:00:00+00:00, run_after=2025-06-01T00:00:00+00:00
[2025-05-02T09:23:27.008+0000] {processor.py:178} INFO - Processing /opt/airflow/dags/data-pipeline.py took 0.589 seconds
[2025-05-02T09:23:57.098+0000] {processor.py:156} INFO - Started process (PID=922) to work on /opt/airflow/dags/data-pipeline.py
[2025-05-02T09:23:57.100+0000] {processor.py:799} INFO - Processing file /opt/airflow/dags/data-pipeline.py for tasks to queue
[2025-05-02T09:23:57.102+0000] {logging_mixin.py:149} INFO - [2025-05-02T09:23:57.102+0000] {dagbag.py:541} INFO - Filling up the DagBag from /opt/airflow/dags/data-pipeline.py
[2025-05-02T09:23:57.676+0000] {processor.py:809} INFO - DAG(s) dict_keys(['data_pipeline']) retrieved from /opt/airflow/dags/data-pipeline.py
[2025-05-02T09:23:57.721+0000] {logging_mixin.py:149} INFO - [2025-05-02T09:23:57.718+0000] {dag.py:2726} INFO - Sync 1 DAGs
[2025-05-02T09:23:57.759+0000] {logging_mixin.py:149} INFO - [2025-05-02T09:23:57.759+0000] {dag.py:3490} INFO - Setting next_dagrun for data_pipeline to 2025-05-01T00:00:00+00:00, run_after=2025-06-01T00:00:00+00:00
[2025-05-02T09:23:57.806+0000] {processor.py:178} INFO - Processing /opt/airflow/dags/data-pipeline.py took 0.712 seconds
[2025-05-02T09:24:28.645+0000] {processor.py:156} INFO - Started process (PID=956) to work on /opt/airflow/dags/data-pipeline.py
[2025-05-02T09:24:28.647+0000] {processor.py:799} INFO - Processing file /opt/airflow/dags/data-pipeline.py for tasks to queue
[2025-05-02T09:24:28.649+0000] {logging_mixin.py:149} INFO - [2025-05-02T09:24:28.649+0000] {dagbag.py:541} INFO - Filling up the DagBag from /opt/airflow/dags/data-pipeline.py
[2025-05-02T09:24:29.170+0000] {processor.py:809} INFO - DAG(s) dict_keys(['data_pipeline']) retrieved from /opt/airflow/dags/data-pipeline.py
[2025-05-02T09:24:29.211+0000] {logging_mixin.py:149} INFO - [2025-05-02T09:24:29.210+0000] {dag.py:2726} INFO - Sync 1 DAGs
[2025-05-02T09:24:29.251+0000] {logging_mixin.py:149} INFO - [2025-05-02T09:24:29.250+0000] {dag.py:3490} INFO - Setting next_dagrun for data_pipeline to 2025-05-01T00:00:00+00:00, run_after=2025-06-01T00:00:00+00:00
[2025-05-02T09:24:29.293+0000] {processor.py:178} INFO - Processing /opt/airflow/dags/data-pipeline.py took 0.651 seconds
[2025-05-02T09:24:59.864+0000] {processor.py:156} INFO - Started process (PID=988) to work on /opt/airflow/dags/data-pipeline.py
[2025-05-02T09:24:59.872+0000] {processor.py:799} INFO - Processing file /opt/airflow/dags/data-pipeline.py for tasks to queue
[2025-05-02T09:24:59.877+0000] {logging_mixin.py:149} INFO - [2025-05-02T09:24:59.876+0000] {dagbag.py:541} INFO - Filling up the DagBag from /opt/airflow/dags/data-pipeline.py
[2025-05-02T09:25:03.280+0000] {processor.py:809} INFO - DAG(s) dict_keys(['data_pipeline']) retrieved from /opt/airflow/dags/data-pipeline.py
[2025-05-02T09:25:03.585+0000] {logging_mixin.py:149} INFO - [2025-05-02T09:25:03.581+0000] {dag.py:2726} INFO - Sync 1 DAGs
[2025-05-02T09:25:03.821+0000] {logging_mixin.py:149} INFO - [2025-05-02T09:25:03.819+0000] {dag.py:3490} INFO - Setting next_dagrun for data_pipeline to 2025-05-01T00:00:00+00:00, run_after=2025-06-01T00:00:00+00:00
[2025-05-02T09:25:06.411+0000] {processor.py:178} INFO - Processing /opt/airflow/dags/data-pipeline.py took 6.608 seconds
[2025-05-02T09:25:36.873+0000] {processor.py:156} INFO - Started process (PID=1024) to work on /opt/airflow/dags/data-pipeline.py
[2025-05-02T09:25:36.874+0000] {processor.py:799} INFO - Processing file /opt/airflow/dags/data-pipeline.py for tasks to queue
[2025-05-02T09:25:36.876+0000] {logging_mixin.py:149} INFO - [2025-05-02T09:25:36.876+0000] {dagbag.py:541} INFO - Filling up the DagBag from /opt/airflow/dags/data-pipeline.py
[2025-05-02T09:25:37.402+0000] {processor.py:809} INFO - DAG(s) dict_keys(['data_pipeline']) retrieved from /opt/airflow/dags/data-pipeline.py
[2025-05-02T09:25:37.446+0000] {logging_mixin.py:149} INFO - [2025-05-02T09:25:37.445+0000] {dag.py:2726} INFO - Sync 1 DAGs
[2025-05-02T09:25:37.484+0000] {logging_mixin.py:149} INFO - [2025-05-02T09:25:37.483+0000] {dag.py:3490} INFO - Setting next_dagrun for data_pipeline to 2025-05-01T00:00:00+00:00, run_after=2025-06-01T00:00:00+00:00
[2025-05-02T09:25:37.531+0000] {processor.py:178} INFO - Processing /opt/airflow/dags/data-pipeline.py took 0.662 seconds
[2025-05-02T09:26:07.894+0000] {processor.py:156} INFO - Started process (PID=1058) to work on /opt/airflow/dags/data-pipeline.py
[2025-05-02T09:26:07.896+0000] {processor.py:799} INFO - Processing file /opt/airflow/dags/data-pipeline.py for tasks to queue
[2025-05-02T09:26:07.899+0000] {logging_mixin.py:149} INFO - [2025-05-02T09:26:07.899+0000] {dagbag.py:541} INFO - Filling up the DagBag from /opt/airflow/dags/data-pipeline.py
[2025-05-02T09:26:08.479+0000] {processor.py:809} INFO - DAG(s) dict_keys(['data_pipeline']) retrieved from /opt/airflow/dags/data-pipeline.py
[2025-05-02T09:26:08.523+0000] {logging_mixin.py:149} INFO - [2025-05-02T09:26:08.520+0000] {dag.py:2726} INFO - Sync 1 DAGs
[2025-05-02T09:26:08.561+0000] {logging_mixin.py:149} INFO - [2025-05-02T09:26:08.561+0000] {dag.py:3490} INFO - Setting next_dagrun for data_pipeline to 2025-05-01T00:00:00+00:00, run_after=2025-06-01T00:00:00+00:00
[2025-05-02T09:26:08.609+0000] {processor.py:178} INFO - Processing /opt/airflow/dags/data-pipeline.py took 0.719 seconds
[2025-05-02T09:26:38.735+0000] {processor.py:156} INFO - Started process (PID=1092) to work on /opt/airflow/dags/data-pipeline.py
[2025-05-02T09:26:38.738+0000] {processor.py:799} INFO - Processing file /opt/airflow/dags/data-pipeline.py for tasks to queue
[2025-05-02T09:26:38.742+0000] {logging_mixin.py:149} INFO - [2025-05-02T09:26:38.741+0000] {dagbag.py:541} INFO - Filling up the DagBag from /opt/airflow/dags/data-pipeline.py
[2025-05-02T09:26:39.571+0000] {processor.py:809} INFO - DAG(s) dict_keys(['data_pipeline']) retrieved from /opt/airflow/dags/data-pipeline.py
[2025-05-02T09:26:39.624+0000] {logging_mixin.py:149} INFO - [2025-05-02T09:26:39.623+0000] {dag.py:2726} INFO - Sync 1 DAGs
[2025-05-02T09:26:39.673+0000] {logging_mixin.py:149} INFO - [2025-05-02T09:26:39.673+0000] {dag.py:3490} INFO - Setting next_dagrun for data_pipeline to 2025-05-01T00:00:00+00:00, run_after=2025-06-01T00:00:00+00:00
[2025-05-02T09:26:39.733+0000] {processor.py:178} INFO - Processing /opt/airflow/dags/data-pipeline.py took 1.003 seconds
[2025-05-02T09:27:09.856+0000] {processor.py:156} INFO - Started process (PID=1126) to work on /opt/airflow/dags/data-pipeline.py
[2025-05-02T09:27:09.858+0000] {processor.py:799} INFO - Processing file /opt/airflow/dags/data-pipeline.py for tasks to queue
[2025-05-02T09:27:09.859+0000] {logging_mixin.py:149} INFO - [2025-05-02T09:27:09.859+0000] {dagbag.py:541} INFO - Filling up the DagBag from /opt/airflow/dags/data-pipeline.py
[2025-05-02T09:27:10.355+0000] {processor.py:809} INFO - DAG(s) dict_keys(['data_pipeline']) retrieved from /opt/airflow/dags/data-pipeline.py
[2025-05-02T09:27:10.401+0000] {logging_mixin.py:149} INFO - [2025-05-02T09:27:10.400+0000] {dag.py:2726} INFO - Sync 1 DAGs
[2025-05-02T09:27:10.441+0000] {logging_mixin.py:149} INFO - [2025-05-02T09:27:10.441+0000] {dag.py:3490} INFO - Setting next_dagrun for data_pipeline to 2025-05-01T00:00:00+00:00, run_after=2025-06-01T00:00:00+00:00
[2025-05-02T09:27:10.497+0000] {processor.py:178} INFO - Processing /opt/airflow/dags/data-pipeline.py took 0.645 seconds
[2025-05-02T09:27:40.944+0000] {processor.py:156} INFO - Started process (PID=1160) to work on /opt/airflow/dags/data-pipeline.py
[2025-05-02T09:27:40.946+0000] {processor.py:799} INFO - Processing file /opt/airflow/dags/data-pipeline.py for tasks to queue
[2025-05-02T09:27:40.947+0000] {logging_mixin.py:149} INFO - [2025-05-02T09:27:40.947+0000] {dagbag.py:541} INFO - Filling up the DagBag from /opt/airflow/dags/data-pipeline.py
[2025-05-02T09:27:41.487+0000] {processor.py:809} INFO - DAG(s) dict_keys(['data_pipeline']) retrieved from /opt/airflow/dags/data-pipeline.py
[2025-05-02T09:27:41.531+0000] {logging_mixin.py:149} INFO - [2025-05-02T09:27:41.530+0000] {dag.py:2726} INFO - Sync 1 DAGs
[2025-05-02T09:27:41.577+0000] {logging_mixin.py:149} INFO - [2025-05-02T09:27:41.576+0000] {dag.py:3490} INFO - Setting next_dagrun for data_pipeline to 2025-05-01T00:00:00+00:00, run_after=2025-06-01T00:00:00+00:00
[2025-05-02T09:27:41.630+0000] {processor.py:178} INFO - Processing /opt/airflow/dags/data-pipeline.py took 0.689 seconds
[2025-05-02T09:28:11.978+0000] {processor.py:156} INFO - Started process (PID=1194) to work on /opt/airflow/dags/data-pipeline.py
[2025-05-02T09:28:11.981+0000] {processor.py:799} INFO - Processing file /opt/airflow/dags/data-pipeline.py for tasks to queue
[2025-05-02T09:28:11.982+0000] {logging_mixin.py:149} INFO - [2025-05-02T09:28:11.982+0000] {dagbag.py:541} INFO - Filling up the DagBag from /opt/airflow/dags/data-pipeline.py
[2025-05-02T09:28:12.566+0000] {processor.py:809} INFO - DAG(s) dict_keys(['data_pipeline']) retrieved from /opt/airflow/dags/data-pipeline.py
[2025-05-02T09:28:12.617+0000] {logging_mixin.py:149} INFO - [2025-05-02T09:28:12.617+0000] {dag.py:2726} INFO - Sync 1 DAGs
[2025-05-02T09:28:12.662+0000] {logging_mixin.py:149} INFO - [2025-05-02T09:28:12.662+0000] {dag.py:3490} INFO - Setting next_dagrun for data_pipeline to 2025-05-01T00:00:00+00:00, run_after=2025-06-01T00:00:00+00:00
[2025-05-02T09:28:12.711+0000] {processor.py:178} INFO - Processing /opt/airflow/dags/data-pipeline.py took 0.738 seconds
[2025-05-02T09:28:42.799+0000] {processor.py:156} INFO - Started process (PID=1228) to work on /opt/airflow/dags/data-pipeline.py
[2025-05-02T09:28:42.801+0000] {processor.py:799} INFO - Processing file /opt/airflow/dags/data-pipeline.py for tasks to queue
[2025-05-02T09:28:42.802+0000] {logging_mixin.py:149} INFO - [2025-05-02T09:28:42.802+0000] {dagbag.py:541} INFO - Filling up the DagBag from /opt/airflow/dags/data-pipeline.py
[2025-05-02T09:28:43.297+0000] {processor.py:809} INFO - DAG(s) dict_keys(['data_pipeline']) retrieved from /opt/airflow/dags/data-pipeline.py
[2025-05-02T09:28:43.341+0000] {logging_mixin.py:149} INFO - [2025-05-02T09:28:43.340+0000] {dag.py:2726} INFO - Sync 1 DAGs
[2025-05-02T09:28:43.394+0000] {logging_mixin.py:149} INFO - [2025-05-02T09:28:43.393+0000] {dag.py:3490} INFO - Setting next_dagrun for data_pipeline to 2025-05-01T00:00:00+00:00, run_after=2025-06-01T00:00:00+00:00
[2025-05-02T09:28:43.486+0000] {processor.py:178} INFO - Processing /opt/airflow/dags/data-pipeline.py took 0.691 seconds
[2025-05-02T09:29:13.647+0000] {processor.py:156} INFO - Started process (PID=1262) to work on /opt/airflow/dags/data-pipeline.py
[2025-05-02T09:29:13.650+0000] {processor.py:799} INFO - Processing file /opt/airflow/dags/data-pipeline.py for tasks to queue
[2025-05-02T09:29:13.653+0000] {logging_mixin.py:149} INFO - [2025-05-02T09:29:13.652+0000] {dagbag.py:541} INFO - Filling up the DagBag from /opt/airflow/dags/data-pipeline.py
[2025-05-02T09:29:14.522+0000] {processor.py:809} INFO - DAG(s) dict_keys(['data_pipeline']) retrieved from /opt/airflow/dags/data-pipeline.py
[2025-05-02T09:29:14.570+0000] {logging_mixin.py:149} INFO - [2025-05-02T09:29:14.569+0000] {dag.py:2726} INFO - Sync 1 DAGs
[2025-05-02T09:29:14.608+0000] {logging_mixin.py:149} INFO - [2025-05-02T09:29:14.608+0000] {dag.py:3490} INFO - Setting next_dagrun for data_pipeline to 2025-05-01T00:00:00+00:00, run_after=2025-06-01T00:00:00+00:00
[2025-05-02T09:29:14.655+0000] {processor.py:178} INFO - Processing /opt/airflow/dags/data-pipeline.py took 1.017 seconds
[2025-05-02T09:29:44.758+0000] {processor.py:156} INFO - Started process (PID=1296) to work on /opt/airflow/dags/data-pipeline.py
[2025-05-02T09:29:44.759+0000] {processor.py:799} INFO - Processing file /opt/airflow/dags/data-pipeline.py for tasks to queue
[2025-05-02T09:29:44.761+0000] {logging_mixin.py:149} INFO - [2025-05-02T09:29:44.761+0000] {dagbag.py:541} INFO - Filling up the DagBag from /opt/airflow/dags/data-pipeline.py
[2025-05-02T09:29:45.490+0000] {processor.py:809} INFO - DAG(s) dict_keys(['data_pipeline']) retrieved from /opt/airflow/dags/data-pipeline.py
[2025-05-02T09:29:45.536+0000] {logging_mixin.py:149} INFO - [2025-05-02T09:29:45.536+0000] {dag.py:2726} INFO - Sync 1 DAGs
[2025-05-02T09:29:45.576+0000] {logging_mixin.py:149} INFO - [2025-05-02T09:29:45.576+0000] {dag.py:3490} INFO - Setting next_dagrun for data_pipeline to 2025-05-01T00:00:00+00:00, run_after=2025-06-01T00:00:00+00:00
[2025-05-02T09:29:45.623+0000] {processor.py:178} INFO - Processing /opt/airflow/dags/data-pipeline.py took 0.868 seconds
[2025-05-02T09:30:15.856+0000] {processor.py:156} INFO - Started process (PID=1330) to work on /opt/airflow/dags/data-pipeline.py
[2025-05-02T09:30:15.857+0000] {processor.py:799} INFO - Processing file /opt/airflow/dags/data-pipeline.py for tasks to queue
[2025-05-02T09:30:15.859+0000] {logging_mixin.py:149} INFO - [2025-05-02T09:30:15.858+0000] {dagbag.py:541} INFO - Filling up the DagBag from /opt/airflow/dags/data-pipeline.py
[2025-05-02T09:30:16.464+0000] {processor.py:809} INFO - DAG(s) dict_keys(['data_pipeline']) retrieved from /opt/airflow/dags/data-pipeline.py
[2025-05-02T09:30:16.505+0000] {logging_mixin.py:149} INFO - [2025-05-02T09:30:16.503+0000] {dag.py:2726} INFO - Sync 1 DAGs
[2025-05-02T09:30:16.550+0000] {logging_mixin.py:149} INFO - [2025-05-02T09:30:16.550+0000] {dag.py:3490} INFO - Setting next_dagrun for data_pipeline to 2025-05-01T00:00:00+00:00, run_after=2025-06-01T00:00:00+00:00
[2025-05-02T09:30:16.598+0000] {processor.py:178} INFO - Processing /opt/airflow/dags/data-pipeline.py took 0.746 seconds
[2025-05-02T09:30:47.053+0000] {processor.py:156} INFO - Started process (PID=1362) to work on /opt/airflow/dags/data-pipeline.py
[2025-05-02T09:30:47.056+0000] {processor.py:799} INFO - Processing file /opt/airflow/dags/data-pipeline.py for tasks to queue
[2025-05-02T09:30:47.059+0000] {logging_mixin.py:149} INFO - [2025-05-02T09:30:47.058+0000] {dagbag.py:541} INFO - Filling up the DagBag from /opt/airflow/dags/data-pipeline.py
[2025-05-02T09:30:48.066+0000] {processor.py:809} INFO - DAG(s) dict_keys(['data_pipeline']) retrieved from /opt/airflow/dags/data-pipeline.py
[2025-05-02T09:30:48.187+0000] {logging_mixin.py:149} INFO - [2025-05-02T09:30:48.185+0000] {dag.py:2726} INFO - Sync 1 DAGs
[2025-05-02T09:30:48.290+0000] {logging_mixin.py:149} INFO - [2025-05-02T09:30:48.290+0000] {dag.py:3490} INFO - Setting next_dagrun for data_pipeline to 2025-05-01T00:00:00+00:00, run_after=2025-06-01T00:00:00+00:00
[2025-05-02T09:30:48.370+0000] {processor.py:178} INFO - Processing /opt/airflow/dags/data-pipeline.py took 1.332 seconds
[2025-05-02T09:31:09.282+0000] {processor.py:156} INFO - Started process (PID=1398) to work on /opt/airflow/dags/data-pipeline.py
[2025-05-02T09:31:09.283+0000] {processor.py:799} INFO - Processing file /opt/airflow/dags/data-pipeline.py for tasks to queue
[2025-05-02T09:31:09.284+0000] {logging_mixin.py:149} INFO - [2025-05-02T09:31:09.284+0000] {dagbag.py:541} INFO - Filling up the DagBag from /opt/airflow/dags/data-pipeline.py
[2025-05-02T09:31:09.799+0000] {processor.py:809} INFO - DAG(s) dict_keys(['data_pipeline']) retrieved from /opt/airflow/dags/data-pipeline.py
[2025-05-02T09:31:09.838+0000] {logging_mixin.py:149} INFO - [2025-05-02T09:31:09.838+0000] {dag.py:2726} INFO - Sync 1 DAGs
[2025-05-02T09:31:09.878+0000] {logging_mixin.py:149} INFO - [2025-05-02T09:31:09.878+0000] {dag.py:3490} INFO - Setting next_dagrun for data_pipeline to 2025-05-01T00:00:00+00:00, run_after=2025-06-01T00:00:00+00:00
[2025-05-02T09:31:09.944+0000] {processor.py:178} INFO - Processing /opt/airflow/dags/data-pipeline.py took 0.666 seconds
[2025-05-02T09:33:07.762+0000] {processor.py:156} INFO - Started process (PID=162) to work on /opt/airflow/dags/data-pipeline.py
[2025-05-02T09:33:07.766+0000] {processor.py:799} INFO - Processing file /opt/airflow/dags/data-pipeline.py for tasks to queue
[2025-05-02T09:33:07.769+0000] {logging_mixin.py:149} INFO - [2025-05-02T09:33:07.769+0000] {dagbag.py:541} INFO - Filling up the DagBag from /opt/airflow/dags/data-pipeline.py
[2025-05-02T09:33:11.708+0000] {processor.py:809} INFO - DAG(s) dict_keys(['data_pipeline']) retrieved from /opt/airflow/dags/data-pipeline.py
[2025-05-02T09:33:11.875+0000] {logging_mixin.py:149} INFO - [2025-05-02T09:33:11.874+0000] {dag.py:2726} INFO - Sync 1 DAGs
[2025-05-02T09:33:11.946+0000] {logging_mixin.py:149} INFO - [2025-05-02T09:33:11.946+0000] {dag.py:3490} INFO - Setting next_dagrun for data_pipeline to 2025-05-01T00:00:00+00:00, run_after=2025-06-01T00:00:00+00:00
[2025-05-02T09:33:12.008+0000] {processor.py:178} INFO - Processing /opt/airflow/dags/data-pipeline.py took 4.257 seconds
[2025-05-02T09:33:42.363+0000] {processor.py:156} INFO - Started process (PID=197) to work on /opt/airflow/dags/data-pipeline.py
[2025-05-02T09:33:42.367+0000] {processor.py:799} INFO - Processing file /opt/airflow/dags/data-pipeline.py for tasks to queue
[2025-05-02T09:33:42.370+0000] {logging_mixin.py:149} INFO - [2025-05-02T09:33:42.370+0000] {dagbag.py:541} INFO - Filling up the DagBag from /opt/airflow/dags/data-pipeline.py
[2025-05-02T09:33:44.369+0000] {processor.py:809} INFO - DAG(s) dict_keys(['data_pipeline']) retrieved from /opt/airflow/dags/data-pipeline.py
[2025-05-02T09:33:44.443+0000] {logging_mixin.py:149} INFO - [2025-05-02T09:33:44.442+0000] {dag.py:2726} INFO - Sync 1 DAGs
[2025-05-02T09:33:44.491+0000] {logging_mixin.py:149} INFO - [2025-05-02T09:33:44.491+0000] {dag.py:3490} INFO - Setting next_dagrun for data_pipeline to 2025-05-01T00:00:00+00:00, run_after=2025-06-01T00:00:00+00:00
[2025-05-02T09:33:44.542+0000] {processor.py:178} INFO - Processing /opt/airflow/dags/data-pipeline.py took 2.188 seconds
[2025-05-02T09:34:14.877+0000] {processor.py:156} INFO - Started process (PID=231) to work on /opt/airflow/dags/data-pipeline.py
[2025-05-02T09:34:14.878+0000] {processor.py:799} INFO - Processing file /opt/airflow/dags/data-pipeline.py for tasks to queue
[2025-05-02T09:34:14.879+0000] {logging_mixin.py:149} INFO - [2025-05-02T09:34:14.879+0000] {dagbag.py:541} INFO - Filling up the DagBag from /opt/airflow/dags/data-pipeline.py
[2025-05-02T09:34:16.876+0000] {processor.py:809} INFO - DAG(s) dict_keys(['data_pipeline']) retrieved from /opt/airflow/dags/data-pipeline.py
[2025-05-02T09:34:16.984+0000] {logging_mixin.py:149} INFO - [2025-05-02T09:34:16.983+0000] {dag.py:2726} INFO - Sync 1 DAGs
[2025-05-02T09:34:17.068+0000] {logging_mixin.py:149} INFO - [2025-05-02T09:34:17.068+0000] {dag.py:3490} INFO - Setting next_dagrun for data_pipeline to 2025-05-01T00:00:00+00:00, run_after=2025-06-01T00:00:00+00:00
[2025-05-02T09:34:17.127+0000] {processor.py:178} INFO - Processing /opt/airflow/dags/data-pipeline.py took 2.257 seconds
[2025-05-02T09:34:47.448+0000] {processor.py:156} INFO - Started process (PID=265) to work on /opt/airflow/dags/data-pipeline.py
[2025-05-02T09:34:47.449+0000] {processor.py:799} INFO - Processing file /opt/airflow/dags/data-pipeline.py for tasks to queue
[2025-05-02T09:34:47.451+0000] {logging_mixin.py:149} INFO - [2025-05-02T09:34:47.451+0000] {dagbag.py:541} INFO - Filling up the DagBag from /opt/airflow/dags/data-pipeline.py
[2025-05-02T09:34:48.614+0000] {processor.py:809} INFO - DAG(s) dict_keys(['data_pipeline']) retrieved from /opt/airflow/dags/data-pipeline.py
[2025-05-02T09:34:48.653+0000] {logging_mixin.py:149} INFO - [2025-05-02T09:34:48.652+0000] {dag.py:2726} INFO - Sync 1 DAGs
[2025-05-02T09:34:48.749+0000] {logging_mixin.py:149} INFO - [2025-05-02T09:34:48.748+0000] {dag.py:3490} INFO - Setting next_dagrun for data_pipeline to 2025-05-01T00:00:00+00:00, run_after=2025-06-01T00:00:00+00:00
[2025-05-02T09:34:48.807+0000] {processor.py:178} INFO - Processing /opt/airflow/dags/data-pipeline.py took 1.372 seconds
[2025-05-02T09:35:19.088+0000] {processor.py:156} INFO - Started process (PID=299) to work on /opt/airflow/dags/data-pipeline.py
[2025-05-02T09:35:19.089+0000] {processor.py:799} INFO - Processing file /opt/airflow/dags/data-pipeline.py for tasks to queue
[2025-05-02T09:35:19.090+0000] {logging_mixin.py:149} INFO - [2025-05-02T09:35:19.090+0000] {dagbag.py:541} INFO - Filling up the DagBag from /opt/airflow/dags/data-pipeline.py
[2025-05-02T09:35:19.900+0000] {processor.py:809} INFO - DAG(s) dict_keys(['data_pipeline']) retrieved from /opt/airflow/dags/data-pipeline.py
[2025-05-02T09:35:19.933+0000] {logging_mixin.py:149} INFO - [2025-05-02T09:35:19.932+0000] {dag.py:2726} INFO - Sync 1 DAGs
[2025-05-02T09:35:19.966+0000] {logging_mixin.py:149} INFO - [2025-05-02T09:35:19.966+0000] {dag.py:3490} INFO - Setting next_dagrun for data_pipeline to 2025-05-01T00:00:00+00:00, run_after=2025-06-01T00:00:00+00:00
[2025-05-02T09:35:20.012+0000] {processor.py:178} INFO - Processing /opt/airflow/dags/data-pipeline.py took 0.928 seconds
[2025-05-02T09:35:50.342+0000] {processor.py:156} INFO - Started process (PID=333) to work on /opt/airflow/dags/data-pipeline.py
[2025-05-02T09:35:50.344+0000] {processor.py:799} INFO - Processing file /opt/airflow/dags/data-pipeline.py for tasks to queue
[2025-05-02T09:35:50.345+0000] {logging_mixin.py:149} INFO - [2025-05-02T09:35:50.345+0000] {dagbag.py:541} INFO - Filling up the DagBag from /opt/airflow/dags/data-pipeline.py
[2025-05-02T09:35:51.077+0000] {processor.py:809} INFO - DAG(s) dict_keys(['data_pipeline']) retrieved from /opt/airflow/dags/data-pipeline.py
[2025-05-02T09:35:51.114+0000] {logging_mixin.py:149} INFO - [2025-05-02T09:35:51.114+0000] {dag.py:2726} INFO - Sync 1 DAGs
[2025-05-02T09:35:51.152+0000] {logging_mixin.py:149} INFO - [2025-05-02T09:35:51.152+0000] {dag.py:3490} INFO - Setting next_dagrun for data_pipeline to 2025-05-01T00:00:00+00:00, run_after=2025-06-01T00:00:00+00:00
[2025-05-02T09:35:51.196+0000] {processor.py:178} INFO - Processing /opt/airflow/dags/data-pipeline.py took 0.859 seconds
[2025-05-02T09:36:21.556+0000] {processor.py:156} INFO - Started process (PID=367) to work on /opt/airflow/dags/data-pipeline.py
[2025-05-02T09:36:21.558+0000] {processor.py:799} INFO - Processing file /opt/airflow/dags/data-pipeline.py for tasks to queue
[2025-05-02T09:36:21.560+0000] {logging_mixin.py:149} INFO - [2025-05-02T09:36:21.560+0000] {dagbag.py:541} INFO - Filling up the DagBag from /opt/airflow/dags/data-pipeline.py
[2025-05-02T09:36:22.195+0000] {processor.py:809} INFO - DAG(s) dict_keys(['data_pipeline']) retrieved from /opt/airflow/dags/data-pipeline.py
[2025-05-02T09:36:22.235+0000] {logging_mixin.py:149} INFO - [2025-05-02T09:36:22.234+0000] {dag.py:2726} INFO - Sync 1 DAGs
[2025-05-02T09:36:22.277+0000] {logging_mixin.py:149} INFO - [2025-05-02T09:36:22.277+0000] {dag.py:3490} INFO - Setting next_dagrun for data_pipeline to 2025-05-01T00:00:00+00:00, run_after=2025-06-01T00:00:00+00:00
[2025-05-02T09:36:22.330+0000] {processor.py:178} INFO - Processing /opt/airflow/dags/data-pipeline.py took 0.781 seconds
[2025-05-02T09:36:52.665+0000] {processor.py:156} INFO - Started process (PID=401) to work on /opt/airflow/dags/data-pipeline.py
[2025-05-02T09:36:52.667+0000] {processor.py:799} INFO - Processing file /opt/airflow/dags/data-pipeline.py for tasks to queue
[2025-05-02T09:36:52.668+0000] {logging_mixin.py:149} INFO - [2025-05-02T09:36:52.668+0000] {dagbag.py:541} INFO - Filling up the DagBag from /opt/airflow/dags/data-pipeline.py
[2025-05-02T09:36:53.252+0000] {processor.py:809} INFO - DAG(s) dict_keys(['data_pipeline']) retrieved from /opt/airflow/dags/data-pipeline.py
[2025-05-02T09:36:53.293+0000] {logging_mixin.py:149} INFO - [2025-05-02T09:36:53.292+0000] {dag.py:2726} INFO - Sync 1 DAGs
[2025-05-02T09:36:53.328+0000] {logging_mixin.py:149} INFO - [2025-05-02T09:36:53.328+0000] {dag.py:3490} INFO - Setting next_dagrun for data_pipeline to 2025-05-01T00:00:00+00:00, run_after=2025-06-01T00:00:00+00:00
[2025-05-02T09:36:53.374+0000] {processor.py:178} INFO - Processing /opt/airflow/dags/data-pipeline.py took 0.713 seconds
[2025-05-02T09:37:23.744+0000] {processor.py:156} INFO - Started process (PID=435) to work on /opt/airflow/dags/data-pipeline.py
[2025-05-02T09:37:23.748+0000] {processor.py:799} INFO - Processing file /opt/airflow/dags/data-pipeline.py for tasks to queue
[2025-05-02T09:37:23.750+0000] {logging_mixin.py:149} INFO - [2025-05-02T09:37:23.749+0000] {dagbag.py:541} INFO - Filling up the DagBag from /opt/airflow/dags/data-pipeline.py
[2025-05-02T09:37:25.151+0000] {processor.py:809} INFO - DAG(s) dict_keys(['data_pipeline']) retrieved from /opt/airflow/dags/data-pipeline.py
[2025-05-02T09:37:25.745+0000] {logging_mixin.py:149} INFO - [2025-05-02T09:37:25.744+0000] {dag.py:2726} INFO - Sync 1 DAGs
[2025-05-02T09:37:25.788+0000] {logging_mixin.py:149} INFO - [2025-05-02T09:37:25.788+0000] {dag.py:3490} INFO - Setting next_dagrun for data_pipeline to 2025-05-01T00:00:00+00:00, run_after=2025-06-01T00:00:00+00:00
[2025-05-02T09:37:25.843+0000] {processor.py:178} INFO - Processing /opt/airflow/dags/data-pipeline.py took 2.110 seconds
[2025-05-02T09:37:56.187+0000] {processor.py:156} INFO - Started process (PID=483) to work on /opt/airflow/dags/data-pipeline.py
[2025-05-02T09:37:56.193+0000] {processor.py:799} INFO - Processing file /opt/airflow/dags/data-pipeline.py for tasks to queue
[2025-05-02T09:37:56.197+0000] {logging_mixin.py:149} INFO - [2025-05-02T09:37:56.196+0000] {dagbag.py:541} INFO - Filling up the DagBag from /opt/airflow/dags/data-pipeline.py
[2025-05-02T09:37:58.368+0000] {processor.py:809} INFO - DAG(s) dict_keys(['data_pipeline']) retrieved from /opt/airflow/dags/data-pipeline.py
[2025-05-02T09:37:58.534+0000] {logging_mixin.py:149} INFO - [2025-05-02T09:37:58.533+0000] {dag.py:2726} INFO - Sync 1 DAGs
[2025-05-02T09:37:58.631+0000] {logging_mixin.py:149} INFO - [2025-05-02T09:37:58.630+0000] {dag.py:3490} INFO - Setting next_dagrun for data_pipeline to 2025-05-01T00:00:00+00:00, run_after=2025-06-01T00:00:00+00:00
[2025-05-02T09:37:58.705+0000] {processor.py:178} INFO - Processing /opt/airflow/dags/data-pipeline.py took 2.548 seconds
[2025-05-02T09:38:29.191+0000] {processor.py:156} INFO - Started process (PID=517) to work on /opt/airflow/dags/data-pipeline.py
[2025-05-02T09:38:29.195+0000] {processor.py:799} INFO - Processing file /opt/airflow/dags/data-pipeline.py for tasks to queue
[2025-05-02T09:38:29.197+0000] {logging_mixin.py:149} INFO - [2025-05-02T09:38:29.197+0000] {dagbag.py:541} INFO - Filling up the DagBag from /opt/airflow/dags/data-pipeline.py
[2025-05-02T09:38:30.577+0000] {processor.py:809} INFO - DAG(s) dict_keys(['data_pipeline']) retrieved from /opt/airflow/dags/data-pipeline.py
[2025-05-02T09:38:30.673+0000] {logging_mixin.py:149} INFO - [2025-05-02T09:38:30.672+0000] {dag.py:2726} INFO - Sync 1 DAGs
[2025-05-02T09:38:30.764+0000] {logging_mixin.py:149} INFO - [2025-05-02T09:38:30.764+0000] {dag.py:3490} INFO - Setting next_dagrun for data_pipeline to 2025-05-01T00:00:00+00:00, run_after=2025-06-01T00:00:00+00:00
[2025-05-02T09:38:30.839+0000] {processor.py:178} INFO - Processing /opt/airflow/dags/data-pipeline.py took 1.657 seconds
[2025-05-02T09:39:01.186+0000] {processor.py:156} INFO - Started process (PID=551) to work on /opt/airflow/dags/data-pipeline.py
[2025-05-02T09:39:01.188+0000] {processor.py:799} INFO - Processing file /opt/airflow/dags/data-pipeline.py for tasks to queue
[2025-05-02T09:39:01.189+0000] {logging_mixin.py:149} INFO - [2025-05-02T09:39:01.189+0000] {dagbag.py:541} INFO - Filling up the DagBag from /opt/airflow/dags/data-pipeline.py
[2025-05-02T09:39:02.090+0000] {processor.py:809} INFO - DAG(s) dict_keys(['data_pipeline']) retrieved from /opt/airflow/dags/data-pipeline.py
[2025-05-02T09:39:02.156+0000] {logging_mixin.py:149} INFO - [2025-05-02T09:39:02.155+0000] {dag.py:2726} INFO - Sync 1 DAGs
[2025-05-02T09:39:02.213+0000] {logging_mixin.py:149} INFO - [2025-05-02T09:39:02.213+0000] {dag.py:3490} INFO - Setting next_dagrun for data_pipeline to 2025-05-01T00:00:00+00:00, run_after=2025-06-01T00:00:00+00:00
[2025-05-02T09:39:02.274+0000] {processor.py:178} INFO - Processing /opt/airflow/dags/data-pipeline.py took 1.093 seconds
[2025-05-02T09:39:32.592+0000] {processor.py:156} INFO - Started process (PID=585) to work on /opt/airflow/dags/data-pipeline.py
[2025-05-02T09:39:32.597+0000] {processor.py:799} INFO - Processing file /opt/airflow/dags/data-pipeline.py for tasks to queue
[2025-05-02T09:39:32.600+0000] {logging_mixin.py:149} INFO - [2025-05-02T09:39:32.599+0000] {dagbag.py:541} INFO - Filling up the DagBag from /opt/airflow/dags/data-pipeline.py
[2025-05-02T09:39:33.667+0000] {processor.py:809} INFO - DAG(s) dict_keys(['data_pipeline']) retrieved from /opt/airflow/dags/data-pipeline.py
[2025-05-02T09:39:33.804+0000] {logging_mixin.py:149} INFO - [2025-05-02T09:39:33.801+0000] {dag.py:2726} INFO - Sync 1 DAGs
[2025-05-02T09:39:34.063+0000] {logging_mixin.py:149} INFO - [2025-05-02T09:39:34.062+0000] {dag.py:3490} INFO - Setting next_dagrun for data_pipeline to 2025-05-01T00:00:00+00:00, run_after=2025-06-01T00:00:00+00:00
[2025-05-02T09:39:34.262+0000] {processor.py:178} INFO - Processing /opt/airflow/dags/data-pipeline.py took 1.677 seconds
[2025-05-02T09:40:04.672+0000] {processor.py:156} INFO - Started process (PID=619) to work on /opt/airflow/dags/data-pipeline.py
[2025-05-02T09:40:04.674+0000] {processor.py:799} INFO - Processing file /opt/airflow/dags/data-pipeline.py for tasks to queue
[2025-05-02T09:40:04.676+0000] {logging_mixin.py:149} INFO - [2025-05-02T09:40:04.676+0000] {dagbag.py:541} INFO - Filling up the DagBag from /opt/airflow/dags/data-pipeline.py
[2025-05-02T09:40:05.463+0000] {processor.py:809} INFO - DAG(s) dict_keys(['data_pipeline']) retrieved from /opt/airflow/dags/data-pipeline.py
[2025-05-02T09:40:05.542+0000] {logging_mixin.py:149} INFO - [2025-05-02T09:40:05.540+0000] {dag.py:2726} INFO - Sync 1 DAGs
[2025-05-02T09:40:05.636+0000] {logging_mixin.py:149} INFO - [2025-05-02T09:40:05.635+0000] {dag.py:3490} INFO - Setting next_dagrun for data_pipeline to 2025-05-01T00:00:00+00:00, run_after=2025-06-01T00:00:00+00:00
[2025-05-02T09:40:05.743+0000] {processor.py:178} INFO - Processing /opt/airflow/dags/data-pipeline.py took 1.082 seconds
[2025-05-02T09:40:36.101+0000] {processor.py:156} INFO - Started process (PID=653) to work on /opt/airflow/dags/data-pipeline.py
[2025-05-02T09:40:36.103+0000] {processor.py:799} INFO - Processing file /opt/airflow/dags/data-pipeline.py for tasks to queue
[2025-05-02T09:40:36.104+0000] {logging_mixin.py:149} INFO - [2025-05-02T09:40:36.104+0000] {dagbag.py:541} INFO - Filling up the DagBag from /opt/airflow/dags/data-pipeline.py
[2025-05-02T09:40:36.740+0000] {processor.py:809} INFO - DAG(s) dict_keys(['data_pipeline']) retrieved from /opt/airflow/dags/data-pipeline.py
[2025-05-02T09:40:36.782+0000] {logging_mixin.py:149} INFO - [2025-05-02T09:40:36.781+0000] {dag.py:2726} INFO - Sync 1 DAGs
[2025-05-02T09:40:36.829+0000] {logging_mixin.py:149} INFO - [2025-05-02T09:40:36.829+0000] {dag.py:3490} INFO - Setting next_dagrun for data_pipeline to 2025-05-01T00:00:00+00:00, run_after=2025-06-01T00:00:00+00:00
[2025-05-02T09:40:36.875+0000] {processor.py:178} INFO - Processing /opt/airflow/dags/data-pipeline.py took 0.778 seconds
[2025-05-02T09:41:07.177+0000] {processor.py:156} INFO - Started process (PID=687) to work on /opt/airflow/dags/data-pipeline.py
[2025-05-02T09:41:07.178+0000] {processor.py:799} INFO - Processing file /opt/airflow/dags/data-pipeline.py for tasks to queue
[2025-05-02T09:41:07.180+0000] {logging_mixin.py:149} INFO - [2025-05-02T09:41:07.180+0000] {dagbag.py:541} INFO - Filling up the DagBag from /opt/airflow/dags/data-pipeline.py
[2025-05-02T09:41:07.766+0000] {processor.py:809} INFO - DAG(s) dict_keys(['data_pipeline']) retrieved from /opt/airflow/dags/data-pipeline.py
[2025-05-02T09:41:07.808+0000] {logging_mixin.py:149} INFO - [2025-05-02T09:41:07.808+0000] {dag.py:2726} INFO - Sync 1 DAGs
[2025-05-02T09:41:07.855+0000] {logging_mixin.py:149} INFO - [2025-05-02T09:41:07.855+0000] {dag.py:3490} INFO - Setting next_dagrun for data_pipeline to 2025-05-01T00:00:00+00:00, run_after=2025-06-01T00:00:00+00:00
[2025-05-02T09:41:07.907+0000] {processor.py:178} INFO - Processing /opt/airflow/dags/data-pipeline.py took 0.734 seconds
[2025-05-02T09:41:38.268+0000] {processor.py:156} INFO - Started process (PID=721) to work on /opt/airflow/dags/data-pipeline.py
[2025-05-02T09:41:38.273+0000] {processor.py:799} INFO - Processing file /opt/airflow/dags/data-pipeline.py for tasks to queue
[2025-05-02T09:41:38.276+0000] {logging_mixin.py:149} INFO - [2025-05-02T09:41:38.275+0000] {dagbag.py:541} INFO - Filling up the DagBag from /opt/airflow/dags/data-pipeline.py
[2025-05-02T09:41:39.025+0000] {processor.py:809} INFO - DAG(s) dict_keys(['data_pipeline']) retrieved from /opt/airflow/dags/data-pipeline.py
[2025-05-02T09:41:39.076+0000] {logging_mixin.py:149} INFO - [2025-05-02T09:41:39.075+0000] {dag.py:2726} INFO - Sync 1 DAGs
[2025-05-02T09:41:39.139+0000] {logging_mixin.py:149} INFO - [2025-05-02T09:41:39.138+0000] {dag.py:3490} INFO - Setting next_dagrun for data_pipeline to 2025-05-01T00:00:00+00:00, run_after=2025-06-01T00:00:00+00:00
[2025-05-02T09:41:39.252+0000] {processor.py:178} INFO - Processing /opt/airflow/dags/data-pipeline.py took 0.990 seconds
[2025-05-02T09:42:09.702+0000] {processor.py:156} INFO - Started process (PID=772) to work on /opt/airflow/dags/data-pipeline.py
[2025-05-02T09:42:09.704+0000] {processor.py:799} INFO - Processing file /opt/airflow/dags/data-pipeline.py for tasks to queue
[2025-05-02T09:42:09.705+0000] {logging_mixin.py:149} INFO - [2025-05-02T09:42:09.705+0000] {dagbag.py:541} INFO - Filling up the DagBag from /opt/airflow/dags/data-pipeline.py
[2025-05-02T09:42:10.215+0000] {processor.py:809} INFO - DAG(s) dict_keys(['data_pipeline']) retrieved from /opt/airflow/dags/data-pipeline.py
[2025-05-02T09:42:10.262+0000] {logging_mixin.py:149} INFO - [2025-05-02T09:42:10.261+0000] {dag.py:2726} INFO - Sync 1 DAGs
[2025-05-02T09:42:10.302+0000] {logging_mixin.py:149} INFO - [2025-05-02T09:42:10.302+0000] {dag.py:3490} INFO - Setting next_dagrun for data_pipeline to 2025-05-01T00:00:00+00:00, run_after=2025-06-01T00:00:00+00:00
[2025-05-02T09:42:10.354+0000] {processor.py:178} INFO - Processing /opt/airflow/dags/data-pipeline.py took 0.655 seconds
[2025-05-02T09:42:40.700+0000] {processor.py:156} INFO - Started process (PID=806) to work on /opt/airflow/dags/data-pipeline.py
[2025-05-02T09:42:40.703+0000] {processor.py:799} INFO - Processing file /opt/airflow/dags/data-pipeline.py for tasks to queue
[2025-05-02T09:42:40.704+0000] {logging_mixin.py:149} INFO - [2025-05-02T09:42:40.704+0000] {dagbag.py:541} INFO - Filling up the DagBag from /opt/airflow/dags/data-pipeline.py
[2025-05-02T09:42:41.197+0000] {processor.py:809} INFO - DAG(s) dict_keys(['data_pipeline']) retrieved from /opt/airflow/dags/data-pipeline.py
[2025-05-02T09:42:41.236+0000] {logging_mixin.py:149} INFO - [2025-05-02T09:42:41.235+0000] {dag.py:2726} INFO - Sync 1 DAGs
[2025-05-02T09:42:41.276+0000] {logging_mixin.py:149} INFO - [2025-05-02T09:42:41.276+0000] {dag.py:3490} INFO - Setting next_dagrun for data_pipeline to 2025-05-01T00:00:00+00:00, run_after=2025-06-01T00:00:00+00:00
[2025-05-02T09:42:41.323+0000] {processor.py:178} INFO - Processing /opt/airflow/dags/data-pipeline.py took 0.626 seconds
[2025-05-02T09:43:11.765+0000] {processor.py:156} INFO - Started process (PID=840) to work on /opt/airflow/dags/data-pipeline.py
[2025-05-02T09:43:11.767+0000] {processor.py:799} INFO - Processing file /opt/airflow/dags/data-pipeline.py for tasks to queue
[2025-05-02T09:43:11.769+0000] {logging_mixin.py:149} INFO - [2025-05-02T09:43:11.769+0000] {dagbag.py:541} INFO - Filling up the DagBag from /opt/airflow/dags/data-pipeline.py
[2025-05-02T09:43:12.432+0000] {processor.py:809} INFO - DAG(s) dict_keys(['data_pipeline']) retrieved from /opt/airflow/dags/data-pipeline.py
[2025-05-02T09:43:12.479+0000] {logging_mixin.py:149} INFO - [2025-05-02T09:43:12.478+0000] {dag.py:2726} INFO - Sync 1 DAGs
[2025-05-02T09:43:12.516+0000] {logging_mixin.py:149} INFO - [2025-05-02T09:43:12.515+0000] {dag.py:3490} INFO - Setting next_dagrun for data_pipeline to 2025-05-01T00:00:00+00:00, run_after=2025-06-01T00:00:00+00:00
[2025-05-02T09:43:12.563+0000] {processor.py:178} INFO - Processing /opt/airflow/dags/data-pipeline.py took 0.802 seconds
[2025-05-02T09:43:16.948+0000] {processor.py:156} INFO - Started process (PID=857) to work on /opt/airflow/dags/data-pipeline.py
[2025-05-02T09:43:16.950+0000] {processor.py:799} INFO - Processing file /opt/airflow/dags/data-pipeline.py for tasks to queue
[2025-05-02T09:43:16.951+0000] {logging_mixin.py:149} INFO - [2025-05-02T09:43:16.951+0000] {dagbag.py:541} INFO - Filling up the DagBag from /opt/airflow/dags/data-pipeline.py
[2025-05-02T09:43:17.471+0000] {processor.py:809} INFO - DAG(s) dict_keys(['data_pipeline']) retrieved from /opt/airflow/dags/data-pipeline.py
[2025-05-02T09:43:17.523+0000] {logging_mixin.py:149} INFO - [2025-05-02T09:43:17.522+0000] {dag.py:2726} INFO - Sync 1 DAGs
[2025-05-02T09:43:17.576+0000] {logging_mixin.py:149} INFO - [2025-05-02T09:43:17.576+0000] {dag.py:3490} INFO - Setting next_dagrun for data_pipeline to 2025-05-01T00:00:00+00:00, run_after=2025-06-01T00:00:00+00:00
[2025-05-02T09:43:17.645+0000] {processor.py:178} INFO - Processing /opt/airflow/dags/data-pipeline.py took 0.700 seconds
[2025-05-02T09:43:47.717+0000] {processor.py:156} INFO - Started process (PID=891) to work on /opt/airflow/dags/data-pipeline.py
[2025-05-02T09:43:47.718+0000] {processor.py:799} INFO - Processing file /opt/airflow/dags/data-pipeline.py for tasks to queue
[2025-05-02T09:43:47.720+0000] {logging_mixin.py:149} INFO - [2025-05-02T09:43:47.719+0000] {dagbag.py:541} INFO - Filling up the DagBag from /opt/airflow/dags/data-pipeline.py
[2025-05-02T09:43:48.218+0000] {processor.py:809} INFO - DAG(s) dict_keys(['data_pipeline']) retrieved from /opt/airflow/dags/data-pipeline.py
[2025-05-02T09:43:48.272+0000] {logging_mixin.py:149} INFO - [2025-05-02T09:43:48.271+0000] {dag.py:2726} INFO - Sync 1 DAGs
[2025-05-02T09:43:48.325+0000] {logging_mixin.py:149} INFO - [2025-05-02T09:43:48.325+0000] {dag.py:3490} INFO - Setting next_dagrun for data_pipeline to 2025-05-01T00:00:00+00:00, run_after=2025-06-01T00:00:00+00:00
[2025-05-02T09:43:48.383+0000] {processor.py:178} INFO - Processing /opt/airflow/dags/data-pipeline.py took 0.671 seconds
[2025-05-02T09:44:18.734+0000] {processor.py:156} INFO - Started process (PID=925) to work on /opt/airflow/dags/data-pipeline.py
[2025-05-02T09:44:18.736+0000] {processor.py:799} INFO - Processing file /opt/airflow/dags/data-pipeline.py for tasks to queue
[2025-05-02T09:44:18.738+0000] {logging_mixin.py:149} INFO - [2025-05-02T09:44:18.738+0000] {dagbag.py:541} INFO - Filling up the DagBag from /opt/airflow/dags/data-pipeline.py
[2025-05-02T09:44:19.936+0000] {processor.py:809} INFO - DAG(s) dict_keys(['data_pipeline']) retrieved from /opt/airflow/dags/data-pipeline.py
[2025-05-02T09:44:20.063+0000] {logging_mixin.py:149} INFO - [2025-05-02T09:44:20.061+0000] {dag.py:2726} INFO - Sync 1 DAGs
[2025-05-02T09:44:20.179+0000] {logging_mixin.py:149} INFO - [2025-05-02T09:44:20.178+0000] {dag.py:3490} INFO - Setting next_dagrun for data_pipeline to 2025-05-01T00:00:00+00:00, run_after=2025-06-01T00:00:00+00:00
[2025-05-02T09:44:20.331+0000] {processor.py:178} INFO - Processing /opt/airflow/dags/data-pipeline.py took 1.602 seconds
[2025-05-02T09:44:50.986+0000] {processor.py:156} INFO - Started process (PID=959) to work on /opt/airflow/dags/data-pipeline.py
[2025-05-02T09:44:50.991+0000] {processor.py:799} INFO - Processing file /opt/airflow/dags/data-pipeline.py for tasks to queue
[2025-05-02T09:44:50.993+0000] {logging_mixin.py:149} INFO - [2025-05-02T09:44:50.993+0000] {dagbag.py:541} INFO - Filling up the DagBag from /opt/airflow/dags/data-pipeline.py
[2025-05-02T09:44:51.569+0000] {processor.py:809} INFO - DAG(s) dict_keys(['data_pipeline']) retrieved from /opt/airflow/dags/data-pipeline.py
[2025-05-02T09:44:51.616+0000] {logging_mixin.py:149} INFO - [2025-05-02T09:44:51.614+0000] {dag.py:2726} INFO - Sync 1 DAGs
[2025-05-02T09:44:51.655+0000] {logging_mixin.py:149} INFO - [2025-05-02T09:44:51.655+0000] {dag.py:3490} INFO - Setting next_dagrun for data_pipeline to 2025-05-01T00:00:00+00:00, run_after=2025-06-01T00:00:00+00:00
[2025-05-02T09:44:51.703+0000] {processor.py:178} INFO - Processing /opt/airflow/dags/data-pipeline.py took 0.734 seconds
[2025-05-02T09:45:16.047+0000] {processor.py:156} INFO - Started process (PID=993) to work on /opt/airflow/dags/data-pipeline.py
[2025-05-02T09:45:16.049+0000] {processor.py:799} INFO - Processing file /opt/airflow/dags/data-pipeline.py for tasks to queue
[2025-05-02T09:45:16.050+0000] {logging_mixin.py:149} INFO - [2025-05-02T09:45:16.050+0000] {dagbag.py:541} INFO - Filling up the DagBag from /opt/airflow/dags/data-pipeline.py
[2025-05-02T09:45:16.606+0000] {processor.py:809} INFO - DAG(s) dict_keys(['data_pipeline']) retrieved from /opt/airflow/dags/data-pipeline.py
[2025-05-02T09:45:16.645+0000] {logging_mixin.py:149} INFO - [2025-05-02T09:45:16.644+0000] {dag.py:2726} INFO - Sync 1 DAGs
[2025-05-02T09:45:16.679+0000] {logging_mixin.py:149} INFO - [2025-05-02T09:45:16.679+0000] {dag.py:3490} INFO - Setting next_dagrun for data_pipeline to 2025-05-01T00:00:00+00:00, run_after=2025-06-01T00:00:00+00:00
[2025-05-02T09:45:16.735+0000] {processor.py:178} INFO - Processing /opt/airflow/dags/data-pipeline.py took 0.691 seconds
[2025-05-02T09:46:53.716+0000] {processor.py:156} INFO - Started process (PID=162) to work on /opt/airflow/dags/data-pipeline.py
[2025-05-02T09:46:53.719+0000] {processor.py:799} INFO - Processing file /opt/airflow/dags/data-pipeline.py for tasks to queue
[2025-05-02T09:46:53.721+0000] {logging_mixin.py:149} INFO - [2025-05-02T09:46:53.720+0000] {dagbag.py:541} INFO - Filling up the DagBag from /opt/airflow/dags/data-pipeline.py
[2025-05-02T09:46:58.060+0000] {processor.py:809} INFO - DAG(s) dict_keys(['data_pipeline']) retrieved from /opt/airflow/dags/data-pipeline.py
[2025-05-02T09:46:58.306+0000] {logging_mixin.py:149} INFO - [2025-05-02T09:46:58.304+0000] {dag.py:2726} INFO - Sync 1 DAGs
[2025-05-02T09:46:58.382+0000] {logging_mixin.py:149} INFO - [2025-05-02T09:46:58.381+0000] {dag.py:3490} INFO - Setting next_dagrun for data_pipeline to 2025-05-01T00:00:00+00:00, run_after=2025-06-01T00:00:00+00:00
[2025-05-02T09:46:58.455+0000] {processor.py:178} INFO - Processing /opt/airflow/dags/data-pipeline.py took 4.748 seconds
[2025-05-02T09:47:28.886+0000] {processor.py:156} INFO - Started process (PID=197) to work on /opt/airflow/dags/data-pipeline.py
[2025-05-02T09:47:28.889+0000] {processor.py:799} INFO - Processing file /opt/airflow/dags/data-pipeline.py for tasks to queue
[2025-05-02T09:47:28.896+0000] {logging_mixin.py:149} INFO - [2025-05-02T09:47:28.895+0000] {dagbag.py:541} INFO - Filling up the DagBag from /opt/airflow/dags/data-pipeline.py
[2025-05-02T09:47:33.367+0000] {processor.py:809} INFO - DAG(s) dict_keys(['data_pipeline']) retrieved from /opt/airflow/dags/data-pipeline.py
[2025-05-02T09:47:33.594+0000] {logging_mixin.py:149} INFO - [2025-05-02T09:47:33.591+0000] {dag.py:2726} INFO - Sync 1 DAGs
[2025-05-02T09:47:33.698+0000] {logging_mixin.py:149} INFO - [2025-05-02T09:47:33.698+0000] {dag.py:3490} INFO - Setting next_dagrun for data_pipeline to 2025-05-01T00:00:00+00:00, run_after=2025-06-01T00:00:00+00:00
[2025-05-02T09:47:33.769+0000] {processor.py:178} INFO - Processing /opt/airflow/dags/data-pipeline.py took 4.903 seconds
[2025-05-02T09:48:04.398+0000] {processor.py:156} INFO - Started process (PID=231) to work on /opt/airflow/dags/data-pipeline.py
[2025-05-02T09:48:04.403+0000] {processor.py:799} INFO - Processing file /opt/airflow/dags/data-pipeline.py for tasks to queue
[2025-05-02T09:48:04.407+0000] {logging_mixin.py:149} INFO - [2025-05-02T09:48:04.407+0000] {dagbag.py:541} INFO - Filling up the DagBag from /opt/airflow/dags/data-pipeline.py
[2025-05-02T09:48:09.186+0000] {processor.py:809} INFO - DAG(s) dict_keys(['data_pipeline']) retrieved from /opt/airflow/dags/data-pipeline.py
[2025-05-02T09:48:09.438+0000] {logging_mixin.py:149} INFO - [2025-05-02T09:48:09.436+0000] {dag.py:2726} INFO - Sync 1 DAGs
[2025-05-02T09:48:09.557+0000] {logging_mixin.py:149} INFO - [2025-05-02T09:48:09.556+0000] {dag.py:3490} INFO - Setting next_dagrun for data_pipeline to 2025-05-01T00:00:00+00:00, run_after=2025-06-01T00:00:00+00:00
[2025-05-02T09:48:09.653+0000] {processor.py:178} INFO - Processing /opt/airflow/dags/data-pipeline.py took 5.279 seconds
[2025-05-02T09:48:39.870+0000] {processor.py:156} INFO - Started process (PID=279) to work on /opt/airflow/dags/data-pipeline.py
[2025-05-02T09:48:39.874+0000] {processor.py:799} INFO - Processing file /opt/airflow/dags/data-pipeline.py for tasks to queue
[2025-05-02T09:48:39.877+0000] {logging_mixin.py:149} INFO - [2025-05-02T09:48:39.876+0000] {dagbag.py:541} INFO - Filling up the DagBag from /opt/airflow/dags/data-pipeline.py
[2025-05-02T09:48:42.200+0000] {processor.py:809} INFO - DAG(s) dict_keys(['data_pipeline']) retrieved from /opt/airflow/dags/data-pipeline.py
[2025-05-02T09:48:42.309+0000] {logging_mixin.py:149} INFO - [2025-05-02T09:48:42.307+0000] {dag.py:2726} INFO - Sync 1 DAGs
[2025-05-02T09:48:42.434+0000] {logging_mixin.py:149} INFO - [2025-05-02T09:48:42.433+0000] {dag.py:3490} INFO - Setting next_dagrun for data_pipeline to 2025-05-01T00:00:00+00:00, run_after=2025-06-01T00:00:00+00:00
[2025-05-02T09:48:42.647+0000] {processor.py:178} INFO - Processing /opt/airflow/dags/data-pipeline.py took 2.789 seconds
[2025-05-02T09:49:13.118+0000] {processor.py:156} INFO - Started process (PID=313) to work on /opt/airflow/dags/data-pipeline.py
[2025-05-02T09:49:13.120+0000] {processor.py:799} INFO - Processing file /opt/airflow/dags/data-pipeline.py for tasks to queue
[2025-05-02T09:49:13.122+0000] {logging_mixin.py:149} INFO - [2025-05-02T09:49:13.122+0000] {dagbag.py:541} INFO - Filling up the DagBag from /opt/airflow/dags/data-pipeline.py
[2025-05-02T09:49:14.422+0000] {processor.py:809} INFO - DAG(s) dict_keys(['data_pipeline']) retrieved from /opt/airflow/dags/data-pipeline.py
[2025-05-02T09:49:14.546+0000] {logging_mixin.py:149} INFO - [2025-05-02T09:49:14.544+0000] {dag.py:2726} INFO - Sync 1 DAGs
[2025-05-02T09:49:14.659+0000] {logging_mixin.py:149} INFO - [2025-05-02T09:49:14.659+0000] {dag.py:3490} INFO - Setting next_dagrun for data_pipeline to 2025-05-01T00:00:00+00:00, run_after=2025-06-01T00:00:00+00:00
[2025-05-02T09:49:14.757+0000] {processor.py:178} INFO - Processing /opt/airflow/dags/data-pipeline.py took 1.647 seconds
[2025-05-02T09:49:45.269+0000] {processor.py:156} INFO - Started process (PID=347) to work on /opt/airflow/dags/data-pipeline.py
[2025-05-02T09:49:45.272+0000] {processor.py:799} INFO - Processing file /opt/airflow/dags/data-pipeline.py for tasks to queue
[2025-05-02T09:49:45.276+0000] {logging_mixin.py:149} INFO - [2025-05-02T09:49:45.275+0000] {dagbag.py:541} INFO - Filling up the DagBag from /opt/airflow/dags/data-pipeline.py
[2025-05-02T09:49:48.192+0000] {processor.py:809} INFO - DAG(s) dict_keys(['data_pipeline']) retrieved from /opt/airflow/dags/data-pipeline.py
[2025-05-02T09:49:48.297+0000] {logging_mixin.py:149} INFO - [2025-05-02T09:49:48.296+0000] {dag.py:2726} INFO - Sync 1 DAGs
[2025-05-02T09:49:48.393+0000] {logging_mixin.py:149} INFO - [2025-05-02T09:49:48.392+0000] {dag.py:3490} INFO - Setting next_dagrun for data_pipeline to 2025-05-01T00:00:00+00:00, run_after=2025-06-01T00:00:00+00:00
[2025-05-02T09:49:48.468+0000] {processor.py:178} INFO - Processing /opt/airflow/dags/data-pipeline.py took 3.214 seconds
[2025-05-02T09:50:19.065+0000] {processor.py:156} INFO - Started process (PID=381) to work on /opt/airflow/dags/data-pipeline.py
[2025-05-02T09:50:19.068+0000] {processor.py:799} INFO - Processing file /opt/airflow/dags/data-pipeline.py for tasks to queue
[2025-05-02T09:50:19.070+0000] {logging_mixin.py:149} INFO - [2025-05-02T09:50:19.070+0000] {dagbag.py:541} INFO - Filling up the DagBag from /opt/airflow/dags/data-pipeline.py
[2025-05-02T09:50:21.616+0000] {processor.py:809} INFO - DAG(s) dict_keys(['data_pipeline']) retrieved from /opt/airflow/dags/data-pipeline.py
[2025-05-02T09:50:21.927+0000] {logging_mixin.py:149} INFO - [2025-05-02T09:50:21.924+0000] {dag.py:2726} INFO - Sync 1 DAGs
[2025-05-02T09:50:22.067+0000] {logging_mixin.py:149} INFO - [2025-05-02T09:50:22.067+0000] {dag.py:3490} INFO - Setting next_dagrun for data_pipeline to 2025-05-01T00:00:00+00:00, run_after=2025-06-01T00:00:00+00:00
[2025-05-02T09:50:22.208+0000] {processor.py:178} INFO - Processing /opt/airflow/dags/data-pipeline.py took 3.150 seconds
[2025-05-02T09:50:52.581+0000] {processor.py:156} INFO - Started process (PID=415) to work on /opt/airflow/dags/data-pipeline.py
[2025-05-02T09:50:52.585+0000] {processor.py:799} INFO - Processing file /opt/airflow/dags/data-pipeline.py for tasks to queue
[2025-05-02T09:50:52.588+0000] {logging_mixin.py:149} INFO - [2025-05-02T09:50:52.588+0000] {dagbag.py:541} INFO - Filling up the DagBag from /opt/airflow/dags/data-pipeline.py
[2025-05-02T09:50:54.241+0000] {processor.py:809} INFO - DAG(s) dict_keys(['data_pipeline']) retrieved from /opt/airflow/dags/data-pipeline.py
[2025-05-02T09:50:54.448+0000] {logging_mixin.py:149} INFO - [2025-05-02T09:50:54.447+0000] {dag.py:2726} INFO - Sync 1 DAGs
[2025-05-02T09:50:54.647+0000] {logging_mixin.py:149} INFO - [2025-05-02T09:50:54.646+0000] {dag.py:3490} INFO - Setting next_dagrun for data_pipeline to 2025-05-01T00:00:00+00:00, run_after=2025-06-01T00:00:00+00:00
[2025-05-02T09:50:54.757+0000] {processor.py:178} INFO - Processing /opt/airflow/dags/data-pipeline.py took 2.189 seconds
[2025-05-02T09:51:25.066+0000] {processor.py:156} INFO - Started process (PID=449) to work on /opt/airflow/dags/data-pipeline.py
[2025-05-02T09:51:25.071+0000] {processor.py:799} INFO - Processing file /opt/airflow/dags/data-pipeline.py for tasks to queue
[2025-05-02T09:51:25.075+0000] {logging_mixin.py:149} INFO - [2025-05-02T09:51:25.075+0000] {dagbag.py:541} INFO - Filling up the DagBag from /opt/airflow/dags/data-pipeline.py
[2025-05-02T09:51:26.271+0000] {processor.py:809} INFO - DAG(s) dict_keys(['data_pipeline']) retrieved from /opt/airflow/dags/data-pipeline.py
[2025-05-02T09:51:26.399+0000] {logging_mixin.py:149} INFO - [2025-05-02T09:51:26.397+0000] {dag.py:2726} INFO - Sync 1 DAGs
[2025-05-02T09:51:26.513+0000] {logging_mixin.py:149} INFO - [2025-05-02T09:51:26.512+0000] {dag.py:3490} INFO - Setting next_dagrun for data_pipeline to 2025-05-01T00:00:00+00:00, run_after=2025-06-01T00:00:00+00:00
[2025-05-02T09:51:26.586+0000] {processor.py:178} INFO - Processing /opt/airflow/dags/data-pipeline.py took 1.534 seconds
[2025-05-02T09:51:57.196+0000] {processor.py:156} INFO - Started process (PID=483) to work on /opt/airflow/dags/data-pipeline.py
[2025-05-02T09:51:57.199+0000] {processor.py:799} INFO - Processing file /opt/airflow/dags/data-pipeline.py for tasks to queue
[2025-05-02T09:51:57.201+0000] {logging_mixin.py:149} INFO - [2025-05-02T09:51:57.200+0000] {dagbag.py:541} INFO - Filling up the DagBag from /opt/airflow/dags/data-pipeline.py
[2025-05-02T09:51:58.327+0000] {processor.py:809} INFO - DAG(s) dict_keys(['data_pipeline']) retrieved from /opt/airflow/dags/data-pipeline.py
[2025-05-02T09:51:58.503+0000] {logging_mixin.py:149} INFO - [2025-05-02T09:51:58.502+0000] {dag.py:2726} INFO - Sync 1 DAGs
[2025-05-02T09:51:58.722+0000] {logging_mixin.py:149} INFO - [2025-05-02T09:51:58.720+0000] {dag.py:3490} INFO - Setting next_dagrun for data_pipeline to 2025-05-01T00:00:00+00:00, run_after=2025-06-01T00:00:00+00:00
[2025-05-02T09:51:58.947+0000] {processor.py:178} INFO - Processing /opt/airflow/dags/data-pipeline.py took 1.761 seconds
[2025-05-02T09:52:29.361+0000] {processor.py:156} INFO - Started process (PID=517) to work on /opt/airflow/dags/data-pipeline.py
[2025-05-02T09:52:29.384+0000] {processor.py:799} INFO - Processing file /opt/airflow/dags/data-pipeline.py for tasks to queue
[2025-05-02T09:52:29.395+0000] {logging_mixin.py:149} INFO - [2025-05-02T09:52:29.394+0000] {dagbag.py:541} INFO - Filling up the DagBag from /opt/airflow/dags/data-pipeline.py
[2025-05-02T09:52:30.918+0000] {processor.py:809} INFO - DAG(s) dict_keys(['data_pipeline']) retrieved from /opt/airflow/dags/data-pipeline.py
[2025-05-02T09:52:31.010+0000] {logging_mixin.py:149} INFO - [2025-05-02T09:52:31.009+0000] {dag.py:2726} INFO - Sync 1 DAGs
[2025-05-02T09:52:31.084+0000] {logging_mixin.py:149} INFO - [2025-05-02T09:52:31.084+0000] {dag.py:3490} INFO - Setting next_dagrun for data_pipeline to 2025-05-01T00:00:00+00:00, run_after=2025-06-01T00:00:00+00:00
[2025-05-02T09:52:31.150+0000] {processor.py:178} INFO - Processing /opt/airflow/dags/data-pipeline.py took 1.797 seconds
[2025-05-02T09:53:01.895+0000] {processor.py:156} INFO - Started process (PID=568) to work on /opt/airflow/dags/data-pipeline.py
[2025-05-02T09:53:01.898+0000] {processor.py:799} INFO - Processing file /opt/airflow/dags/data-pipeline.py for tasks to queue
[2025-05-02T09:53:01.900+0000] {logging_mixin.py:149} INFO - [2025-05-02T09:53:01.900+0000] {dagbag.py:541} INFO - Filling up the DagBag from /opt/airflow/dags/data-pipeline.py
[2025-05-02T09:53:02.708+0000] {processor.py:809} INFO - DAG(s) dict_keys(['data_pipeline']) retrieved from /opt/airflow/dags/data-pipeline.py
[2025-05-02T09:53:02.813+0000] {logging_mixin.py:149} INFO - [2025-05-02T09:53:02.812+0000] {dag.py:2726} INFO - Sync 1 DAGs
[2025-05-02T09:53:02.974+0000] {logging_mixin.py:149} INFO - [2025-05-02T09:53:02.974+0000] {dag.py:3490} INFO - Setting next_dagrun for data_pipeline to 2025-05-01T00:00:00+00:00, run_after=2025-06-01T00:00:00+00:00
[2025-05-02T09:53:03.028+0000] {processor.py:178} INFO - Processing /opt/airflow/dags/data-pipeline.py took 1.139 seconds
[2025-05-02T09:55:12.529+0000] {processor.py:156} INFO - Started process (PID=165) to work on /opt/airflow/dags/data-pipeline.py
[2025-05-02T09:55:12.538+0000] {processor.py:799} INFO - Processing file /opt/airflow/dags/data-pipeline.py for tasks to queue
[2025-05-02T09:55:12.541+0000] {logging_mixin.py:149} INFO - [2025-05-02T09:55:12.540+0000] {dagbag.py:541} INFO - Filling up the DagBag from /opt/airflow/dags/data-pipeline.py
[2025-05-02T09:55:16.225+0000] {processor.py:809} INFO - DAG(s) dict_keys(['data_pipeline']) retrieved from /opt/airflow/dags/data-pipeline.py
[2025-05-02T09:55:16.610+0000] {logging_mixin.py:149} INFO - [2025-05-02T09:55:16.608+0000] {dag.py:2726} INFO - Sync 1 DAGs
[2025-05-02T09:55:16.681+0000] {logging_mixin.py:149} INFO - [2025-05-02T09:55:16.681+0000] {dag.py:3490} INFO - Setting next_dagrun for data_pipeline to 2025-05-01T00:00:00+00:00, run_after=2025-06-01T00:00:00+00:00
[2025-05-02T09:55:16.739+0000] {processor.py:178} INFO - Processing /opt/airflow/dags/data-pipeline.py took 4.218 seconds
[2025-05-02T09:55:47.053+0000] {processor.py:156} INFO - Started process (PID=200) to work on /opt/airflow/dags/data-pipeline.py
[2025-05-02T09:55:47.056+0000] {processor.py:799} INFO - Processing file /opt/airflow/dags/data-pipeline.py for tasks to queue
[2025-05-02T09:55:47.058+0000] {logging_mixin.py:149} INFO - [2025-05-02T09:55:47.058+0000] {dagbag.py:541} INFO - Filling up the DagBag from /opt/airflow/dags/data-pipeline.py
[2025-05-02T09:55:49.997+0000] {processor.py:809} INFO - DAG(s) dict_keys(['data_pipeline']) retrieved from /opt/airflow/dags/data-pipeline.py
[2025-05-02T09:55:50.100+0000] {logging_mixin.py:149} INFO - [2025-05-02T09:55:50.099+0000] {dag.py:2726} INFO - Sync 1 DAGs
[2025-05-02T09:55:50.164+0000] {logging_mixin.py:149} INFO - [2025-05-02T09:55:50.164+0000] {dag.py:3490} INFO - Setting next_dagrun for data_pipeline to 2025-05-01T00:00:00+00:00, run_after=2025-06-01T00:00:00+00:00
[2025-05-02T09:55:50.232+0000] {processor.py:178} INFO - Processing /opt/airflow/dags/data-pipeline.py took 3.190 seconds
[2025-05-02T09:56:20.649+0000] {processor.py:156} INFO - Started process (PID=234) to work on /opt/airflow/dags/data-pipeline.py
[2025-05-02T09:56:20.656+0000] {processor.py:799} INFO - Processing file /opt/airflow/dags/data-pipeline.py for tasks to queue
[2025-05-02T09:56:20.660+0000] {logging_mixin.py:149} INFO - [2025-05-02T09:56:20.659+0000] {dagbag.py:541} INFO - Filling up the DagBag from /opt/airflow/dags/data-pipeline.py
[2025-05-02T09:56:25.138+0000] {processor.py:809} INFO - DAG(s) dict_keys(['data_pipeline']) retrieved from /opt/airflow/dags/data-pipeline.py
[2025-05-02T09:56:25.201+0000] {logging_mixin.py:149} INFO - [2025-05-02T09:56:25.200+0000] {dag.py:2726} INFO - Sync 1 DAGs
[2025-05-02T09:56:25.333+0000] {logging_mixin.py:149} INFO - [2025-05-02T09:56:25.333+0000] {dag.py:3490} INFO - Setting next_dagrun for data_pipeline to 2025-05-01T00:00:00+00:00, run_after=2025-06-01T00:00:00+00:00
[2025-05-02T09:56:25.419+0000] {processor.py:178} INFO - Processing /opt/airflow/dags/data-pipeline.py took 4.784 seconds
[2025-05-02T09:56:55.939+0000] {processor.py:156} INFO - Started process (PID=296) to work on /opt/airflow/dags/data-pipeline.py
[2025-05-02T09:56:55.944+0000] {processor.py:799} INFO - Processing file /opt/airflow/dags/data-pipeline.py for tasks to queue
[2025-05-02T09:56:55.946+0000] {logging_mixin.py:149} INFO - [2025-05-02T09:56:55.946+0000] {dagbag.py:541} INFO - Filling up the DagBag from /opt/airflow/dags/data-pipeline.py
[2025-05-02T09:56:57.591+0000] {processor.py:809} INFO - DAG(s) dict_keys(['data_pipeline']) retrieved from /opt/airflow/dags/data-pipeline.py
[2025-05-02T09:56:57.689+0000] {logging_mixin.py:149} INFO - [2025-05-02T09:56:57.688+0000] {dag.py:2726} INFO - Sync 1 DAGs
[2025-05-02T09:56:57.768+0000] {logging_mixin.py:149} INFO - [2025-05-02T09:56:57.767+0000] {dag.py:3490} INFO - Setting next_dagrun for data_pipeline to 2025-05-01T00:00:00+00:00, run_after=2025-06-01T00:00:00+00:00
[2025-05-02T09:56:57.842+0000] {processor.py:178} INFO - Processing /opt/airflow/dags/data-pipeline.py took 1.911 seconds
[2025-05-02T09:57:28.679+0000] {processor.py:156} INFO - Started process (PID=341) to work on /opt/airflow/dags/data-pipeline.py
[2025-05-02T09:57:28.681+0000] {processor.py:799} INFO - Processing file /opt/airflow/dags/data-pipeline.py for tasks to queue
[2025-05-02T09:57:28.682+0000] {logging_mixin.py:149} INFO - [2025-05-02T09:57:28.682+0000] {dagbag.py:541} INFO - Filling up the DagBag from /opt/airflow/dags/data-pipeline.py
[2025-05-02T09:57:29.752+0000] {processor.py:809} INFO - DAG(s) dict_keys(['data_pipeline']) retrieved from /opt/airflow/dags/data-pipeline.py
[2025-05-02T09:57:29.886+0000] {logging_mixin.py:149} INFO - [2025-05-02T09:57:29.884+0000] {dag.py:2726} INFO - Sync 1 DAGs
[2025-05-02T09:57:29.974+0000] {logging_mixin.py:149} INFO - [2025-05-02T09:57:29.973+0000] {dag.py:3490} INFO - Setting next_dagrun for data_pipeline to 2025-05-01T00:00:00+00:00, run_after=2025-06-01T00:00:00+00:00
[2025-05-02T09:57:30.036+0000] {processor.py:178} INFO - Processing /opt/airflow/dags/data-pipeline.py took 1.361 seconds
[2025-05-02T09:58:00.575+0000] {processor.py:156} INFO - Started process (PID=364) to work on /opt/airflow/dags/data-pipeline.py
[2025-05-02T09:58:00.596+0000] {processor.py:799} INFO - Processing file /opt/airflow/dags/data-pipeline.py for tasks to queue
[2025-05-02T09:58:00.614+0000] {logging_mixin.py:149} INFO - [2025-05-02T09:58:00.612+0000] {dagbag.py:541} INFO - Filling up the DagBag from /opt/airflow/dags/data-pipeline.py
[2025-05-02T09:58:02.902+0000] {processor.py:809} INFO - DAG(s) dict_keys(['data_pipeline']) retrieved from /opt/airflow/dags/data-pipeline.py
[2025-05-02T09:58:03.080+0000] {logging_mixin.py:149} INFO - [2025-05-02T09:58:03.078+0000] {dag.py:2726} INFO - Sync 1 DAGs
[2025-05-02T09:58:03.188+0000] {logging_mixin.py:149} INFO - [2025-05-02T09:58:03.187+0000] {dag.py:3490} INFO - Setting next_dagrun for data_pipeline to 2025-05-01T00:00:00+00:00, run_after=2025-06-01T00:00:00+00:00
[2025-05-02T09:58:03.268+0000] {processor.py:178} INFO - Processing /opt/airflow/dags/data-pipeline.py took 2.736 seconds
[2025-05-02T09:58:33.813+0000] {processor.py:156} INFO - Started process (PID=398) to work on /opt/airflow/dags/data-pipeline.py
[2025-05-02T09:58:33.815+0000] {processor.py:799} INFO - Processing file /opt/airflow/dags/data-pipeline.py for tasks to queue
[2025-05-02T09:58:33.817+0000] {logging_mixin.py:149} INFO - [2025-05-02T09:58:33.817+0000] {dagbag.py:541} INFO - Filling up the DagBag from /opt/airflow/dags/data-pipeline.py
[2025-05-02T09:58:34.818+0000] {processor.py:809} INFO - DAG(s) dict_keys(['data_pipeline']) retrieved from /opt/airflow/dags/data-pipeline.py
[2025-05-02T09:58:34.890+0000] {logging_mixin.py:149} INFO - [2025-05-02T09:58:34.889+0000] {dag.py:2726} INFO - Sync 1 DAGs
[2025-05-02T09:58:34.955+0000] {logging_mixin.py:149} INFO - [2025-05-02T09:58:34.955+0000] {dag.py:3490} INFO - Setting next_dagrun for data_pipeline to 2025-05-01T00:00:00+00:00, run_after=2025-06-01T00:00:00+00:00
[2025-05-02T09:58:35.023+0000] {processor.py:178} INFO - Processing /opt/airflow/dags/data-pipeline.py took 1.224 seconds
[2025-05-02T09:59:05.343+0000] {processor.py:156} INFO - Started process (PID=432) to work on /opt/airflow/dags/data-pipeline.py
[2025-05-02T09:59:05.345+0000] {processor.py:799} INFO - Processing file /opt/airflow/dags/data-pipeline.py for tasks to queue
[2025-05-02T09:59:05.347+0000] {logging_mixin.py:149} INFO - [2025-05-02T09:59:05.346+0000] {dagbag.py:541} INFO - Filling up the DagBag from /opt/airflow/dags/data-pipeline.py
[2025-05-02T09:59:06.232+0000] {processor.py:809} INFO - DAG(s) dict_keys(['data_pipeline']) retrieved from /opt/airflow/dags/data-pipeline.py
[2025-05-02T09:59:06.303+0000] {logging_mixin.py:149} INFO - [2025-05-02T09:59:06.301+0000] {dag.py:2726} INFO - Sync 1 DAGs
[2025-05-02T09:59:06.418+0000] {logging_mixin.py:149} INFO - [2025-05-02T09:59:06.418+0000] {dag.py:3490} INFO - Setting next_dagrun for data_pipeline to 2025-05-01T00:00:00+00:00, run_after=2025-06-01T00:00:00+00:00
[2025-05-02T09:59:06.481+0000] {processor.py:178} INFO - Processing /opt/airflow/dags/data-pipeline.py took 1.144 seconds
[2025-05-02T09:59:37.015+0000] {processor.py:156} INFO - Started process (PID=466) to work on /opt/airflow/dags/data-pipeline.py
[2025-05-02T09:59:37.018+0000] {processor.py:799} INFO - Processing file /opt/airflow/dags/data-pipeline.py for tasks to queue
[2025-05-02T09:59:37.021+0000] {logging_mixin.py:149} INFO - [2025-05-02T09:59:37.020+0000] {dagbag.py:541} INFO - Filling up the DagBag from /opt/airflow/dags/data-pipeline.py
[2025-05-02T09:59:38.059+0000] {processor.py:809} INFO - DAG(s) dict_keys(['data_pipeline']) retrieved from /opt/airflow/dags/data-pipeline.py
[2025-05-02T09:59:38.145+0000] {logging_mixin.py:149} INFO - [2025-05-02T09:59:38.144+0000] {dag.py:2726} INFO - Sync 1 DAGs
[2025-05-02T09:59:38.229+0000] {logging_mixin.py:149} INFO - [2025-05-02T09:59:38.229+0000] {dag.py:3490} INFO - Setting next_dagrun for data_pipeline to 2025-05-01T00:00:00+00:00, run_after=2025-06-01T00:00:00+00:00
[2025-05-02T09:59:38.319+0000] {processor.py:178} INFO - Processing /opt/airflow/dags/data-pipeline.py took 1.311 seconds
[2025-05-02T10:00:08.790+0000] {processor.py:156} INFO - Started process (PID=511) to work on /opt/airflow/dags/data-pipeline.py
[2025-05-02T10:00:08.793+0000] {processor.py:799} INFO - Processing file /opt/airflow/dags/data-pipeline.py for tasks to queue
[2025-05-02T10:00:08.797+0000] {logging_mixin.py:149} INFO - [2025-05-02T10:00:08.797+0000] {dagbag.py:541} INFO - Filling up the DagBag from /opt/airflow/dags/data-pipeline.py
[2025-05-02T10:00:10.184+0000] {processor.py:809} INFO - DAG(s) dict_keys(['data_pipeline']) retrieved from /opt/airflow/dags/data-pipeline.py
[2025-05-02T10:00:10.296+0000] {logging_mixin.py:149} INFO - [2025-05-02T10:00:10.295+0000] {dag.py:2726} INFO - Sync 1 DAGs
[2025-05-02T10:00:10.359+0000] {logging_mixin.py:149} INFO - [2025-05-02T10:00:10.359+0000] {dag.py:3490} INFO - Setting next_dagrun for data_pipeline to 2025-05-01T00:00:00+00:00, run_after=2025-06-01T00:00:00+00:00
[2025-05-02T10:00:10.423+0000] {processor.py:178} INFO - Processing /opt/airflow/dags/data-pipeline.py took 1.639 seconds
[2025-05-02T10:00:40.771+0000] {processor.py:156} INFO - Started process (PID=534) to work on /opt/airflow/dags/data-pipeline.py
[2025-05-02T10:00:40.779+0000] {processor.py:799} INFO - Processing file /opt/airflow/dags/data-pipeline.py for tasks to queue
[2025-05-02T10:00:40.783+0000] {logging_mixin.py:149} INFO - [2025-05-02T10:00:40.782+0000] {dagbag.py:541} INFO - Filling up the DagBag from /opt/airflow/dags/data-pipeline.py
[2025-05-02T10:00:41.950+0000] {processor.py:809} INFO - DAG(s) dict_keys(['data_pipeline']) retrieved from /opt/airflow/dags/data-pipeline.py
[2025-05-02T10:00:42.017+0000] {logging_mixin.py:149} INFO - [2025-05-02T10:00:42.016+0000] {dag.py:2726} INFO - Sync 1 DAGs
[2025-05-02T10:00:42.088+0000] {logging_mixin.py:149} INFO - [2025-05-02T10:00:42.088+0000] {dag.py:3490} INFO - Setting next_dagrun for data_pipeline to 2025-05-01T00:00:00+00:00, run_after=2025-06-01T00:00:00+00:00
[2025-05-02T10:00:42.154+0000] {processor.py:178} INFO - Processing /opt/airflow/dags/data-pipeline.py took 1.405 seconds
[2025-05-02T10:01:12.691+0000] {processor.py:156} INFO - Started process (PID=568) to work on /opt/airflow/dags/data-pipeline.py
[2025-05-02T10:01:12.695+0000] {processor.py:799} INFO - Processing file /opt/airflow/dags/data-pipeline.py for tasks to queue
[2025-05-02T10:01:12.698+0000] {logging_mixin.py:149} INFO - [2025-05-02T10:01:12.697+0000] {dagbag.py:541} INFO - Filling up the DagBag from /opt/airflow/dags/data-pipeline.py
[2025-05-02T10:01:13.667+0000] {processor.py:809} INFO - DAG(s) dict_keys(['data_pipeline']) retrieved from /opt/airflow/dags/data-pipeline.py
[2025-05-02T10:01:13.752+0000] {logging_mixin.py:149} INFO - [2025-05-02T10:01:13.750+0000] {dag.py:2726} INFO - Sync 1 DAGs
[2025-05-02T10:01:13.835+0000] {logging_mixin.py:149} INFO - [2025-05-02T10:01:13.835+0000] {dag.py:3490} INFO - Setting next_dagrun for data_pipeline to 2025-05-01T00:00:00+00:00, run_after=2025-06-01T00:00:00+00:00
[2025-05-02T10:01:13.908+0000] {processor.py:178} INFO - Processing /opt/airflow/dags/data-pipeline.py took 1.225 seconds
[2025-05-02T10:01:44.432+0000] {processor.py:156} INFO - Started process (PID=602) to work on /opt/airflow/dags/data-pipeline.py
[2025-05-02T10:01:44.435+0000] {processor.py:799} INFO - Processing file /opt/airflow/dags/data-pipeline.py for tasks to queue
[2025-05-02T10:01:44.438+0000] {logging_mixin.py:149} INFO - [2025-05-02T10:01:44.437+0000] {dagbag.py:541} INFO - Filling up the DagBag from /opt/airflow/dags/data-pipeline.py
[2025-05-02T10:01:45.419+0000] {processor.py:809} INFO - DAG(s) dict_keys(['data_pipeline']) retrieved from /opt/airflow/dags/data-pipeline.py
[2025-05-02T10:01:45.493+0000] {logging_mixin.py:149} INFO - [2025-05-02T10:01:45.491+0000] {dag.py:2726} INFO - Sync 1 DAGs
[2025-05-02T10:01:45.576+0000] {logging_mixin.py:149} INFO - [2025-05-02T10:01:45.576+0000] {dag.py:3490} INFO - Setting next_dagrun for data_pipeline to 2025-05-01T00:00:00+00:00, run_after=2025-06-01T00:00:00+00:00
[2025-05-02T10:01:45.649+0000] {processor.py:178} INFO - Processing /opt/airflow/dags/data-pipeline.py took 1.225 seconds
[2025-05-02T10:02:16.082+0000] {processor.py:156} INFO - Started process (PID=649) to work on /opt/airflow/dags/data-pipeline.py
[2025-05-02T10:02:16.086+0000] {processor.py:799} INFO - Processing file /opt/airflow/dags/data-pipeline.py for tasks to queue
[2025-05-02T10:02:16.087+0000] {logging_mixin.py:149} INFO - [2025-05-02T10:02:16.087+0000] {dagbag.py:541} INFO - Filling up the DagBag from /opt/airflow/dags/data-pipeline.py
[2025-05-02T10:02:17.333+0000] {processor.py:809} INFO - DAG(s) dict_keys(['data_pipeline']) retrieved from /opt/airflow/dags/data-pipeline.py
[2025-05-02T10:02:17.402+0000] {logging_mixin.py:149} INFO - [2025-05-02T10:02:17.401+0000] {dag.py:2726} INFO - Sync 1 DAGs
[2025-05-02T10:02:17.468+0000] {logging_mixin.py:149} INFO - [2025-05-02T10:02:17.468+0000] {dag.py:3490} INFO - Setting next_dagrun for data_pipeline to 2025-05-01T00:00:00+00:00, run_after=2025-06-01T00:00:00+00:00
[2025-05-02T10:02:17.564+0000] {processor.py:178} INFO - Processing /opt/airflow/dags/data-pipeline.py took 1.502 seconds
[2025-05-02T10:02:48.018+0000] {processor.py:156} INFO - Started process (PID=684) to work on /opt/airflow/dags/data-pipeline.py
[2025-05-02T10:02:48.021+0000] {processor.py:799} INFO - Processing file /opt/airflow/dags/data-pipeline.py for tasks to queue
[2025-05-02T10:02:48.023+0000] {logging_mixin.py:149} INFO - [2025-05-02T10:02:48.023+0000] {dagbag.py:541} INFO - Filling up the DagBag from /opt/airflow/dags/data-pipeline.py
[2025-05-02T10:02:48.999+0000] {processor.py:809} INFO - DAG(s) dict_keys(['data_pipeline']) retrieved from /opt/airflow/dags/data-pipeline.py
[2025-05-02T10:02:49.079+0000] {logging_mixin.py:149} INFO - [2025-05-02T10:02:49.075+0000] {dag.py:2726} INFO - Sync 1 DAGs
[2025-05-02T10:02:49.173+0000] {logging_mixin.py:149} INFO - [2025-05-02T10:02:49.171+0000] {dag.py:3490} INFO - Setting next_dagrun for data_pipeline to 2025-05-01T00:00:00+00:00, run_after=2025-06-01T00:00:00+00:00
[2025-05-02T10:02:49.294+0000] {processor.py:178} INFO - Processing /opt/airflow/dags/data-pipeline.py took 1.285 seconds
[2025-05-02T10:03:19.563+0000] {processor.py:156} INFO - Started process (PID=718) to work on /opt/airflow/dags/data-pipeline.py
[2025-05-02T10:03:19.568+0000] {processor.py:799} INFO - Processing file /opt/airflow/dags/data-pipeline.py for tasks to queue
[2025-05-02T10:03:19.573+0000] {logging_mixin.py:149} INFO - [2025-05-02T10:03:19.572+0000] {dagbag.py:541} INFO - Filling up the DagBag from /opt/airflow/dags/data-pipeline.py
[2025-05-02T10:03:20.477+0000] {processor.py:809} INFO - DAG(s) dict_keys(['data_pipeline']) retrieved from /opt/airflow/dags/data-pipeline.py
[2025-05-02T10:03:20.560+0000] {logging_mixin.py:149} INFO - [2025-05-02T10:03:20.558+0000] {dag.py:2726} INFO - Sync 1 DAGs
[2025-05-02T10:03:20.638+0000] {logging_mixin.py:149} INFO - [2025-05-02T10:03:20.637+0000] {dag.py:3490} INFO - Setting next_dagrun for data_pipeline to 2025-05-01T00:00:00+00:00, run_after=2025-06-01T00:00:00+00:00
[2025-05-02T10:03:20.730+0000] {processor.py:178} INFO - Processing /opt/airflow/dags/data-pipeline.py took 1.193 seconds
[2025-05-02T10:03:51.261+0000] {processor.py:156} INFO - Started process (PID=752) to work on /opt/airflow/dags/data-pipeline.py
[2025-05-02T10:03:51.263+0000] {processor.py:799} INFO - Processing file /opt/airflow/dags/data-pipeline.py for tasks to queue
[2025-05-02T10:03:51.265+0000] {logging_mixin.py:149} INFO - [2025-05-02T10:03:51.265+0000] {dagbag.py:541} INFO - Filling up the DagBag from /opt/airflow/dags/data-pipeline.py
[2025-05-02T10:03:52.166+0000] {processor.py:809} INFO - DAG(s) dict_keys(['data_pipeline']) retrieved from /opt/airflow/dags/data-pipeline.py
[2025-05-02T10:03:52.237+0000] {logging_mixin.py:149} INFO - [2025-05-02T10:03:52.236+0000] {dag.py:2726} INFO - Sync 1 DAGs
[2025-05-02T10:03:54.884+0000] {logging_mixin.py:149} INFO - [2025-05-02T10:03:54.883+0000] {dag.py:3490} INFO - Setting next_dagrun for data_pipeline to 2025-05-01T00:00:00+00:00, run_after=2025-06-01T00:00:00+00:00
[2025-05-02T10:03:54.960+0000] {processor.py:178} INFO - Processing /opt/airflow/dags/data-pipeline.py took 3.708 seconds
[2025-05-02T10:04:25.477+0000] {processor.py:156} INFO - Started process (PID=785) to work on /opt/airflow/dags/data-pipeline.py
[2025-05-02T10:04:25.479+0000] {processor.py:799} INFO - Processing file /opt/airflow/dags/data-pipeline.py for tasks to queue
[2025-05-02T10:04:25.481+0000] {logging_mixin.py:149} INFO - [2025-05-02T10:04:25.480+0000] {dagbag.py:541} INFO - Filling up the DagBag from /opt/airflow/dags/data-pipeline.py
[2025-05-02T10:04:26.450+0000] {processor.py:809} INFO - DAG(s) dict_keys(['data_pipeline']) retrieved from /opt/airflow/dags/data-pipeline.py
[2025-05-02T10:04:26.518+0000] {logging_mixin.py:149} INFO - [2025-05-02T10:04:26.514+0000] {dag.py:2726} INFO - Sync 1 DAGs
[2025-05-02T10:04:26.595+0000] {logging_mixin.py:149} INFO - [2025-05-02T10:04:26.594+0000] {dag.py:3490} INFO - Setting next_dagrun for data_pipeline to 2025-05-01T00:00:00+00:00, run_after=2025-06-01T00:00:00+00:00
[2025-05-02T10:04:26.664+0000] {processor.py:178} INFO - Processing /opt/airflow/dags/data-pipeline.py took 1.212 seconds
[2025-05-02T10:04:57.109+0000] {processor.py:156} INFO - Started process (PID=820) to work on /opt/airflow/dags/data-pipeline.py
[2025-05-02T10:04:57.115+0000] {processor.py:799} INFO - Processing file /opt/airflow/dags/data-pipeline.py for tasks to queue
[2025-05-02T10:04:57.117+0000] {logging_mixin.py:149} INFO - [2025-05-02T10:04:57.117+0000] {dagbag.py:541} INFO - Filling up the DagBag from /opt/airflow/dags/data-pipeline.py
[2025-05-02T10:04:58.077+0000] {processor.py:809} INFO - DAG(s) dict_keys(['data_pipeline']) retrieved from /opt/airflow/dags/data-pipeline.py
[2025-05-02T10:04:58.139+0000] {logging_mixin.py:149} INFO - [2025-05-02T10:04:58.138+0000] {dag.py:2726} INFO - Sync 1 DAGs
[2025-05-02T10:04:58.199+0000] {logging_mixin.py:149} INFO - [2025-05-02T10:04:58.198+0000] {dag.py:3490} INFO - Setting next_dagrun for data_pipeline to 2025-05-01T00:00:00+00:00, run_after=2025-06-01T00:00:00+00:00
[2025-05-02T10:04:58.257+0000] {processor.py:178} INFO - Processing /opt/airflow/dags/data-pipeline.py took 1.160 seconds
[2025-05-02T10:05:28.727+0000] {processor.py:156} INFO - Started process (PID=854) to work on /opt/airflow/dags/data-pipeline.py
[2025-05-02T10:05:28.728+0000] {processor.py:799} INFO - Processing file /opt/airflow/dags/data-pipeline.py for tasks to queue
[2025-05-02T10:05:28.730+0000] {logging_mixin.py:149} INFO - [2025-05-02T10:05:28.730+0000] {dagbag.py:541} INFO - Filling up the DagBag from /opt/airflow/dags/data-pipeline.py
[2025-05-02T10:05:29.650+0000] {processor.py:809} INFO - DAG(s) dict_keys(['data_pipeline']) retrieved from /opt/airflow/dags/data-pipeline.py
[2025-05-02T10:05:29.733+0000] {logging_mixin.py:149} INFO - [2025-05-02T10:05:29.732+0000] {dag.py:2726} INFO - Sync 1 DAGs
[2025-05-02T10:05:31.470+0000] {logging_mixin.py:149} INFO - [2025-05-02T10:05:31.469+0000] {dag.py:3490} INFO - Setting next_dagrun for data_pipeline to 2025-05-01T00:00:00+00:00, run_after=2025-06-01T00:00:00+00:00
[2025-05-02T10:05:31.602+0000] {processor.py:178} INFO - Processing /opt/airflow/dags/data-pipeline.py took 2.883 seconds
[2025-05-02T10:06:02.017+0000] {processor.py:156} INFO - Started process (PID=888) to work on /opt/airflow/dags/data-pipeline.py
[2025-05-02T10:06:02.019+0000] {processor.py:799} INFO - Processing file /opt/airflow/dags/data-pipeline.py for tasks to queue
[2025-05-02T10:06:02.021+0000] {logging_mixin.py:149} INFO - [2025-05-02T10:06:02.021+0000] {dagbag.py:541} INFO - Filling up the DagBag from /opt/airflow/dags/data-pipeline.py
[2025-05-02T10:06:03.126+0000] {processor.py:809} INFO - DAG(s) dict_keys(['data_pipeline']) retrieved from /opt/airflow/dags/data-pipeline.py
[2025-05-02T10:06:03.212+0000] {logging_mixin.py:149} INFO - [2025-05-02T10:06:03.207+0000] {dag.py:2726} INFO - Sync 1 DAGs
[2025-05-02T10:06:03.286+0000] {logging_mixin.py:149} INFO - [2025-05-02T10:06:03.286+0000] {dag.py:3490} INFO - Setting next_dagrun for data_pipeline to 2025-05-01T00:00:00+00:00, run_after=2025-06-01T00:00:00+00:00
[2025-05-02T10:06:03.349+0000] {processor.py:178} INFO - Processing /opt/airflow/dags/data-pipeline.py took 1.342 seconds
[2025-05-02T10:08:06.858+0000] {processor.py:156} INFO - Started process (PID=166) to work on /opt/airflow/dags/data-pipeline.py
[2025-05-02T10:08:06.860+0000] {processor.py:799} INFO - Processing file /opt/airflow/dags/data-pipeline.py for tasks to queue
[2025-05-02T10:08:06.862+0000] {logging_mixin.py:149} INFO - [2025-05-02T10:08:06.862+0000] {dagbag.py:541} INFO - Filling up the DagBag from /opt/airflow/dags/data-pipeline.py
[2025-05-02T10:08:10.591+0000] {processor.py:809} INFO - DAG(s) dict_keys(['data_pipeline']) retrieved from /opt/airflow/dags/data-pipeline.py
[2025-05-02T10:08:10.786+0000] {logging_mixin.py:149} INFO - [2025-05-02T10:08:10.785+0000] {dag.py:2726} INFO - Sync 1 DAGs
[2025-05-02T10:08:10.876+0000] {logging_mixin.py:149} INFO - [2025-05-02T10:08:10.875+0000] {dag.py:3490} INFO - Setting next_dagrun for data_pipeline to 2025-05-01T00:00:00+00:00, run_after=2025-06-01T00:00:00+00:00
[2025-05-02T10:08:10.948+0000] {processor.py:178} INFO - Processing /opt/airflow/dags/data-pipeline.py took 4.099 seconds
[2025-05-02T10:08:41.405+0000] {processor.py:156} INFO - Started process (PID=200) to work on /opt/airflow/dags/data-pipeline.py
[2025-05-02T10:08:41.415+0000] {processor.py:799} INFO - Processing file /opt/airflow/dags/data-pipeline.py for tasks to queue
[2025-05-02T10:08:41.423+0000] {logging_mixin.py:149} INFO - [2025-05-02T10:08:41.421+0000] {dagbag.py:541} INFO - Filling up the DagBag from /opt/airflow/dags/data-pipeline.py
[2025-05-02T10:08:44.492+0000] {processor.py:809} INFO - DAG(s) dict_keys(['data_pipeline']) retrieved from /opt/airflow/dags/data-pipeline.py
[2025-05-02T10:08:44.646+0000] {logging_mixin.py:149} INFO - [2025-05-02T10:08:44.645+0000] {dag.py:2726} INFO - Sync 1 DAGs
[2025-05-02T10:08:44.730+0000] {logging_mixin.py:149} INFO - [2025-05-02T10:08:44.729+0000] {dag.py:3490} INFO - Setting next_dagrun for data_pipeline to 2025-05-01T00:00:00+00:00, run_after=2025-06-01T00:00:00+00:00
[2025-05-02T10:08:44.799+0000] {processor.py:178} INFO - Processing /opt/airflow/dags/data-pipeline.py took 3.420 seconds
[2025-05-02T10:09:15.344+0000] {processor.py:156} INFO - Started process (PID=234) to work on /opt/airflow/dags/data-pipeline.py
[2025-05-02T10:09:15.349+0000] {processor.py:799} INFO - Processing file /opt/airflow/dags/data-pipeline.py for tasks to queue
[2025-05-02T10:09:15.353+0000] {logging_mixin.py:149} INFO - [2025-05-02T10:09:15.352+0000] {dagbag.py:541} INFO - Filling up the DagBag from /opt/airflow/dags/data-pipeline.py
[2025-05-02T10:09:18.285+0000] {processor.py:809} INFO - DAG(s) dict_keys(['data_pipeline']) retrieved from /opt/airflow/dags/data-pipeline.py
[2025-05-02T10:09:18.343+0000] {logging_mixin.py:149} INFO - [2025-05-02T10:09:18.340+0000] {dag.py:2726} INFO - Sync 1 DAGs
[2025-05-02T10:09:18.439+0000] {logging_mixin.py:149} INFO - [2025-05-02T10:09:18.439+0000] {dag.py:3490} INFO - Setting next_dagrun for data_pipeline to 2025-05-01T00:00:00+00:00, run_after=2025-06-01T00:00:00+00:00
[2025-05-02T10:09:18.493+0000] {processor.py:178} INFO - Processing /opt/airflow/dags/data-pipeline.py took 3.155 seconds
[2025-05-02T10:09:48.878+0000] {processor.py:156} INFO - Started process (PID=268) to work on /opt/airflow/dags/data-pipeline.py
[2025-05-02T10:09:48.881+0000] {processor.py:799} INFO - Processing file /opt/airflow/dags/data-pipeline.py for tasks to queue
[2025-05-02T10:09:48.884+0000] {logging_mixin.py:149} INFO - [2025-05-02T10:09:48.883+0000] {dagbag.py:541} INFO - Filling up the DagBag from /opt/airflow/dags/data-pipeline.py
[2025-05-02T10:09:50.594+0000] {processor.py:809} INFO - DAG(s) dict_keys(['data_pipeline']) retrieved from /opt/airflow/dags/data-pipeline.py
[2025-05-02T10:09:50.682+0000] {logging_mixin.py:149} INFO - [2025-05-02T10:09:50.681+0000] {dag.py:2726} INFO - Sync 1 DAGs
[2025-05-02T10:09:50.796+0000] {logging_mixin.py:149} INFO - [2025-05-02T10:09:50.795+0000] {dag.py:3490} INFO - Setting next_dagrun for data_pipeline to 2025-05-01T00:00:00+00:00, run_after=2025-06-01T00:00:00+00:00
[2025-05-02T10:09:50.866+0000] {processor.py:178} INFO - Processing /opt/airflow/dags/data-pipeline.py took 2.002 seconds
[2025-05-02T10:10:21.954+0000] {processor.py:156} INFO - Started process (PID=313) to work on /opt/airflow/dags/data-pipeline.py
[2025-05-02T10:10:21.956+0000] {processor.py:799} INFO - Processing file /opt/airflow/dags/data-pipeline.py for tasks to queue
[2025-05-02T10:10:21.959+0000] {logging_mixin.py:149} INFO - [2025-05-02T10:10:21.959+0000] {dagbag.py:541} INFO - Filling up the DagBag from /opt/airflow/dags/data-pipeline.py
[2025-05-02T10:10:22.949+0000] {processor.py:809} INFO - DAG(s) dict_keys(['data_pipeline']) retrieved from /opt/airflow/dags/data-pipeline.py
[2025-05-02T10:10:23.058+0000] {logging_mixin.py:149} INFO - [2025-05-02T10:10:23.056+0000] {dag.py:2726} INFO - Sync 1 DAGs
[2025-05-02T10:10:23.144+0000] {logging_mixin.py:149} INFO - [2025-05-02T10:10:23.143+0000] {dag.py:3490} INFO - Setting next_dagrun for data_pipeline to 2025-05-01T00:00:00+00:00, run_after=2025-06-01T00:00:00+00:00
[2025-05-02T10:10:23.220+0000] {processor.py:178} INFO - Processing /opt/airflow/dags/data-pipeline.py took 1.274 seconds
[2025-05-02T10:10:53.614+0000] {processor.py:156} INFO - Started process (PID=336) to work on /opt/airflow/dags/data-pipeline.py
[2025-05-02T10:10:53.617+0000] {processor.py:799} INFO - Processing file /opt/airflow/dags/data-pipeline.py for tasks to queue
[2025-05-02T10:10:53.620+0000] {logging_mixin.py:149} INFO - [2025-05-02T10:10:53.620+0000] {dagbag.py:541} INFO - Filling up the DagBag from /opt/airflow/dags/data-pipeline.py
[2025-05-02T10:10:54.840+0000] {processor.py:809} INFO - DAG(s) dict_keys(['data_pipeline']) retrieved from /opt/airflow/dags/data-pipeline.py
[2025-05-02T10:10:54.936+0000] {logging_mixin.py:149} INFO - [2025-05-02T10:10:54.935+0000] {dag.py:2726} INFO - Sync 1 DAGs
[2025-05-02T10:10:55.012+0000] {logging_mixin.py:149} INFO - [2025-05-02T10:10:55.012+0000] {dag.py:3490} INFO - Setting next_dagrun for data_pipeline to 2025-05-01T00:00:00+00:00, run_after=2025-06-01T00:00:00+00:00
[2025-05-02T10:10:55.080+0000] {processor.py:178} INFO - Processing /opt/airflow/dags/data-pipeline.py took 1.473 seconds
[2025-05-02T10:11:25.521+0000] {processor.py:156} INFO - Started process (PID=370) to work on /opt/airflow/dags/data-pipeline.py
[2025-05-02T10:11:25.524+0000] {processor.py:799} INFO - Processing file /opt/airflow/dags/data-pipeline.py for tasks to queue
[2025-05-02T10:11:25.527+0000] {logging_mixin.py:149} INFO - [2025-05-02T10:11:25.526+0000] {dagbag.py:541} INFO - Filling up the DagBag from /opt/airflow/dags/data-pipeline.py
[2025-05-02T10:11:26.492+0000] {processor.py:809} INFO - DAG(s) dict_keys(['data_pipeline']) retrieved from /opt/airflow/dags/data-pipeline.py
[2025-05-02T10:11:26.573+0000] {logging_mixin.py:149} INFO - [2025-05-02T10:11:26.571+0000] {dag.py:2726} INFO - Sync 1 DAGs
[2025-05-02T10:11:26.642+0000] {logging_mixin.py:149} INFO - [2025-05-02T10:11:26.642+0000] {dag.py:3490} INFO - Setting next_dagrun for data_pipeline to 2025-05-01T00:00:00+00:00, run_after=2025-06-01T00:00:00+00:00
[2025-05-02T10:11:26.720+0000] {processor.py:178} INFO - Processing /opt/airflow/dags/data-pipeline.py took 1.208 seconds
[2025-05-02T10:11:57.239+0000] {processor.py:156} INFO - Started process (PID=404) to work on /opt/airflow/dags/data-pipeline.py
[2025-05-02T10:11:57.241+0000] {processor.py:799} INFO - Processing file /opt/airflow/dags/data-pipeline.py for tasks to queue
[2025-05-02T10:11:57.244+0000] {logging_mixin.py:149} INFO - [2025-05-02T10:11:57.244+0000] {dagbag.py:541} INFO - Filling up the DagBag from /opt/airflow/dags/data-pipeline.py
[2025-05-02T10:11:58.129+0000] {processor.py:809} INFO - DAG(s) dict_keys(['data_pipeline']) retrieved from /opt/airflow/dags/data-pipeline.py
[2025-05-02T10:11:58.193+0000] {logging_mixin.py:149} INFO - [2025-05-02T10:11:58.192+0000] {dag.py:2726} INFO - Sync 1 DAGs
[2025-05-02T10:11:58.274+0000] {logging_mixin.py:149} INFO - [2025-05-02T10:11:58.273+0000] {dag.py:3490} INFO - Setting next_dagrun for data_pipeline to 2025-05-01T00:00:00+00:00, run_after=2025-06-01T00:00:00+00:00
[2025-05-02T10:11:58.348+0000] {processor.py:178} INFO - Processing /opt/airflow/dags/data-pipeline.py took 1.118 seconds
[2025-05-02T10:12:28.922+0000] {processor.py:156} INFO - Started process (PID=446) to work on /opt/airflow/dags/data-pipeline.py
[2025-05-02T10:12:28.925+0000] {processor.py:799} INFO - Processing file /opt/airflow/dags/data-pipeline.py for tasks to queue
[2025-05-02T10:12:28.927+0000] {logging_mixin.py:149} INFO - [2025-05-02T10:12:28.927+0000] {dagbag.py:541} INFO - Filling up the DagBag from /opt/airflow/dags/data-pipeline.py
[2025-05-02T10:12:29.863+0000] {processor.py:809} INFO - DAG(s) dict_keys(['data_pipeline']) retrieved from /opt/airflow/dags/data-pipeline.py
[2025-05-02T10:12:29.941+0000] {logging_mixin.py:149} INFO - [2025-05-02T10:12:29.940+0000] {dag.py:2726} INFO - Sync 1 DAGs
[2025-05-02T10:12:30.025+0000] {logging_mixin.py:149} INFO - [2025-05-02T10:12:30.025+0000] {dag.py:3490} INFO - Setting next_dagrun for data_pipeline to 2025-05-01T00:00:00+00:00, run_after=2025-06-01T00:00:00+00:00
[2025-05-02T10:12:30.104+0000] {processor.py:178} INFO - Processing /opt/airflow/dags/data-pipeline.py took 1.192 seconds
[2025-05-02T10:13:00.525+0000] {processor.py:156} INFO - Started process (PID=472) to work on /opt/airflow/dags/data-pipeline.py
[2025-05-02T10:13:00.527+0000] {processor.py:799} INFO - Processing file /opt/airflow/dags/data-pipeline.py for tasks to queue
[2025-05-02T10:13:00.529+0000] {logging_mixin.py:149} INFO - [2025-05-02T10:13:00.529+0000] {dagbag.py:541} INFO - Filling up the DagBag from /opt/airflow/dags/data-pipeline.py
[2025-05-02T10:13:01.473+0000] {processor.py:809} INFO - DAG(s) dict_keys(['data_pipeline']) retrieved from /opt/airflow/dags/data-pipeline.py
[2025-05-02T10:13:01.611+0000] {logging_mixin.py:149} INFO - [2025-05-02T10:13:01.610+0000] {dag.py:2726} INFO - Sync 1 DAGs
[2025-05-02T10:13:01.690+0000] {logging_mixin.py:149} INFO - [2025-05-02T10:13:01.689+0000] {dag.py:3490} INFO - Setting next_dagrun for data_pipeline to 2025-05-01T00:00:00+00:00, run_after=2025-06-01T00:00:00+00:00
[2025-05-02T10:13:01.814+0000] {processor.py:178} INFO - Processing /opt/airflow/dags/data-pipeline.py took 1.295 seconds
[2025-05-02T10:13:32.359+0000] {processor.py:156} INFO - Started process (PID=506) to work on /opt/airflow/dags/data-pipeline.py
[2025-05-02T10:13:32.361+0000] {processor.py:799} INFO - Processing file /opt/airflow/dags/data-pipeline.py for tasks to queue
[2025-05-02T10:13:32.364+0000] {logging_mixin.py:149} INFO - [2025-05-02T10:13:32.363+0000] {dagbag.py:541} INFO - Filling up the DagBag from /opt/airflow/dags/data-pipeline.py
[2025-05-02T10:13:33.311+0000] {processor.py:809} INFO - DAG(s) dict_keys(['data_pipeline']) retrieved from /opt/airflow/dags/data-pipeline.py
[2025-05-02T10:13:33.383+0000] {logging_mixin.py:149} INFO - [2025-05-02T10:13:33.382+0000] {dag.py:2726} INFO - Sync 1 DAGs
[2025-05-02T10:13:33.452+0000] {logging_mixin.py:149} INFO - [2025-05-02T10:13:33.452+0000] {dag.py:3490} INFO - Setting next_dagrun for data_pipeline to 2025-05-01T00:00:00+00:00, run_after=2025-06-01T00:00:00+00:00
[2025-05-02T10:13:33.526+0000] {processor.py:178} INFO - Processing /opt/airflow/dags/data-pipeline.py took 1.174 seconds
[2025-05-02T10:14:03.925+0000] {processor.py:156} INFO - Started process (PID=549) to work on /opt/airflow/dags/data-pipeline.py
[2025-05-02T10:14:03.935+0000] {processor.py:799} INFO - Processing file /opt/airflow/dags/data-pipeline.py for tasks to queue
[2025-05-02T10:14:03.937+0000] {logging_mixin.py:149} INFO - [2025-05-02T10:14:03.937+0000] {dagbag.py:541} INFO - Filling up the DagBag from /opt/airflow/dags/data-pipeline.py
[2025-05-02T10:14:04.760+0000] {processor.py:809} INFO - DAG(s) dict_keys(['data_pipeline']) retrieved from /opt/airflow/dags/data-pipeline.py
[2025-05-02T10:14:04.913+0000] {logging_mixin.py:149} INFO - [2025-05-02T10:14:04.910+0000] {dag.py:2726} INFO - Sync 1 DAGs
[2025-05-02T10:14:05.017+0000] {logging_mixin.py:149} INFO - [2025-05-02T10:14:05.016+0000] {dag.py:3490} INFO - Setting next_dagrun for data_pipeline to 2025-05-01T00:00:00+00:00, run_after=2025-06-01T00:00:00+00:00
[2025-05-02T10:14:05.114+0000] {processor.py:178} INFO - Processing /opt/airflow/dags/data-pipeline.py took 1.199 seconds
[2025-05-02T10:14:35.556+0000] {processor.py:156} INFO - Started process (PID=574) to work on /opt/airflow/dags/data-pipeline.py
[2025-05-02T10:14:35.558+0000] {processor.py:799} INFO - Processing file /opt/airflow/dags/data-pipeline.py for tasks to queue
[2025-05-02T10:14:35.561+0000] {logging_mixin.py:149} INFO - [2025-05-02T10:14:35.560+0000] {dagbag.py:541} INFO - Filling up the DagBag from /opt/airflow/dags/data-pipeline.py
[2025-05-02T10:14:36.487+0000] {processor.py:809} INFO - DAG(s) dict_keys(['data_pipeline']) retrieved from /opt/airflow/dags/data-pipeline.py
[2025-05-02T10:14:36.585+0000] {logging_mixin.py:149} INFO - [2025-05-02T10:14:36.584+0000] {dag.py:2726} INFO - Sync 1 DAGs
[2025-05-02T10:14:36.654+0000] {logging_mixin.py:149} INFO - [2025-05-02T10:14:36.654+0000] {dag.py:3490} INFO - Setting next_dagrun for data_pipeline to 2025-05-01T00:00:00+00:00, run_after=2025-06-01T00:00:00+00:00
[2025-05-02T10:14:36.730+0000] {processor.py:178} INFO - Processing /opt/airflow/dags/data-pipeline.py took 1.180 seconds
[2025-05-02T10:15:06.961+0000] {processor.py:156} INFO - Started process (PID=608) to work on /opt/airflow/dags/data-pipeline.py
[2025-05-02T10:15:06.963+0000] {processor.py:799} INFO - Processing file /opt/airflow/dags/data-pipeline.py for tasks to queue
[2025-05-02T10:15:06.965+0000] {logging_mixin.py:149} INFO - [2025-05-02T10:15:06.965+0000] {dagbag.py:541} INFO - Filling up the DagBag from /opt/airflow/dags/data-pipeline.py
[2025-05-02T10:15:08.168+0000] {processor.py:809} INFO - DAG(s) dict_keys(['data_pipeline']) retrieved from /opt/airflow/dags/data-pipeline.py
[2025-05-02T10:15:08.254+0000] {logging_mixin.py:149} INFO - [2025-05-02T10:15:08.253+0000] {dag.py:2726} INFO - Sync 1 DAGs
[2025-05-02T10:15:08.331+0000] {logging_mixin.py:149} INFO - [2025-05-02T10:15:08.330+0000] {dag.py:3490} INFO - Setting next_dagrun for data_pipeline to 2025-05-01T00:00:00+00:00, run_after=2025-06-01T00:00:00+00:00
[2025-05-02T10:15:08.410+0000] {processor.py:178} INFO - Processing /opt/airflow/dags/data-pipeline.py took 1.457 seconds
[2025-05-02T10:15:38.525+0000] {processor.py:156} INFO - Started process (PID=639) to work on /opt/airflow/dags/data-pipeline.py
[2025-05-02T10:15:38.527+0000] {processor.py:799} INFO - Processing file /opt/airflow/dags/data-pipeline.py for tasks to queue
[2025-05-02T10:15:38.530+0000] {logging_mixin.py:149} INFO - [2025-05-02T10:15:38.529+0000] {dagbag.py:541} INFO - Filling up the DagBag from /opt/airflow/dags/data-pipeline.py
[2025-05-02T10:15:39.402+0000] {processor.py:809} INFO - DAG(s) dict_keys(['data_pipeline']) retrieved from /opt/airflow/dags/data-pipeline.py
[2025-05-02T10:15:39.538+0000] {logging_mixin.py:149} INFO - [2025-05-02T10:15:39.537+0000] {dag.py:2726} INFO - Sync 1 DAGs
[2025-05-02T10:15:39.620+0000] {logging_mixin.py:149} INFO - [2025-05-02T10:15:39.620+0000] {dag.py:3490} INFO - Setting next_dagrun for data_pipeline to 2025-05-01T00:00:00+00:00, run_after=2025-06-01T00:00:00+00:00
[2025-05-02T10:15:39.688+0000] {processor.py:178} INFO - Processing /opt/airflow/dags/data-pipeline.py took 1.169 seconds
[2025-05-02T10:16:10.162+0000] {processor.py:156} INFO - Started process (PID=676) to work on /opt/airflow/dags/data-pipeline.py
[2025-05-02T10:16:10.164+0000] {processor.py:799} INFO - Processing file /opt/airflow/dags/data-pipeline.py for tasks to queue
[2025-05-02T10:16:10.166+0000] {logging_mixin.py:149} INFO - [2025-05-02T10:16:10.166+0000] {dagbag.py:541} INFO - Filling up the DagBag from /opt/airflow/dags/data-pipeline.py
[2025-05-02T10:16:11.157+0000] {processor.py:809} INFO - DAG(s) dict_keys(['data_pipeline']) retrieved from /opt/airflow/dags/data-pipeline.py
[2025-05-02T10:16:11.231+0000] {logging_mixin.py:149} INFO - [2025-05-02T10:16:11.230+0000] {dag.py:2726} INFO - Sync 1 DAGs
[2025-05-02T10:16:11.297+0000] {logging_mixin.py:149} INFO - [2025-05-02T10:16:11.297+0000] {dag.py:3490} INFO - Setting next_dagrun for data_pipeline to 2025-05-01T00:00:00+00:00, run_after=2025-06-01T00:00:00+00:00
[2025-05-02T10:16:11.373+0000] {processor.py:178} INFO - Processing /opt/airflow/dags/data-pipeline.py took 1.217 seconds
[2025-05-02T10:16:41.772+0000] {processor.py:156} INFO - Started process (PID=710) to work on /opt/airflow/dags/data-pipeline.py
[2025-05-02T10:16:41.774+0000] {processor.py:799} INFO - Processing file /opt/airflow/dags/data-pipeline.py for tasks to queue
[2025-05-02T10:16:41.777+0000] {logging_mixin.py:149} INFO - [2025-05-02T10:16:41.776+0000] {dagbag.py:541} INFO - Filling up the DagBag from /opt/airflow/dags/data-pipeline.py
[2025-05-02T10:16:42.732+0000] {processor.py:809} INFO - DAG(s) dict_keys(['data_pipeline']) retrieved from /opt/airflow/dags/data-pipeline.py
[2025-05-02T10:16:42.805+0000] {logging_mixin.py:149} INFO - [2025-05-02T10:16:42.804+0000] {dag.py:2726} INFO - Sync 1 DAGs
[2025-05-02T10:16:43.846+0000] {logging_mixin.py:149} INFO - [2025-05-02T10:16:43.845+0000] {dag.py:3490} INFO - Setting next_dagrun for data_pipeline to 2025-05-01T00:00:00+00:00, run_after=2025-06-01T00:00:00+00:00
[2025-05-02T10:16:43.937+0000] {processor.py:178} INFO - Processing /opt/airflow/dags/data-pipeline.py took 2.170 seconds
[2025-05-02T10:17:14.533+0000] {processor.py:156} INFO - Started process (PID=744) to work on /opt/airflow/dags/data-pipeline.py
[2025-05-02T10:17:14.536+0000] {processor.py:799} INFO - Processing file /opt/airflow/dags/data-pipeline.py for tasks to queue
[2025-05-02T10:17:14.541+0000] {logging_mixin.py:149} INFO - [2025-05-02T10:17:14.540+0000] {dagbag.py:541} INFO - Filling up the DagBag from /opt/airflow/dags/data-pipeline.py
[2025-05-02T10:17:15.724+0000] {processor.py:809} INFO - DAG(s) dict_keys(['data_pipeline']) retrieved from /opt/airflow/dags/data-pipeline.py
[2025-05-02T10:17:15.798+0000] {logging_mixin.py:149} INFO - [2025-05-02T10:17:15.794+0000] {dag.py:2726} INFO - Sync 1 DAGs
[2025-05-02T10:17:15.864+0000] {logging_mixin.py:149} INFO - [2025-05-02T10:17:15.864+0000] {dag.py:3490} INFO - Setting next_dagrun for data_pipeline to 2025-05-01T00:00:00+00:00, run_after=2025-06-01T00:00:00+00:00
[2025-05-02T10:17:16.013+0000] {processor.py:178} INFO - Processing /opt/airflow/dags/data-pipeline.py took 1.521 seconds
[2025-05-02T10:17:46.471+0000] {processor.py:156} INFO - Started process (PID=778) to work on /opt/airflow/dags/data-pipeline.py
[2025-05-02T10:17:46.474+0000] {processor.py:799} INFO - Processing file /opt/airflow/dags/data-pipeline.py for tasks to queue
[2025-05-02T10:17:46.477+0000] {logging_mixin.py:149} INFO - [2025-05-02T10:17:46.476+0000] {dagbag.py:541} INFO - Filling up the DagBag from /opt/airflow/dags/data-pipeline.py
[2025-05-02T10:17:48.049+0000] {processor.py:809} INFO - DAG(s) dict_keys(['data_pipeline']) retrieved from /opt/airflow/dags/data-pipeline.py
[2025-05-02T10:17:48.250+0000] {logging_mixin.py:149} INFO - [2025-05-02T10:17:48.248+0000] {dag.py:2726} INFO - Sync 1 DAGs
[2025-05-02T10:17:48.407+0000] {logging_mixin.py:149} INFO - [2025-05-02T10:17:48.406+0000] {dag.py:3490} INFO - Setting next_dagrun for data_pipeline to 2025-05-01T00:00:00+00:00, run_after=2025-06-01T00:00:00+00:00
[2025-05-02T10:17:48.528+0000] {processor.py:178} INFO - Processing /opt/airflow/dags/data-pipeline.py took 2.066 seconds
[2025-05-02T10:18:19.381+0000] {processor.py:156} INFO - Started process (PID=813) to work on /opt/airflow/dags/data-pipeline.py
[2025-05-02T10:18:19.403+0000] {processor.py:799} INFO - Processing file /opt/airflow/dags/data-pipeline.py for tasks to queue
[2025-05-02T10:18:19.412+0000] {logging_mixin.py:149} INFO - [2025-05-02T10:18:19.411+0000] {dagbag.py:541} INFO - Filling up the DagBag from /opt/airflow/dags/data-pipeline.py
[2025-05-02T10:18:24.131+0000] {processor.py:809} INFO - DAG(s) dict_keys(['data_pipeline']) retrieved from /opt/airflow/dags/data-pipeline.py
[2025-05-02T10:18:24.356+0000] {logging_mixin.py:149} INFO - [2025-05-02T10:18:24.354+0000] {dag.py:2726} INFO - Sync 1 DAGs
[2025-05-02T10:18:25.579+0000] {logging_mixin.py:149} INFO - [2025-05-02T10:18:25.578+0000] {dag.py:3490} INFO - Setting next_dagrun for data_pipeline to 2025-05-01T00:00:00+00:00, run_after=2025-06-01T00:00:00+00:00
[2025-05-02T10:18:25.655+0000] {processor.py:178} INFO - Processing /opt/airflow/dags/data-pipeline.py took 6.358 seconds
[2025-05-02T10:18:56.093+0000] {processor.py:156} INFO - Started process (PID=874) to work on /opt/airflow/dags/data-pipeline.py
[2025-05-02T10:18:56.095+0000] {processor.py:799} INFO - Processing file /opt/airflow/dags/data-pipeline.py for tasks to queue
[2025-05-02T10:18:56.098+0000] {logging_mixin.py:149} INFO - [2025-05-02T10:18:56.097+0000] {dagbag.py:541} INFO - Filling up the DagBag from /opt/airflow/dags/data-pipeline.py
[2025-05-02T10:18:56.996+0000] {processor.py:809} INFO - DAG(s) dict_keys(['data_pipeline']) retrieved from /opt/airflow/dags/data-pipeline.py
[2025-05-02T10:18:57.052+0000] {logging_mixin.py:149} INFO - [2025-05-02T10:18:57.049+0000] {dag.py:2726} INFO - Sync 1 DAGs
[2025-05-02T10:18:57.108+0000] {logging_mixin.py:149} INFO - [2025-05-02T10:18:57.108+0000] {dag.py:3490} INFO - Setting next_dagrun for data_pipeline to 2025-05-01T00:00:00+00:00, run_after=2025-06-01T00:00:00+00:00
[2025-05-02T10:18:57.168+0000] {processor.py:178} INFO - Processing /opt/airflow/dags/data-pipeline.py took 1.084 seconds
[2025-05-02T10:19:27.702+0000] {processor.py:156} INFO - Started process (PID=908) to work on /opt/airflow/dags/data-pipeline.py
[2025-05-02T10:19:27.705+0000] {processor.py:799} INFO - Processing file /opt/airflow/dags/data-pipeline.py for tasks to queue
[2025-05-02T10:19:27.708+0000] {logging_mixin.py:149} INFO - [2025-05-02T10:19:27.707+0000] {dagbag.py:541} INFO - Filling up the DagBag from /opt/airflow/dags/data-pipeline.py
[2025-05-02T10:19:28.722+0000] {processor.py:809} INFO - DAG(s) dict_keys(['data_pipeline']) retrieved from /opt/airflow/dags/data-pipeline.py
[2025-05-02T10:19:28.793+0000] {logging_mixin.py:149} INFO - [2025-05-02T10:19:28.791+0000] {dag.py:2726} INFO - Sync 1 DAGs
[2025-05-02T10:19:28.875+0000] {logging_mixin.py:149} INFO - [2025-05-02T10:19:28.874+0000] {dag.py:3490} INFO - Setting next_dagrun for data_pipeline to 2025-05-01T00:00:00+00:00, run_after=2025-06-01T00:00:00+00:00
[2025-05-02T10:19:28.956+0000] {processor.py:178} INFO - Processing /opt/airflow/dags/data-pipeline.py took 1.263 seconds
[2025-05-02T10:19:59.452+0000] {processor.py:156} INFO - Started process (PID=942) to work on /opt/airflow/dags/data-pipeline.py
[2025-05-02T10:19:59.457+0000] {processor.py:799} INFO - Processing file /opt/airflow/dags/data-pipeline.py for tasks to queue
[2025-05-02T10:19:59.460+0000] {logging_mixin.py:149} INFO - [2025-05-02T10:19:59.460+0000] {dagbag.py:541} INFO - Filling up the DagBag from /opt/airflow/dags/data-pipeline.py
[2025-05-02T10:20:00.382+0000] {processor.py:809} INFO - DAG(s) dict_keys(['data_pipeline']) retrieved from /opt/airflow/dags/data-pipeline.py
[2025-05-02T10:20:00.515+0000] {logging_mixin.py:149} INFO - [2025-05-02T10:20:00.514+0000] {dag.py:2726} INFO - Sync 1 DAGs
[2025-05-02T10:20:00.958+0000] {logging_mixin.py:149} INFO - [2025-05-02T10:20:00.957+0000] {dag.py:3490} INFO - Setting next_dagrun for data_pipeline to 2025-05-01T00:00:00+00:00, run_after=2025-06-01T00:00:00+00:00
[2025-05-02T10:20:01.025+0000] {processor.py:178} INFO - Processing /opt/airflow/dags/data-pipeline.py took 1.582 seconds
[2025-05-02T10:20:31.463+0000] {processor.py:156} INFO - Started process (PID=976) to work on /opt/airflow/dags/data-pipeline.py
[2025-05-02T10:20:31.466+0000] {processor.py:799} INFO - Processing file /opt/airflow/dags/data-pipeline.py for tasks to queue
[2025-05-02T10:20:31.469+0000] {logging_mixin.py:149} INFO - [2025-05-02T10:20:31.468+0000] {dagbag.py:541} INFO - Filling up the DagBag from /opt/airflow/dags/data-pipeline.py
[2025-05-02T10:20:32.558+0000] {processor.py:809} INFO - DAG(s) dict_keys(['data_pipeline']) retrieved from /opt/airflow/dags/data-pipeline.py
[2025-05-02T10:20:32.642+0000] {logging_mixin.py:149} INFO - [2025-05-02T10:20:32.637+0000] {dag.py:2726} INFO - Sync 1 DAGs
[2025-05-02T10:20:32.708+0000] {logging_mixin.py:149} INFO - [2025-05-02T10:20:32.707+0000] {dag.py:3490} INFO - Setting next_dagrun for data_pipeline to 2025-05-01T00:00:00+00:00, run_after=2025-06-01T00:00:00+00:00
[2025-05-02T10:20:32.780+0000] {processor.py:178} INFO - Processing /opt/airflow/dags/data-pipeline.py took 1.341 seconds
[2025-05-02T10:21:03.294+0000] {processor.py:156} INFO - Started process (PID=1010) to work on /opt/airflow/dags/data-pipeline.py
[2025-05-02T10:21:03.296+0000] {processor.py:799} INFO - Processing file /opt/airflow/dags/data-pipeline.py for tasks to queue
[2025-05-02T10:21:03.299+0000] {logging_mixin.py:149} INFO - [2025-05-02T10:21:03.298+0000] {dagbag.py:541} INFO - Filling up the DagBag from /opt/airflow/dags/data-pipeline.py
[2025-05-02T10:21:04.355+0000] {processor.py:809} INFO - DAG(s) dict_keys(['data_pipeline']) retrieved from /opt/airflow/dags/data-pipeline.py
[2025-05-02T10:21:04.439+0000] {logging_mixin.py:149} INFO - [2025-05-02T10:21:04.436+0000] {dag.py:2726} INFO - Sync 1 DAGs
[2025-05-02T10:21:04.510+0000] {logging_mixin.py:149} INFO - [2025-05-02T10:21:04.509+0000] {dag.py:3490} INFO - Setting next_dagrun for data_pipeline to 2025-05-01T00:00:00+00:00, run_after=2025-06-01T00:00:00+00:00
[2025-05-02T10:21:04.584+0000] {processor.py:178} INFO - Processing /opt/airflow/dags/data-pipeline.py took 1.299 seconds
[2025-05-02T10:21:35.092+0000] {processor.py:156} INFO - Started process (PID=1044) to work on /opt/airflow/dags/data-pipeline.py
[2025-05-02T10:21:35.094+0000] {processor.py:799} INFO - Processing file /opt/airflow/dags/data-pipeline.py for tasks to queue
[2025-05-02T10:21:35.097+0000] {logging_mixin.py:149} INFO - [2025-05-02T10:21:35.096+0000] {dagbag.py:541} INFO - Filling up the DagBag from /opt/airflow/dags/data-pipeline.py
[2025-05-02T10:21:36.265+0000] {processor.py:809} INFO - DAG(s) dict_keys(['data_pipeline']) retrieved from /opt/airflow/dags/data-pipeline.py
[2025-05-02T10:21:36.332+0000] {logging_mixin.py:149} INFO - [2025-05-02T10:21:36.331+0000] {dag.py:2726} INFO - Sync 1 DAGs
[2025-05-02T10:21:36.412+0000] {logging_mixin.py:149} INFO - [2025-05-02T10:21:36.411+0000] {dag.py:3490} INFO - Setting next_dagrun for data_pipeline to 2025-05-01T00:00:00+00:00, run_after=2025-06-01T00:00:00+00:00
[2025-05-02T10:21:36.843+0000] {processor.py:178} INFO - Processing /opt/airflow/dags/data-pipeline.py took 1.764 seconds
[2025-05-02T10:22:07.575+0000] {processor.py:156} INFO - Started process (PID=1078) to work on /opt/airflow/dags/data-pipeline.py
[2025-05-02T10:22:07.578+0000] {processor.py:799} INFO - Processing file /opt/airflow/dags/data-pipeline.py for tasks to queue
[2025-05-02T10:22:07.582+0000] {logging_mixin.py:149} INFO - [2025-05-02T10:22:07.581+0000] {dagbag.py:541} INFO - Filling up the DagBag from /opt/airflow/dags/data-pipeline.py
[2025-05-02T10:22:08.540+0000] {processor.py:809} INFO - DAG(s) dict_keys(['data_pipeline']) retrieved from /opt/airflow/dags/data-pipeline.py
[2025-05-02T10:22:08.614+0000] {logging_mixin.py:149} INFO - [2025-05-02T10:22:08.613+0000] {dag.py:2726} INFO - Sync 1 DAGs
[2025-05-02T10:22:09.285+0000] {logging_mixin.py:149} INFO - [2025-05-02T10:22:09.284+0000] {dag.py:3490} INFO - Setting next_dagrun for data_pipeline to 2025-05-01T00:00:00+00:00, run_after=2025-06-01T00:00:00+00:00
[2025-05-02T10:22:09.668+0000] {processor.py:178} INFO - Processing /opt/airflow/dags/data-pipeline.py took 2.100 seconds
[2025-05-02T10:22:40.073+0000] {processor.py:156} INFO - Started process (PID=1112) to work on /opt/airflow/dags/data-pipeline.py
[2025-05-02T10:22:40.076+0000] {processor.py:799} INFO - Processing file /opt/airflow/dags/data-pipeline.py for tasks to queue
[2025-05-02T10:22:40.078+0000] {logging_mixin.py:149} INFO - [2025-05-02T10:22:40.078+0000] {dagbag.py:541} INFO - Filling up the DagBag from /opt/airflow/dags/data-pipeline.py
[2025-05-02T10:22:41.077+0000] {processor.py:809} INFO - DAG(s) dict_keys(['data_pipeline']) retrieved from /opt/airflow/dags/data-pipeline.py
[2025-05-02T10:22:41.221+0000] {logging_mixin.py:149} INFO - [2025-05-02T10:22:41.220+0000] {dag.py:2726} INFO - Sync 1 DAGs
[2025-05-02T10:22:41.298+0000] {logging_mixin.py:149} INFO - [2025-05-02T10:22:41.297+0000] {dag.py:3490} INFO - Setting next_dagrun for data_pipeline to 2025-05-01T00:00:00+00:00, run_after=2025-06-01T00:00:00+00:00
[2025-05-02T10:22:41.419+0000] {processor.py:178} INFO - Processing /opt/airflow/dags/data-pipeline.py took 1.353 seconds
[2025-05-02T10:23:11.972+0000] {processor.py:156} INFO - Started process (PID=1146) to work on /opt/airflow/dags/data-pipeline.py
[2025-05-02T10:23:11.975+0000] {processor.py:799} INFO - Processing file /opt/airflow/dags/data-pipeline.py for tasks to queue
[2025-05-02T10:23:11.977+0000] {logging_mixin.py:149} INFO - [2025-05-02T10:23:11.977+0000] {dagbag.py:541} INFO - Filling up the DagBag from /opt/airflow/dags/data-pipeline.py
[2025-05-02T10:23:12.971+0000] {processor.py:809} INFO - DAG(s) dict_keys(['data_pipeline']) retrieved from /opt/airflow/dags/data-pipeline.py
[2025-05-02T10:23:13.113+0000] {logging_mixin.py:149} INFO - [2025-05-02T10:23:13.112+0000] {dag.py:2726} INFO - Sync 1 DAGs
[2025-05-02T10:23:13.184+0000] {logging_mixin.py:149} INFO - [2025-05-02T10:23:13.183+0000] {dag.py:3490} INFO - Setting next_dagrun for data_pipeline to 2025-05-01T00:00:00+00:00, run_after=2025-06-01T00:00:00+00:00
[2025-05-02T10:23:13.642+0000] {processor.py:178} INFO - Processing /opt/airflow/dags/data-pipeline.py took 1.681 seconds
[2025-05-02T10:23:44.171+0000] {processor.py:156} INFO - Started process (PID=1180) to work on /opt/airflow/dags/data-pipeline.py
[2025-05-02T10:23:44.173+0000] {processor.py:799} INFO - Processing file /opt/airflow/dags/data-pipeline.py for tasks to queue
[2025-05-02T10:23:44.175+0000] {logging_mixin.py:149} INFO - [2025-05-02T10:23:44.175+0000] {dagbag.py:541} INFO - Filling up the DagBag from /opt/airflow/dags/data-pipeline.py
[2025-05-02T10:23:45.114+0000] {processor.py:809} INFO - DAG(s) dict_keys(['data_pipeline']) retrieved from /opt/airflow/dags/data-pipeline.py
[2025-05-02T10:23:45.249+0000] {logging_mixin.py:149} INFO - [2025-05-02T10:23:45.248+0000] {dag.py:2726} INFO - Sync 1 DAGs
[2025-05-02T10:23:45.848+0000] {logging_mixin.py:149} INFO - [2025-05-02T10:23:45.847+0000] {dag.py:3490} INFO - Setting next_dagrun for data_pipeline to 2025-05-01T00:00:00+00:00, run_after=2025-06-01T00:00:00+00:00
[2025-05-02T10:23:45.920+0000] {processor.py:178} INFO - Processing /opt/airflow/dags/data-pipeline.py took 1.757 seconds
[2025-05-02T10:24:16.364+0000] {processor.py:156} INFO - Started process (PID=1214) to work on /opt/airflow/dags/data-pipeline.py
[2025-05-02T10:24:16.366+0000] {processor.py:799} INFO - Processing file /opt/airflow/dags/data-pipeline.py for tasks to queue
[2025-05-02T10:24:16.368+0000] {logging_mixin.py:149} INFO - [2025-05-02T10:24:16.368+0000] {dagbag.py:541} INFO - Filling up the DagBag from /opt/airflow/dags/data-pipeline.py
[2025-05-02T10:24:17.249+0000] {processor.py:809} INFO - DAG(s) dict_keys(['data_pipeline']) retrieved from /opt/airflow/dags/data-pipeline.py
[2025-05-02T10:24:17.391+0000] {logging_mixin.py:149} INFO - [2025-05-02T10:24:17.390+0000] {dag.py:2726} INFO - Sync 1 DAGs
[2025-05-02T10:24:17.461+0000] {logging_mixin.py:149} INFO - [2025-05-02T10:24:17.460+0000] {dag.py:3490} INFO - Setting next_dagrun for data_pipeline to 2025-05-01T00:00:00+00:00, run_after=2025-06-01T00:00:00+00:00
[2025-05-02T10:24:17.537+0000] {processor.py:178} INFO - Processing /opt/airflow/dags/data-pipeline.py took 1.179 seconds
[2025-05-02T10:24:48.101+0000] {processor.py:156} INFO - Started process (PID=1248) to work on /opt/airflow/dags/data-pipeline.py
[2025-05-02T10:24:48.103+0000] {processor.py:799} INFO - Processing file /opt/airflow/dags/data-pipeline.py for tasks to queue
[2025-05-02T10:24:48.106+0000] {logging_mixin.py:149} INFO - [2025-05-02T10:24:48.105+0000] {dagbag.py:541} INFO - Filling up the DagBag from /opt/airflow/dags/data-pipeline.py
[2025-05-02T10:24:49.086+0000] {processor.py:809} INFO - DAG(s) dict_keys(['data_pipeline']) retrieved from /opt/airflow/dags/data-pipeline.py
[2025-05-02T10:24:49.225+0000] {logging_mixin.py:149} INFO - [2025-05-02T10:24:49.224+0000] {dag.py:2726} INFO - Sync 1 DAGs
[2025-05-02T10:24:49.315+0000] {logging_mixin.py:149} INFO - [2025-05-02T10:24:49.314+0000] {dag.py:3490} INFO - Setting next_dagrun for data_pipeline to 2025-05-01T00:00:00+00:00, run_after=2025-06-01T00:00:00+00:00
[2025-05-02T10:24:49.729+0000] {processor.py:178} INFO - Processing /opt/airflow/dags/data-pipeline.py took 1.636 seconds
[2025-05-02T10:25:20.250+0000] {processor.py:156} INFO - Started process (PID=1282) to work on /opt/airflow/dags/data-pipeline.py
[2025-05-02T10:25:20.253+0000] {processor.py:799} INFO - Processing file /opt/airflow/dags/data-pipeline.py for tasks to queue
[2025-05-02T10:25:20.256+0000] {logging_mixin.py:149} INFO - [2025-05-02T10:25:20.255+0000] {dagbag.py:541} INFO - Filling up the DagBag from /opt/airflow/dags/data-pipeline.py
[2025-05-02T10:25:21.300+0000] {processor.py:809} INFO - DAG(s) dict_keys(['data_pipeline']) retrieved from /opt/airflow/dags/data-pipeline.py
[2025-05-02T10:25:21.382+0000] {logging_mixin.py:149} INFO - [2025-05-02T10:25:21.381+0000] {dag.py:2726} INFO - Sync 1 DAGs
[2025-05-02T10:25:21.828+0000] {logging_mixin.py:149} INFO - [2025-05-02T10:25:21.827+0000] {dag.py:3490} INFO - Setting next_dagrun for data_pipeline to 2025-05-01T00:00:00+00:00, run_after=2025-06-01T00:00:00+00:00
[2025-05-02T10:25:21.899+0000] {processor.py:178} INFO - Processing /opt/airflow/dags/data-pipeline.py took 1.670 seconds
[2025-05-02T10:25:52.338+0000] {processor.py:156} INFO - Started process (PID=1316) to work on /opt/airflow/dags/data-pipeline.py
[2025-05-02T10:25:52.340+0000] {processor.py:799} INFO - Processing file /opt/airflow/dags/data-pipeline.py for tasks to queue
[2025-05-02T10:25:52.343+0000] {logging_mixin.py:149} INFO - [2025-05-02T10:25:52.342+0000] {dagbag.py:541} INFO - Filling up the DagBag from /opt/airflow/dags/data-pipeline.py
[2025-05-02T10:25:53.375+0000] {processor.py:809} INFO - DAG(s) dict_keys(['data_pipeline']) retrieved from /opt/airflow/dags/data-pipeline.py
[2025-05-02T10:25:53.750+0000] {logging_mixin.py:149} INFO - [2025-05-02T10:25:53.748+0000] {dag.py:2726} INFO - Sync 1 DAGs
[2025-05-02T10:25:53.822+0000] {logging_mixin.py:149} INFO - [2025-05-02T10:25:53.821+0000] {dag.py:3490} INFO - Setting next_dagrun for data_pipeline to 2025-05-01T00:00:00+00:00, run_after=2025-06-01T00:00:00+00:00
[2025-05-02T10:25:53.900+0000] {processor.py:178} INFO - Processing /opt/airflow/dags/data-pipeline.py took 1.571 seconds
[2025-05-02T10:26:24.299+0000] {processor.py:156} INFO - Started process (PID=1350) to work on /opt/airflow/dags/data-pipeline.py
[2025-05-02T10:26:24.301+0000] {processor.py:799} INFO - Processing file /opt/airflow/dags/data-pipeline.py for tasks to queue
[2025-05-02T10:26:24.304+0000] {logging_mixin.py:149} INFO - [2025-05-02T10:26:24.303+0000] {dagbag.py:541} INFO - Filling up the DagBag from /opt/airflow/dags/data-pipeline.py
[2025-05-02T10:26:25.225+0000] {processor.py:809} INFO - DAG(s) dict_keys(['data_pipeline']) retrieved from /opt/airflow/dags/data-pipeline.py
[2025-05-02T10:26:25.291+0000] {logging_mixin.py:149} INFO - [2025-05-02T10:26:25.289+0000] {dag.py:2726} INFO - Sync 1 DAGs
[2025-05-02T10:26:25.357+0000] {logging_mixin.py:149} INFO - [2025-05-02T10:26:25.357+0000] {dag.py:3490} INFO - Setting next_dagrun for data_pipeline to 2025-05-01T00:00:00+00:00, run_after=2025-06-01T00:00:00+00:00
[2025-05-02T10:26:25.946+0000] {processor.py:178} INFO - Processing /opt/airflow/dags/data-pipeline.py took 1.656 seconds
[2025-05-02T10:26:56.423+0000] {processor.py:156} INFO - Started process (PID=1384) to work on /opt/airflow/dags/data-pipeline.py
[2025-05-02T10:26:56.425+0000] {processor.py:799} INFO - Processing file /opt/airflow/dags/data-pipeline.py for tasks to queue
[2025-05-02T10:26:56.427+0000] {logging_mixin.py:149} INFO - [2025-05-02T10:26:56.427+0000] {dagbag.py:541} INFO - Filling up the DagBag from /opt/airflow/dags/data-pipeline.py
[2025-05-02T10:26:57.349+0000] {processor.py:809} INFO - DAG(s) dict_keys(['data_pipeline']) retrieved from /opt/airflow/dags/data-pipeline.py
[2025-05-02T10:26:57.484+0000] {logging_mixin.py:149} INFO - [2025-05-02T10:26:57.482+0000] {dag.py:2726} INFO - Sync 1 DAGs
[2025-05-02T10:26:57.892+0000] {logging_mixin.py:149} INFO - [2025-05-02T10:26:57.892+0000] {dag.py:3490} INFO - Setting next_dagrun for data_pipeline to 2025-05-01T00:00:00+00:00, run_after=2025-06-01T00:00:00+00:00
[2025-05-02T10:26:57.976+0000] {processor.py:178} INFO - Processing /opt/airflow/dags/data-pipeline.py took 1.559 seconds
[2025-05-02T10:27:28.475+0000] {processor.py:156} INFO - Started process (PID=1418) to work on /opt/airflow/dags/data-pipeline.py
[2025-05-02T10:27:28.477+0000] {processor.py:799} INFO - Processing file /opt/airflow/dags/data-pipeline.py for tasks to queue
[2025-05-02T10:27:28.479+0000] {logging_mixin.py:149} INFO - [2025-05-02T10:27:28.479+0000] {dagbag.py:541} INFO - Filling up the DagBag from /opt/airflow/dags/data-pipeline.py
[2025-05-02T10:27:29.410+0000] {processor.py:809} INFO - DAG(s) dict_keys(['data_pipeline']) retrieved from /opt/airflow/dags/data-pipeline.py
[2025-05-02T10:27:29.823+0000] {logging_mixin.py:149} INFO - [2025-05-02T10:27:29.822+0000] {dag.py:2726} INFO - Sync 1 DAGs
[2025-05-02T10:27:29.895+0000] {logging_mixin.py:149} INFO - [2025-05-02T10:27:29.893+0000] {dag.py:3490} INFO - Setting next_dagrun for data_pipeline to 2025-05-01T00:00:00+00:00, run_after=2025-06-01T00:00:00+00:00
[2025-05-02T10:27:29.976+0000] {processor.py:178} INFO - Processing /opt/airflow/dags/data-pipeline.py took 1.507 seconds
[2025-05-02T10:28:00.384+0000] {processor.py:156} INFO - Started process (PID=1452) to work on /opt/airflow/dags/data-pipeline.py
[2025-05-02T10:28:00.386+0000] {processor.py:799} INFO - Processing file /opt/airflow/dags/data-pipeline.py for tasks to queue
[2025-05-02T10:28:00.389+0000] {logging_mixin.py:149} INFO - [2025-05-02T10:28:00.388+0000] {dagbag.py:541} INFO - Filling up the DagBag from /opt/airflow/dags/data-pipeline.py
[2025-05-02T10:28:01.339+0000] {processor.py:809} INFO - DAG(s) dict_keys(['data_pipeline']) retrieved from /opt/airflow/dags/data-pipeline.py
[2025-05-02T10:28:01.466+0000] {logging_mixin.py:149} INFO - [2025-05-02T10:28:01.464+0000] {dag.py:2726} INFO - Sync 1 DAGs
[2025-05-02T10:28:01.548+0000] {logging_mixin.py:149} INFO - [2025-05-02T10:28:01.548+0000] {dag.py:3490} INFO - Setting next_dagrun for data_pipeline to 2025-05-01T00:00:00+00:00, run_after=2025-06-01T00:00:00+00:00
[2025-05-02T10:28:02.005+0000] {processor.py:178} INFO - Processing /opt/airflow/dags/data-pipeline.py took 1.627 seconds
[2025-05-02T10:28:32.540+0000] {processor.py:156} INFO - Started process (PID=1486) to work on /opt/airflow/dags/data-pipeline.py
[2025-05-02T10:28:32.542+0000] {processor.py:799} INFO - Processing file /opt/airflow/dags/data-pipeline.py for tasks to queue
[2025-05-02T10:28:32.544+0000] {logging_mixin.py:149} INFO - [2025-05-02T10:28:32.544+0000] {dagbag.py:541} INFO - Filling up the DagBag from /opt/airflow/dags/data-pipeline.py
[2025-05-02T10:28:33.576+0000] {processor.py:809} INFO - DAG(s) dict_keys(['data_pipeline']) retrieved from /opt/airflow/dags/data-pipeline.py
[2025-05-02T10:28:33.676+0000] {logging_mixin.py:149} INFO - [2025-05-02T10:28:33.674+0000] {dag.py:2726} INFO - Sync 1 DAGs
[2025-05-02T10:28:34.290+0000] {logging_mixin.py:149} INFO - [2025-05-02T10:28:34.289+0000] {dag.py:3490} INFO - Setting next_dagrun for data_pipeline to 2025-05-01T00:00:00+00:00, run_after=2025-06-01T00:00:00+00:00
[2025-05-02T10:28:34.396+0000] {processor.py:178} INFO - Processing /opt/airflow/dags/data-pipeline.py took 1.864 seconds
[2025-05-02T10:34:05.792+0000] {processor.py:156} INFO - Started process (PID=1520) to work on /opt/airflow/dags/data-pipeline.py
[2025-05-02T10:34:05.795+0000] {processor.py:799} INFO - Processing file /opt/airflow/dags/data-pipeline.py for tasks to queue
[2025-05-02T10:34:05.807+0000] {logging_mixin.py:149} INFO - [2025-05-02T10:34:05.806+0000] {dagbag.py:541} INFO - Filling up the DagBag from /opt/airflow/dags/data-pipeline.py
[2025-05-02T10:34:11.363+0000] {processor.py:809} INFO - DAG(s) dict_keys(['data_pipeline']) retrieved from /opt/airflow/dags/data-pipeline.py
[2025-05-02T10:34:15.108+0000] {logging_mixin.py:149} INFO - [2025-05-02T10:34:12.074+0000] {dag.py:2726} INFO - Sync 1 DAGs
[2025-05-02T10:34:15.229+0000] {logging_mixin.py:149} INFO - [2025-05-02T10:34:15.228+0000] {dag.py:3490} INFO - Setting next_dagrun for data_pipeline to 2025-05-01T00:00:00+00:00, run_after=2025-06-01T00:00:00+00:00
[2025-05-02T10:34:15.360+0000] {processor.py:178} INFO - Processing /opt/airflow/dags/data-pipeline.py took 9.588 seconds
[2025-05-02T10:34:45.674+0000] {processor.py:156} INFO - Started process (PID=1556) to work on /opt/airflow/dags/data-pipeline.py
[2025-05-02T10:34:45.679+0000] {processor.py:799} INFO - Processing file /opt/airflow/dags/data-pipeline.py for tasks to queue
[2025-05-02T10:34:45.685+0000] {logging_mixin.py:149} INFO - [2025-05-02T10:34:45.683+0000] {dagbag.py:541} INFO - Filling up the DagBag from /opt/airflow/dags/data-pipeline.py
[2025-05-02T10:34:48.909+0000] {processor.py:809} INFO - DAG(s) dict_keys(['data_pipeline']) retrieved from /opt/airflow/dags/data-pipeline.py
[2025-05-02T10:34:48.989+0000] {logging_mixin.py:149} INFO - [2025-05-02T10:34:48.988+0000] {dag.py:2726} INFO - Sync 1 DAGs
[2025-05-02T10:34:49.047+0000] {logging_mixin.py:149} INFO - [2025-05-02T10:34:49.047+0000] {dag.py:3490} INFO - Setting next_dagrun for data_pipeline to 2025-05-01T00:00:00+00:00, run_after=2025-06-01T00:00:00+00:00
[2025-05-02T10:34:49.112+0000] {processor.py:178} INFO - Processing /opt/airflow/dags/data-pipeline.py took 3.464 seconds
[2025-05-02T10:35:19.538+0000] {processor.py:156} INFO - Started process (PID=1590) to work on /opt/airflow/dags/data-pipeline.py
[2025-05-02T10:35:19.546+0000] {processor.py:799} INFO - Processing file /opt/airflow/dags/data-pipeline.py for tasks to queue
[2025-05-02T10:35:19.548+0000] {logging_mixin.py:149} INFO - [2025-05-02T10:35:19.548+0000] {dagbag.py:541} INFO - Filling up the DagBag from /opt/airflow/dags/data-pipeline.py
[2025-05-02T10:35:21.380+0000] {processor.py:809} INFO - DAG(s) dict_keys(['data_pipeline']) retrieved from /opt/airflow/dags/data-pipeline.py
[2025-05-02T10:35:21.733+0000] {logging_mixin.py:149} INFO - [2025-05-02T10:35:21.732+0000] {dag.py:2726} INFO - Sync 1 DAGs
[2025-05-02T10:35:24.468+0000] {logging_mixin.py:149} INFO - [2025-05-02T10:35:24.467+0000] {dag.py:3490} INFO - Setting next_dagrun for data_pipeline to 2025-05-01T00:00:00+00:00, run_after=2025-06-01T00:00:00+00:00
[2025-05-02T10:35:24.542+0000] {processor.py:178} INFO - Processing /opt/airflow/dags/data-pipeline.py took 5.023 seconds
[2025-05-02T10:35:54.975+0000] {processor.py:156} INFO - Started process (PID=1624) to work on /opt/airflow/dags/data-pipeline.py
[2025-05-02T10:35:54.978+0000] {processor.py:799} INFO - Processing file /opt/airflow/dags/data-pipeline.py for tasks to queue
[2025-05-02T10:35:54.982+0000] {logging_mixin.py:149} INFO - [2025-05-02T10:35:54.981+0000] {dagbag.py:541} INFO - Filling up the DagBag from /opt/airflow/dags/data-pipeline.py
[2025-05-02T10:35:56.166+0000] {processor.py:809} INFO - DAG(s) dict_keys(['data_pipeline']) retrieved from /opt/airflow/dags/data-pipeline.py
[2025-05-02T10:35:56.809+0000] {logging_mixin.py:149} INFO - [2025-05-02T10:35:56.228+0000] {dag.py:2726} INFO - Sync 1 DAGs
[2025-05-02T10:35:56.874+0000] {logging_mixin.py:149} INFO - [2025-05-02T10:35:56.873+0000] {dag.py:3490} INFO - Setting next_dagrun for data_pipeline to 2025-05-01T00:00:00+00:00, run_after=2025-06-01T00:00:00+00:00
[2025-05-02T10:35:56.964+0000] {processor.py:178} INFO - Processing /opt/airflow/dags/data-pipeline.py took 2.000 seconds
[2025-05-02T10:36:27.423+0000] {processor.py:156} INFO - Started process (PID=1657) to work on /opt/airflow/dags/data-pipeline.py
[2025-05-02T10:36:27.425+0000] {processor.py:799} INFO - Processing file /opt/airflow/dags/data-pipeline.py for tasks to queue
[2025-05-02T10:36:27.427+0000] {logging_mixin.py:149} INFO - [2025-05-02T10:36:27.426+0000] {dagbag.py:541} INFO - Filling up the DagBag from /opt/airflow/dags/data-pipeline.py
[2025-05-02T10:36:29.451+0000] {processor.py:809} INFO - DAG(s) dict_keys(['data_pipeline']) retrieved from /opt/airflow/dags/data-pipeline.py
[2025-05-02T10:36:29.563+0000] {logging_mixin.py:149} INFO - [2025-05-02T10:36:29.562+0000] {dag.py:2726} INFO - Sync 1 DAGs
[2025-05-02T10:36:29.648+0000] {logging_mixin.py:149} INFO - [2025-05-02T10:36:29.648+0000] {dag.py:3490} INFO - Setting next_dagrun for data_pipeline to 2025-05-01T00:00:00+00:00, run_after=2025-06-01T00:00:00+00:00
[2025-05-02T10:36:29.741+0000] {processor.py:178} INFO - Processing /opt/airflow/dags/data-pipeline.py took 2.329 seconds
[2025-05-02T10:37:00.213+0000] {processor.py:156} INFO - Started process (PID=1692) to work on /opt/airflow/dags/data-pipeline.py
[2025-05-02T10:37:00.215+0000] {processor.py:799} INFO - Processing file /opt/airflow/dags/data-pipeline.py for tasks to queue
[2025-05-02T10:37:00.220+0000] {logging_mixin.py:149} INFO - [2025-05-02T10:37:00.219+0000] {dagbag.py:541} INFO - Filling up the DagBag from /opt/airflow/dags/data-pipeline.py
[2025-05-02T10:37:01.330+0000] {processor.py:809} INFO - DAG(s) dict_keys(['data_pipeline']) retrieved from /opt/airflow/dags/data-pipeline.py
[2025-05-02T10:37:01.412+0000] {logging_mixin.py:149} INFO - [2025-05-02T10:37:01.411+0000] {dag.py:2726} INFO - Sync 1 DAGs
[2025-05-02T10:37:01.928+0000] {logging_mixin.py:149} INFO - [2025-05-02T10:37:01.928+0000] {dag.py:3490} INFO - Setting next_dagrun for data_pipeline to 2025-05-01T00:00:00+00:00, run_after=2025-06-01T00:00:00+00:00
[2025-05-02T10:37:01.990+0000] {processor.py:178} INFO - Processing /opt/airflow/dags/data-pipeline.py took 1.789 seconds
[2025-05-02T10:37:32.420+0000] {processor.py:156} INFO - Started process (PID=1726) to work on /opt/airflow/dags/data-pipeline.py
[2025-05-02T10:37:32.423+0000] {processor.py:799} INFO - Processing file /opt/airflow/dags/data-pipeline.py for tasks to queue
[2025-05-02T10:37:32.426+0000] {logging_mixin.py:149} INFO - [2025-05-02T10:37:32.425+0000] {dagbag.py:541} INFO - Filling up the DagBag from /opt/airflow/dags/data-pipeline.py
[2025-05-02T10:37:33.395+0000] {processor.py:809} INFO - DAG(s) dict_keys(['data_pipeline']) retrieved from /opt/airflow/dags/data-pipeline.py
[2025-05-02T10:37:33.824+0000] {logging_mixin.py:149} INFO - [2025-05-02T10:37:33.522+0000] {dag.py:2726} INFO - Sync 1 DAGs
[2025-05-02T10:37:33.879+0000] {logging_mixin.py:149} INFO - [2025-05-02T10:37:33.878+0000] {dag.py:3490} INFO - Setting next_dagrun for data_pipeline to 2025-05-01T00:00:00+00:00, run_after=2025-06-01T00:00:00+00:00
[2025-05-02T10:37:33.944+0000] {processor.py:178} INFO - Processing /opt/airflow/dags/data-pipeline.py took 1.533 seconds
[2025-05-02T10:38:04.466+0000] {processor.py:156} INFO - Started process (PID=1760) to work on /opt/airflow/dags/data-pipeline.py
[2025-05-02T10:38:04.476+0000] {processor.py:799} INFO - Processing file /opt/airflow/dags/data-pipeline.py for tasks to queue
[2025-05-02T10:38:04.480+0000] {logging_mixin.py:149} INFO - [2025-05-02T10:38:04.479+0000] {dagbag.py:541} INFO - Filling up the DagBag from /opt/airflow/dags/data-pipeline.py
[2025-05-02T10:38:05.695+0000] {processor.py:809} INFO - DAG(s) dict_keys(['data_pipeline']) retrieved from /opt/airflow/dags/data-pipeline.py
[2025-05-02T10:38:05.765+0000] {logging_mixin.py:149} INFO - [2025-05-02T10:38:05.764+0000] {dag.py:2726} INFO - Sync 1 DAGs
[2025-05-02T10:38:05.831+0000] {logging_mixin.py:149} INFO - [2025-05-02T10:38:05.830+0000] {dag.py:3490} INFO - Setting next_dagrun for data_pipeline to 2025-05-01T00:00:00+00:00, run_after=2025-06-01T00:00:00+00:00
[2025-05-02T10:38:05.915+0000] {processor.py:178} INFO - Processing /opt/airflow/dags/data-pipeline.py took 1.461 seconds
[2025-05-02T10:38:36.512+0000] {processor.py:156} INFO - Started process (PID=1794) to work on /opt/airflow/dags/data-pipeline.py
[2025-05-02T10:38:36.516+0000] {processor.py:799} INFO - Processing file /opt/airflow/dags/data-pipeline.py for tasks to queue
[2025-05-02T10:38:36.519+0000] {logging_mixin.py:149} INFO - [2025-05-02T10:38:36.519+0000] {dagbag.py:541} INFO - Filling up the DagBag from /opt/airflow/dags/data-pipeline.py
[2025-05-02T10:38:37.528+0000] {processor.py:809} INFO - DAG(s) dict_keys(['data_pipeline']) retrieved from /opt/airflow/dags/data-pipeline.py
[2025-05-02T10:38:37.609+0000] {logging_mixin.py:149} INFO - [2025-05-02T10:38:37.608+0000] {dag.py:2726} INFO - Sync 1 DAGs
[2025-05-02T10:38:38.127+0000] {logging_mixin.py:149} INFO - [2025-05-02T10:38:38.126+0000] {dag.py:3490} INFO - Setting next_dagrun for data_pipeline to 2025-05-01T00:00:00+00:00, run_after=2025-06-01T00:00:00+00:00
[2025-05-02T10:38:38.223+0000] {processor.py:178} INFO - Processing /opt/airflow/dags/data-pipeline.py took 1.729 seconds
[2025-05-02T10:39:08.806+0000] {processor.py:156} INFO - Started process (PID=1828) to work on /opt/airflow/dags/data-pipeline.py
[2025-05-02T10:39:08.808+0000] {processor.py:799} INFO - Processing file /opt/airflow/dags/data-pipeline.py for tasks to queue
[2025-05-02T10:39:08.810+0000] {logging_mixin.py:149} INFO - [2025-05-02T10:39:08.809+0000] {dagbag.py:541} INFO - Filling up the DagBag from /opt/airflow/dags/data-pipeline.py
[2025-05-02T10:39:10.333+0000] {processor.py:809} INFO - DAG(s) dict_keys(['data_pipeline']) retrieved from /opt/airflow/dags/data-pipeline.py
[2025-05-02T10:39:10.811+0000] {logging_mixin.py:149} INFO - [2025-05-02T10:39:10.404+0000] {dag.py:2726} INFO - Sync 1 DAGs
[2025-05-02T10:39:10.889+0000] {logging_mixin.py:149} INFO - [2025-05-02T10:39:10.889+0000] {dag.py:3490} INFO - Setting next_dagrun for data_pipeline to 2025-05-01T00:00:00+00:00, run_after=2025-06-01T00:00:00+00:00
[2025-05-02T10:39:10.979+0000] {processor.py:178} INFO - Processing /opt/airflow/dags/data-pipeline.py took 2.181 seconds
[2025-05-02T10:39:41.424+0000] {processor.py:156} INFO - Started process (PID=1862) to work on /opt/airflow/dags/data-pipeline.py
[2025-05-02T10:39:41.427+0000] {processor.py:799} INFO - Processing file /opt/airflow/dags/data-pipeline.py for tasks to queue
[2025-05-02T10:39:41.429+0000] {logging_mixin.py:149} INFO - [2025-05-02T10:39:41.429+0000] {dagbag.py:541} INFO - Filling up the DagBag from /opt/airflow/dags/data-pipeline.py
[2025-05-02T10:39:42.778+0000] {processor.py:809} INFO - DAG(s) dict_keys(['data_pipeline']) retrieved from /opt/airflow/dags/data-pipeline.py
[2025-05-02T10:39:42.851+0000] {logging_mixin.py:149} INFO - [2025-05-02T10:39:42.850+0000] {dag.py:2726} INFO - Sync 1 DAGs
[2025-05-02T10:39:42.905+0000] {logging_mixin.py:149} INFO - [2025-05-02T10:39:42.905+0000] {dag.py:3490} INFO - Setting next_dagrun for data_pipeline to 2025-05-01T00:00:00+00:00, run_after=2025-06-01T00:00:00+00:00
[2025-05-02T10:39:42.966+0000] {processor.py:178} INFO - Processing /opt/airflow/dags/data-pipeline.py took 1.551 seconds
[2025-05-02T10:40:13.444+0000] {processor.py:156} INFO - Started process (PID=1896) to work on /opt/airflow/dags/data-pipeline.py
[2025-05-02T10:40:13.446+0000] {processor.py:799} INFO - Processing file /opt/airflow/dags/data-pipeline.py for tasks to queue
[2025-05-02T10:40:13.448+0000] {logging_mixin.py:149} INFO - [2025-05-02T10:40:13.448+0000] {dagbag.py:541} INFO - Filling up the DagBag from /opt/airflow/dags/data-pipeline.py
[2025-05-02T10:40:14.421+0000] {processor.py:809} INFO - DAG(s) dict_keys(['data_pipeline']) retrieved from /opt/airflow/dags/data-pipeline.py
[2025-05-02T10:40:14.510+0000] {logging_mixin.py:149} INFO - [2025-05-02T10:40:14.509+0000] {dag.py:2726} INFO - Sync 1 DAGs
[2025-05-02T10:40:14.911+0000] {logging_mixin.py:149} INFO - [2025-05-02T10:40:14.910+0000] {dag.py:3490} INFO - Setting next_dagrun for data_pipeline to 2025-05-01T00:00:00+00:00, run_after=2025-06-01T00:00:00+00:00
[2025-05-02T10:40:14.983+0000] {processor.py:178} INFO - Processing /opt/airflow/dags/data-pipeline.py took 1.545 seconds
[2025-05-02T10:40:45.498+0000] {processor.py:156} INFO - Started process (PID=1930) to work on /opt/airflow/dags/data-pipeline.py
[2025-05-02T10:40:45.501+0000] {processor.py:799} INFO - Processing file /opt/airflow/dags/data-pipeline.py for tasks to queue
[2025-05-02T10:40:45.504+0000] {logging_mixin.py:149} INFO - [2025-05-02T10:40:45.503+0000] {dagbag.py:541} INFO - Filling up the DagBag from /opt/airflow/dags/data-pipeline.py
[2025-05-02T10:40:46.560+0000] {processor.py:809} INFO - DAG(s) dict_keys(['data_pipeline']) retrieved from /opt/airflow/dags/data-pipeline.py
[2025-05-02T10:40:46.952+0000] {logging_mixin.py:149} INFO - [2025-05-02T10:40:46.645+0000] {dag.py:2726} INFO - Sync 1 DAGs
[2025-05-02T10:40:47.054+0000] {logging_mixin.py:149} INFO - [2025-05-02T10:40:47.054+0000] {dag.py:3490} INFO - Setting next_dagrun for data_pipeline to 2025-05-01T00:00:00+00:00, run_after=2025-06-01T00:00:00+00:00
[2025-05-02T10:40:47.120+0000] {processor.py:178} INFO - Processing /opt/airflow/dags/data-pipeline.py took 1.628 seconds
[2025-05-02T10:41:17.562+0000] {processor.py:156} INFO - Started process (PID=1964) to work on /opt/airflow/dags/data-pipeline.py
[2025-05-02T10:41:17.564+0000] {processor.py:799} INFO - Processing file /opt/airflow/dags/data-pipeline.py for tasks to queue
[2025-05-02T10:41:17.567+0000] {logging_mixin.py:149} INFO - [2025-05-02T10:41:17.566+0000] {dagbag.py:541} INFO - Filling up the DagBag from /opt/airflow/dags/data-pipeline.py
[2025-05-02T10:41:18.803+0000] {processor.py:809} INFO - DAG(s) dict_keys(['data_pipeline']) retrieved from /opt/airflow/dags/data-pipeline.py
[2025-05-02T10:41:18.857+0000] {logging_mixin.py:149} INFO - [2025-05-02T10:41:18.856+0000] {dag.py:2726} INFO - Sync 1 DAGs
[2025-05-02T10:41:18.911+0000] {logging_mixin.py:149} INFO - [2025-05-02T10:41:18.911+0000] {dag.py:3490} INFO - Setting next_dagrun for data_pipeline to 2025-05-01T00:00:00+00:00, run_after=2025-06-01T00:00:00+00:00
[2025-05-02T10:41:19.054+0000] {processor.py:178} INFO - Processing /opt/airflow/dags/data-pipeline.py took 1.499 seconds
[2025-05-02T10:41:49.571+0000] {processor.py:156} INFO - Started process (PID=1998) to work on /opt/airflow/dags/data-pipeline.py
[2025-05-02T10:41:49.573+0000] {processor.py:799} INFO - Processing file /opt/airflow/dags/data-pipeline.py for tasks to queue
[2025-05-02T10:41:49.577+0000] {logging_mixin.py:149} INFO - [2025-05-02T10:41:49.576+0000] {dagbag.py:541} INFO - Filling up the DagBag from /opt/airflow/dags/data-pipeline.py
[2025-05-02T10:41:50.681+0000] {processor.py:809} INFO - DAG(s) dict_keys(['data_pipeline']) retrieved from /opt/airflow/dags/data-pipeline.py
[2025-05-02T10:41:50.766+0000] {logging_mixin.py:149} INFO - [2025-05-02T10:41:50.764+0000] {dag.py:2726} INFO - Sync 1 DAGs
[2025-05-02T10:41:51.163+0000] {logging_mixin.py:149} INFO - [2025-05-02T10:41:51.163+0000] {dag.py:3490} INFO - Setting next_dagrun for data_pipeline to 2025-05-01T00:00:00+00:00, run_after=2025-06-01T00:00:00+00:00
[2025-05-02T10:41:51.214+0000] {processor.py:178} INFO - Processing /opt/airflow/dags/data-pipeline.py took 1.652 seconds
[2025-05-02T10:42:21.830+0000] {processor.py:156} INFO - Started process (PID=2032) to work on /opt/airflow/dags/data-pipeline.py
[2025-05-02T10:42:21.833+0000] {processor.py:799} INFO - Processing file /opt/airflow/dags/data-pipeline.py for tasks to queue
[2025-05-02T10:42:21.835+0000] {logging_mixin.py:149} INFO - [2025-05-02T10:42:21.835+0000] {dagbag.py:541} INFO - Filling up the DagBag from /opt/airflow/dags/data-pipeline.py
[2025-05-02T10:42:22.801+0000] {processor.py:809} INFO - DAG(s) dict_keys(['data_pipeline']) retrieved from /opt/airflow/dags/data-pipeline.py
[2025-05-02T10:42:23.193+0000] {logging_mixin.py:149} INFO - [2025-05-02T10:42:22.929+0000] {dag.py:2726} INFO - Sync 1 DAGs
[2025-05-02T10:42:23.254+0000] {logging_mixin.py:149} INFO - [2025-05-02T10:42:23.254+0000] {dag.py:3490} INFO - Setting next_dagrun for data_pipeline to 2025-05-01T00:00:00+00:00, run_after=2025-06-01T00:00:00+00:00
[2025-05-02T10:42:23.324+0000] {processor.py:178} INFO - Processing /opt/airflow/dags/data-pipeline.py took 1.501 seconds
[2025-05-02T10:42:53.822+0000] {processor.py:156} INFO - Started process (PID=2066) to work on /opt/airflow/dags/data-pipeline.py
[2025-05-02T10:42:53.825+0000] {processor.py:799} INFO - Processing file /opt/airflow/dags/data-pipeline.py for tasks to queue
[2025-05-02T10:42:53.827+0000] {logging_mixin.py:149} INFO - [2025-05-02T10:42:53.826+0000] {dagbag.py:541} INFO - Filling up the DagBag from /opt/airflow/dags/data-pipeline.py
[2025-05-02T10:42:55.095+0000] {processor.py:809} INFO - DAG(s) dict_keys(['data_pipeline']) retrieved from /opt/airflow/dags/data-pipeline.py
[2025-05-02T10:42:55.154+0000] {logging_mixin.py:149} INFO - [2025-05-02T10:42:55.154+0000] {dag.py:2726} INFO - Sync 1 DAGs
[2025-05-02T10:42:55.207+0000] {logging_mixin.py:149} INFO - [2025-05-02T10:42:55.207+0000] {dag.py:3490} INFO - Setting next_dagrun for data_pipeline to 2025-05-01T00:00:00+00:00, run_after=2025-06-01T00:00:00+00:00
[2025-05-02T10:42:55.274+0000] {processor.py:178} INFO - Processing /opt/airflow/dags/data-pipeline.py took 1.459 seconds
[2025-05-02T10:43:25.769+0000] {processor.py:156} INFO - Started process (PID=2100) to work on /opt/airflow/dags/data-pipeline.py
[2025-05-02T10:43:25.772+0000] {processor.py:799} INFO - Processing file /opt/airflow/dags/data-pipeline.py for tasks to queue
[2025-05-02T10:43:25.774+0000] {logging_mixin.py:149} INFO - [2025-05-02T10:43:25.774+0000] {dagbag.py:541} INFO - Filling up the DagBag from /opt/airflow/dags/data-pipeline.py
[2025-05-02T10:43:26.818+0000] {processor.py:809} INFO - DAG(s) dict_keys(['data_pipeline']) retrieved from /opt/airflow/dags/data-pipeline.py
[2025-05-02T10:43:26.895+0000] {logging_mixin.py:149} INFO - [2025-05-02T10:43:26.894+0000] {dag.py:2726} INFO - Sync 1 DAGs
[2025-05-02T10:43:27.319+0000] {logging_mixin.py:149} INFO - [2025-05-02T10:43:27.318+0000] {dag.py:3490} INFO - Setting next_dagrun for data_pipeline to 2025-05-01T00:00:00+00:00, run_after=2025-06-01T00:00:00+00:00
[2025-05-02T10:43:27.403+0000] {processor.py:178} INFO - Processing /opt/airflow/dags/data-pipeline.py took 1.641 seconds
[2025-05-02T10:43:57.917+0000] {processor.py:156} INFO - Started process (PID=2134) to work on /opt/airflow/dags/data-pipeline.py
[2025-05-02T10:43:57.919+0000] {processor.py:799} INFO - Processing file /opt/airflow/dags/data-pipeline.py for tasks to queue
[2025-05-02T10:43:57.922+0000] {logging_mixin.py:149} INFO - [2025-05-02T10:43:57.921+0000] {dagbag.py:541} INFO - Filling up the DagBag from /opt/airflow/dags/data-pipeline.py
[2025-05-02T10:43:58.934+0000] {processor.py:809} INFO - DAG(s) dict_keys(['data_pipeline']) retrieved from /opt/airflow/dags/data-pipeline.py
[2025-05-02T10:43:59.353+0000] {logging_mixin.py:149} INFO - [2025-05-02T10:43:59.024+0000] {dag.py:2726} INFO - Sync 1 DAGs
[2025-05-02T10:43:59.420+0000] {logging_mixin.py:149} INFO - [2025-05-02T10:43:59.420+0000] {dag.py:3490} INFO - Setting next_dagrun for data_pipeline to 2025-05-01T00:00:00+00:00, run_after=2025-06-01T00:00:00+00:00
[2025-05-02T10:43:59.496+0000] {processor.py:178} INFO - Processing /opt/airflow/dags/data-pipeline.py took 1.586 seconds
[2025-05-02T10:44:30.105+0000] {processor.py:156} INFO - Started process (PID=2168) to work on /opt/airflow/dags/data-pipeline.py
[2025-05-02T10:44:30.114+0000] {processor.py:799} INFO - Processing file /opt/airflow/dags/data-pipeline.py for tasks to queue
[2025-05-02T10:44:30.119+0000] {logging_mixin.py:149} INFO - [2025-05-02T10:44:30.119+0000] {dagbag.py:541} INFO - Filling up the DagBag from /opt/airflow/dags/data-pipeline.py
[2025-05-02T10:44:31.399+0000] {processor.py:809} INFO - DAG(s) dict_keys(['data_pipeline']) retrieved from /opt/airflow/dags/data-pipeline.py
[2025-05-02T10:44:31.520+0000] {logging_mixin.py:149} INFO - [2025-05-02T10:44:31.519+0000] {dag.py:2726} INFO - Sync 1 DAGs
[2025-05-02T10:44:31.568+0000] {logging_mixin.py:149} INFO - [2025-05-02T10:44:31.568+0000] {dag.py:3490} INFO - Setting next_dagrun for data_pipeline to 2025-05-01T00:00:00+00:00, run_after=2025-06-01T00:00:00+00:00
[2025-05-02T10:44:31.625+0000] {processor.py:178} INFO - Processing /opt/airflow/dags/data-pipeline.py took 1.541 seconds
[2025-05-02T10:45:02.136+0000] {processor.py:156} INFO - Started process (PID=2202) to work on /opt/airflow/dags/data-pipeline.py
[2025-05-02T10:45:02.139+0000] {processor.py:799} INFO - Processing file /opt/airflow/dags/data-pipeline.py for tasks to queue
[2025-05-02T10:45:02.141+0000] {logging_mixin.py:149} INFO - [2025-05-02T10:45:02.140+0000] {dagbag.py:541} INFO - Filling up the DagBag from /opt/airflow/dags/data-pipeline.py
[2025-05-02T10:45:03.088+0000] {processor.py:809} INFO - DAG(s) dict_keys(['data_pipeline']) retrieved from /opt/airflow/dags/data-pipeline.py
[2025-05-02T10:45:03.150+0000] {logging_mixin.py:149} INFO - [2025-05-02T10:45:03.149+0000] {dag.py:2726} INFO - Sync 1 DAGs
[2025-05-02T10:45:03.676+0000] {logging_mixin.py:149} INFO - [2025-05-02T10:45:03.675+0000] {dag.py:3490} INFO - Setting next_dagrun for data_pipeline to 2025-05-01T00:00:00+00:00, run_after=2025-06-01T00:00:00+00:00
[2025-05-02T10:45:03.868+0000] {processor.py:178} INFO - Processing /opt/airflow/dags/data-pipeline.py took 1.740 seconds
[2025-05-02T10:45:34.140+0000] {processor.py:156} INFO - Started process (PID=2250) to work on /opt/airflow/dags/data-pipeline.py
[2025-05-02T10:45:34.142+0000] {processor.py:799} INFO - Processing file /opt/airflow/dags/data-pipeline.py for tasks to queue
[2025-05-02T10:45:34.144+0000] {logging_mixin.py:149} INFO - [2025-05-02T10:45:34.144+0000] {dagbag.py:541} INFO - Filling up the DagBag from /opt/airflow/dags/data-pipeline.py
[2025-05-02T10:45:34.982+0000] {processor.py:809} INFO - DAG(s) dict_keys(['data_pipeline']) retrieved from /opt/airflow/dags/data-pipeline.py
[2025-05-02T10:45:35.277+0000] {logging_mixin.py:149} INFO - [2025-05-02T10:45:35.094+0000] {dag.py:2726} INFO - Sync 1 DAGs
[2025-05-02T10:45:35.328+0000] {logging_mixin.py:149} INFO - [2025-05-02T10:45:35.328+0000] {dag.py:3490} INFO - Setting next_dagrun for data_pipeline to 2025-05-01T00:00:00+00:00, run_after=2025-06-01T00:00:00+00:00
[2025-05-02T10:45:35.451+0000] {processor.py:178} INFO - Processing /opt/airflow/dags/data-pipeline.py took 1.316 seconds
[2025-05-02T10:47:50.217+0000] {processor.py:156} INFO - Started process (PID=165) to work on /opt/airflow/dags/data-pipeline.py
[2025-05-02T10:47:50.220+0000] {processor.py:799} INFO - Processing file /opt/airflow/dags/data-pipeline.py for tasks to queue
[2025-05-02T10:47:50.222+0000] {logging_mixin.py:149} INFO - [2025-05-02T10:47:50.222+0000] {dagbag.py:541} INFO - Filling up the DagBag from /opt/airflow/dags/data-pipeline.py
[2025-05-02T10:47:54.358+0000] {processor.py:809} INFO - DAG(s) dict_keys(['data_pipeline']) retrieved from /opt/airflow/dags/data-pipeline.py
[2025-05-02T10:47:54.543+0000] {logging_mixin.py:149} INFO - [2025-05-02T10:47:54.541+0000] {dag.py:2726} INFO - Sync 1 DAGs
[2025-05-02T10:47:54.600+0000] {logging_mixin.py:149} INFO - [2025-05-02T10:47:54.599+0000] {dag.py:3490} INFO - Setting next_dagrun for data_pipeline to 2025-05-01T00:00:00+00:00, run_after=2025-06-01T00:00:00+00:00
[2025-05-02T10:47:54.676+0000] {processor.py:178} INFO - Processing /opt/airflow/dags/data-pipeline.py took 4.466 seconds
[2025-05-02T10:48:25.135+0000] {processor.py:156} INFO - Started process (PID=200) to work on /opt/airflow/dags/data-pipeline.py
[2025-05-02T10:48:25.145+0000] {processor.py:799} INFO - Processing file /opt/airflow/dags/data-pipeline.py for tasks to queue
[2025-05-02T10:48:25.149+0000] {logging_mixin.py:149} INFO - [2025-05-02T10:48:25.148+0000] {dagbag.py:541} INFO - Filling up the DagBag from /opt/airflow/dags/data-pipeline.py
[2025-05-02T10:48:28.408+0000] {processor.py:809} INFO - DAG(s) dict_keys(['data_pipeline']) retrieved from /opt/airflow/dags/data-pipeline.py
[2025-05-02T10:48:28.570+0000] {logging_mixin.py:149} INFO - [2025-05-02T10:48:28.568+0000] {dag.py:2726} INFO - Sync 1 DAGs
[2025-05-02T10:48:28.661+0000] {logging_mixin.py:149} INFO - [2025-05-02T10:48:28.660+0000] {dag.py:3490} INFO - Setting next_dagrun for data_pipeline to 2025-05-01T00:00:00+00:00, run_after=2025-06-01T00:00:00+00:00
[2025-05-02T10:48:28.721+0000] {processor.py:178} INFO - Processing /opt/airflow/dags/data-pipeline.py took 3.603 seconds
[2025-05-02T10:48:59.252+0000] {processor.py:156} INFO - Started process (PID=234) to work on /opt/airflow/dags/data-pipeline.py
[2025-05-02T10:48:59.257+0000] {processor.py:799} INFO - Processing file /opt/airflow/dags/data-pipeline.py for tasks to queue
[2025-05-02T10:48:59.259+0000] {logging_mixin.py:149} INFO - [2025-05-02T10:48:59.259+0000] {dagbag.py:541} INFO - Filling up the DagBag from /opt/airflow/dags/data-pipeline.py
[2025-05-02T10:49:04.850+0000] {processor.py:809} INFO - DAG(s) dict_keys(['data_pipeline']) retrieved from /opt/airflow/dags/data-pipeline.py
[2025-05-02T10:49:05.066+0000] {logging_mixin.py:149} INFO - [2025-05-02T10:49:05.062+0000] {dag.py:2726} INFO - Sync 1 DAGs
[2025-05-02T10:49:05.251+0000] {logging_mixin.py:149} INFO - [2025-05-02T10:49:05.250+0000] {dag.py:3490} INFO - Setting next_dagrun for data_pipeline to 2025-05-01T00:00:00+00:00, run_after=2025-06-01T00:00:00+00:00
[2025-05-02T10:49:05.372+0000] {processor.py:178} INFO - Processing /opt/airflow/dags/data-pipeline.py took 6.137 seconds
[2025-05-02T10:49:35.786+0000] {processor.py:156} INFO - Started process (PID=268) to work on /opt/airflow/dags/data-pipeline.py
[2025-05-02T10:49:35.790+0000] {processor.py:799} INFO - Processing file /opt/airflow/dags/data-pipeline.py for tasks to queue
[2025-05-02T10:49:35.793+0000] {logging_mixin.py:149} INFO - [2025-05-02T10:49:35.792+0000] {dagbag.py:541} INFO - Filling up the DagBag from /opt/airflow/dags/data-pipeline.py
[2025-05-02T10:49:37.480+0000] {processor.py:809} INFO - DAG(s) dict_keys(['data_pipeline']) retrieved from /opt/airflow/dags/data-pipeline.py
[2025-05-02T10:49:37.573+0000] {logging_mixin.py:149} INFO - [2025-05-02T10:49:37.571+0000] {dag.py:2726} INFO - Sync 1 DAGs
[2025-05-02T10:49:37.661+0000] {logging_mixin.py:149} INFO - [2025-05-02T10:49:37.661+0000] {dag.py:3490} INFO - Setting next_dagrun for data_pipeline to 2025-05-01T00:00:00+00:00, run_after=2025-06-01T00:00:00+00:00
[2025-05-02T10:49:37.734+0000] {processor.py:178} INFO - Processing /opt/airflow/dags/data-pipeline.py took 1.964 seconds
[2025-05-02T10:50:08.673+0000] {processor.py:156} INFO - Started process (PID=313) to work on /opt/airflow/dags/data-pipeline.py
[2025-05-02T10:50:08.677+0000] {processor.py:799} INFO - Processing file /opt/airflow/dags/data-pipeline.py for tasks to queue
[2025-05-02T10:50:08.679+0000] {logging_mixin.py:149} INFO - [2025-05-02T10:50:08.679+0000] {dagbag.py:541} INFO - Filling up the DagBag from /opt/airflow/dags/data-pipeline.py
[2025-05-02T10:50:10.047+0000] {processor.py:809} INFO - DAG(s) dict_keys(['data_pipeline']) retrieved from /opt/airflow/dags/data-pipeline.py
[2025-05-02T10:50:10.265+0000] {logging_mixin.py:149} INFO - [2025-05-02T10:50:10.263+0000] {dag.py:2726} INFO - Sync 1 DAGs
[2025-05-02T10:50:10.387+0000] {logging_mixin.py:149} INFO - [2025-05-02T10:50:10.386+0000] {dag.py:3490} INFO - Setting next_dagrun for data_pipeline to 2025-05-01T00:00:00+00:00, run_after=2025-06-01T00:00:00+00:00
[2025-05-02T10:50:10.465+0000] {processor.py:178} INFO - Processing /opt/airflow/dags/data-pipeline.py took 1.805 seconds
[2025-05-02T10:50:41.003+0000] {processor.py:156} INFO - Started process (PID=336) to work on /opt/airflow/dags/data-pipeline.py
[2025-05-02T10:50:41.016+0000] {processor.py:799} INFO - Processing file /opt/airflow/dags/data-pipeline.py for tasks to queue
[2025-05-02T10:50:41.020+0000] {logging_mixin.py:149} INFO - [2025-05-02T10:50:41.019+0000] {dagbag.py:541} INFO - Filling up the DagBag from /opt/airflow/dags/data-pipeline.py
[2025-05-02T10:50:42.080+0000] {processor.py:809} INFO - DAG(s) dict_keys(['data_pipeline']) retrieved from /opt/airflow/dags/data-pipeline.py
[2025-05-02T10:50:42.146+0000] {logging_mixin.py:149} INFO - [2025-05-02T10:50:42.145+0000] {dag.py:2726} INFO - Sync 1 DAGs
[2025-05-02T10:50:42.207+0000] {logging_mixin.py:149} INFO - [2025-05-02T10:50:42.206+0000] {dag.py:3490} INFO - Setting next_dagrun for data_pipeline to 2025-05-01T00:00:00+00:00, run_after=2025-06-01T00:00:00+00:00
[2025-05-02T10:50:42.269+0000] {processor.py:178} INFO - Processing /opt/airflow/dags/data-pipeline.py took 1.288 seconds
[2025-05-02T10:51:12.751+0000] {processor.py:156} INFO - Started process (PID=370) to work on /opt/airflow/dags/data-pipeline.py
[2025-05-02T10:51:12.754+0000] {processor.py:799} INFO - Processing file /opt/airflow/dags/data-pipeline.py for tasks to queue
[2025-05-02T10:51:12.757+0000] {logging_mixin.py:149} INFO - [2025-05-02T10:51:12.756+0000] {dagbag.py:541} INFO - Filling up the DagBag from /opt/airflow/dags/data-pipeline.py
[2025-05-02T10:51:13.677+0000] {processor.py:809} INFO - DAG(s) dict_keys(['data_pipeline']) retrieved from /opt/airflow/dags/data-pipeline.py
[2025-05-02T10:51:13.822+0000] {logging_mixin.py:149} INFO - [2025-05-02T10:51:13.820+0000] {dag.py:2726} INFO - Sync 1 DAGs
[2025-05-02T10:51:13.892+0000] {logging_mixin.py:149} INFO - [2025-05-02T10:51:13.891+0000] {dag.py:3490} INFO - Setting next_dagrun for data_pipeline to 2025-05-01T00:00:00+00:00, run_after=2025-06-01T00:00:00+00:00
[2025-05-02T10:51:13.964+0000] {processor.py:178} INFO - Processing /opt/airflow/dags/data-pipeline.py took 1.223 seconds
[2025-05-02T10:51:44.364+0000] {processor.py:156} INFO - Started process (PID=405) to work on /opt/airflow/dags/data-pipeline.py
[2025-05-02T10:51:44.374+0000] {processor.py:799} INFO - Processing file /opt/airflow/dags/data-pipeline.py for tasks to queue
[2025-05-02T10:51:44.380+0000] {logging_mixin.py:149} INFO - [2025-05-02T10:51:44.380+0000] {dagbag.py:541} INFO - Filling up the DagBag from /opt/airflow/dags/data-pipeline.py
[2025-05-02T10:51:49.971+0000] {processor.py:809} INFO - DAG(s) dict_keys(['data_pipeline']) retrieved from /opt/airflow/dags/data-pipeline.py
[2025-05-02T10:51:50.653+0000] {logging_mixin.py:149} INFO - [2025-05-02T10:51:50.650+0000] {dag.py:2726} INFO - Sync 1 DAGs
[2025-05-02T10:51:50.821+0000] {logging_mixin.py:149} INFO - [2025-05-02T10:51:50.821+0000] {dag.py:3490} INFO - Setting next_dagrun for data_pipeline to 2025-05-01T00:00:00+00:00, run_after=2025-06-01T00:00:00+00:00
[2025-05-02T10:51:50.905+0000] {processor.py:178} INFO - Processing /opt/airflow/dags/data-pipeline.py took 6.610 seconds
[2025-05-02T10:52:21.479+0000] {processor.py:156} INFO - Started process (PID=480) to work on /opt/airflow/dags/data-pipeline.py
[2025-05-02T10:52:21.482+0000] {processor.py:799} INFO - Processing file /opt/airflow/dags/data-pipeline.py for tasks to queue
[2025-05-02T10:52:21.485+0000] {logging_mixin.py:149} INFO - [2025-05-02T10:52:21.484+0000] {dagbag.py:541} INFO - Filling up the DagBag from /opt/airflow/dags/data-pipeline.py
[2025-05-02T10:52:22.393+0000] {processor.py:809} INFO - DAG(s) dict_keys(['data_pipeline']) retrieved from /opt/airflow/dags/data-pipeline.py
[2025-05-02T10:52:22.458+0000] {logging_mixin.py:149} INFO - [2025-05-02T10:52:22.456+0000] {dag.py:2726} INFO - Sync 1 DAGs
[2025-05-02T10:52:22.517+0000] {logging_mixin.py:149} INFO - [2025-05-02T10:52:22.517+0000] {dag.py:3490} INFO - Setting next_dagrun for data_pipeline to 2025-05-01T00:00:00+00:00, run_after=2025-06-01T00:00:00+00:00
[2025-05-02T10:52:22.578+0000] {processor.py:178} INFO - Processing /opt/airflow/dags/data-pipeline.py took 1.106 seconds
[2025-05-02T10:52:53.081+0000] {processor.py:156} INFO - Started process (PID=514) to work on /opt/airflow/dags/data-pipeline.py
[2025-05-02T10:52:53.084+0000] {processor.py:799} INFO - Processing file /opt/airflow/dags/data-pipeline.py for tasks to queue
[2025-05-02T10:52:53.086+0000] {logging_mixin.py:149} INFO - [2025-05-02T10:52:53.086+0000] {dagbag.py:541} INFO - Filling up the DagBag from /opt/airflow/dags/data-pipeline.py
[2025-05-02T10:52:54.114+0000] {processor.py:809} INFO - DAG(s) dict_keys(['data_pipeline']) retrieved from /opt/airflow/dags/data-pipeline.py
[2025-05-02T10:52:54.252+0000] {logging_mixin.py:149} INFO - [2025-05-02T10:52:54.249+0000] {dag.py:2726} INFO - Sync 1 DAGs
[2025-05-02T10:52:54.341+0000] {logging_mixin.py:149} INFO - [2025-05-02T10:52:54.341+0000] {dag.py:3490} INFO - Setting next_dagrun for data_pipeline to 2025-05-01T00:00:00+00:00, run_after=2025-06-01T00:00:00+00:00
[2025-05-02T10:52:54.403+0000] {processor.py:178} INFO - Processing /opt/airflow/dags/data-pipeline.py took 1.329 seconds
[2025-05-02T10:53:24.762+0000] {processor.py:156} INFO - Started process (PID=548) to work on /opt/airflow/dags/data-pipeline.py
[2025-05-02T10:53:24.765+0000] {processor.py:799} INFO - Processing file /opt/airflow/dags/data-pipeline.py for tasks to queue
[2025-05-02T10:53:24.767+0000] {logging_mixin.py:149} INFO - [2025-05-02T10:53:24.767+0000] {dagbag.py:541} INFO - Filling up the DagBag from /opt/airflow/dags/data-pipeline.py
[2025-05-02T10:53:26.940+0000] {processor.py:809} INFO - DAG(s) dict_keys(['data_pipeline']) retrieved from /opt/airflow/dags/data-pipeline.py
[2025-05-02T10:53:27.048+0000] {logging_mixin.py:149} INFO - [2025-05-02T10:53:27.046+0000] {dag.py:2726} INFO - Sync 1 DAGs
[2025-05-02T10:53:27.170+0000] {logging_mixin.py:149} INFO - [2025-05-02T10:53:27.170+0000] {dag.py:3490} INFO - Setting next_dagrun for data_pipeline to 2025-05-01T00:00:00+00:00, run_after=2025-06-01T00:00:00+00:00
[2025-05-02T10:53:27.259+0000] {processor.py:178} INFO - Processing /opt/airflow/dags/data-pipeline.py took 2.506 seconds
[2025-05-02T10:53:57.685+0000] {processor.py:156} INFO - Started process (PID=582) to work on /opt/airflow/dags/data-pipeline.py
[2025-05-02T10:53:57.687+0000] {processor.py:799} INFO - Processing file /opt/airflow/dags/data-pipeline.py for tasks to queue
[2025-05-02T10:53:57.691+0000] {logging_mixin.py:149} INFO - [2025-05-02T10:53:57.689+0000] {dagbag.py:541} INFO - Filling up the DagBag from /opt/airflow/dags/data-pipeline.py
[2025-05-02T10:53:59.144+0000] {processor.py:809} INFO - DAG(s) dict_keys(['data_pipeline']) retrieved from /opt/airflow/dags/data-pipeline.py
[2025-05-02T10:53:59.281+0000] {logging_mixin.py:149} INFO - [2025-05-02T10:53:59.280+0000] {dag.py:2726} INFO - Sync 1 DAGs
[2025-05-02T10:53:59.383+0000] {logging_mixin.py:149} INFO - [2025-05-02T10:53:59.383+0000] {dag.py:3490} INFO - Setting next_dagrun for data_pipeline to 2025-05-01T00:00:00+00:00, run_after=2025-06-01T00:00:00+00:00
[2025-05-02T10:53:59.463+0000] {processor.py:178} INFO - Processing /opt/airflow/dags/data-pipeline.py took 1.786 seconds
[2025-05-02T10:54:30.017+0000] {processor.py:156} INFO - Started process (PID=616) to work on /opt/airflow/dags/data-pipeline.py
[2025-05-02T10:54:30.021+0000] {processor.py:799} INFO - Processing file /opt/airflow/dags/data-pipeline.py for tasks to queue
[2025-05-02T10:54:30.025+0000] {logging_mixin.py:149} INFO - [2025-05-02T10:54:30.025+0000] {dagbag.py:541} INFO - Filling up the DagBag from /opt/airflow/dags/data-pipeline.py
[2025-05-02T10:54:31.034+0000] {processor.py:809} INFO - DAG(s) dict_keys(['data_pipeline']) retrieved from /opt/airflow/dags/data-pipeline.py
[2025-05-02T10:54:31.109+0000] {logging_mixin.py:149} INFO - [2025-05-02T10:54:31.108+0000] {dag.py:2726} INFO - Sync 1 DAGs
[2025-05-02T10:54:31.294+0000] {logging_mixin.py:149} INFO - [2025-05-02T10:54:31.293+0000] {dag.py:3490} INFO - Setting next_dagrun for data_pipeline to 2025-05-01T00:00:00+00:00, run_after=2025-06-01T00:00:00+00:00
[2025-05-02T10:54:31.380+0000] {processor.py:178} INFO - Processing /opt/airflow/dags/data-pipeline.py took 1.379 seconds
[2025-05-02T10:55:01.889+0000] {processor.py:156} INFO - Started process (PID=650) to work on /opt/airflow/dags/data-pipeline.py
[2025-05-02T10:55:01.891+0000] {processor.py:799} INFO - Processing file /opt/airflow/dags/data-pipeline.py for tasks to queue
[2025-05-02T10:55:01.894+0000] {logging_mixin.py:149} INFO - [2025-05-02T10:55:01.894+0000] {dagbag.py:541} INFO - Filling up the DagBag from /opt/airflow/dags/data-pipeline.py
[2025-05-02T10:55:02.898+0000] {processor.py:809} INFO - DAG(s) dict_keys(['data_pipeline']) retrieved from /opt/airflow/dags/data-pipeline.py
[2025-05-02T10:55:02.984+0000] {logging_mixin.py:149} INFO - [2025-05-02T10:55:02.983+0000] {dag.py:2726} INFO - Sync 1 DAGs
[2025-05-02T10:55:03.080+0000] {logging_mixin.py:149} INFO - [2025-05-02T10:55:03.079+0000] {dag.py:3490} INFO - Setting next_dagrun for data_pipeline to 2025-05-01T00:00:00+00:00, run_after=2025-06-01T00:00:00+00:00
[2025-05-02T10:55:03.198+0000] {processor.py:178} INFO - Processing /opt/airflow/dags/data-pipeline.py took 1.316 seconds
[2025-05-02T10:55:33.648+0000] {processor.py:156} INFO - Started process (PID=684) to work on /opt/airflow/dags/data-pipeline.py
[2025-05-02T10:55:33.650+0000] {processor.py:799} INFO - Processing file /opt/airflow/dags/data-pipeline.py for tasks to queue
[2025-05-02T10:55:33.652+0000] {logging_mixin.py:149} INFO - [2025-05-02T10:55:33.651+0000] {dagbag.py:541} INFO - Filling up the DagBag from /opt/airflow/dags/data-pipeline.py
[2025-05-02T10:55:34.628+0000] {processor.py:809} INFO - DAG(s) dict_keys(['data_pipeline']) retrieved from /opt/airflow/dags/data-pipeline.py
[2025-05-02T10:55:34.746+0000] {logging_mixin.py:149} INFO - [2025-05-02T10:55:34.745+0000] {dag.py:2726} INFO - Sync 1 DAGs
[2025-05-02T10:55:34.814+0000] {logging_mixin.py:149} INFO - [2025-05-02T10:55:34.814+0000] {dag.py:3490} INFO - Setting next_dagrun for data_pipeline to 2025-05-01T00:00:00+00:00, run_after=2025-06-01T00:00:00+00:00
[2025-05-02T10:55:34.898+0000] {processor.py:178} INFO - Processing /opt/airflow/dags/data-pipeline.py took 1.257 seconds
[2025-05-02T10:56:05.460+0000] {processor.py:156} INFO - Started process (PID=718) to work on /opt/airflow/dags/data-pipeline.py
[2025-05-02T10:56:05.462+0000] {processor.py:799} INFO - Processing file /opt/airflow/dags/data-pipeline.py for tasks to queue
[2025-05-02T10:56:05.466+0000] {logging_mixin.py:149} INFO - [2025-05-02T10:56:05.465+0000] {dagbag.py:541} INFO - Filling up the DagBag from /opt/airflow/dags/data-pipeline.py
[2025-05-02T10:56:06.403+0000] {processor.py:809} INFO - DAG(s) dict_keys(['data_pipeline']) retrieved from /opt/airflow/dags/data-pipeline.py
[2025-05-02T10:56:06.555+0000] {logging_mixin.py:149} INFO - [2025-05-02T10:56:06.554+0000] {dag.py:2726} INFO - Sync 1 DAGs
[2025-05-02T10:56:06.628+0000] {logging_mixin.py:149} INFO - [2025-05-02T10:56:06.627+0000] {dag.py:3490} INFO - Setting next_dagrun for data_pipeline to 2025-05-01T00:00:00+00:00, run_after=2025-06-01T00:00:00+00:00
[2025-05-02T10:56:06.783+0000] {processor.py:178} INFO - Processing /opt/airflow/dags/data-pipeline.py took 1.329 seconds
[2025-05-02T10:56:37.245+0000] {processor.py:156} INFO - Started process (PID=752) to work on /opt/airflow/dags/data-pipeline.py
[2025-05-02T10:56:37.261+0000] {processor.py:799} INFO - Processing file /opt/airflow/dags/data-pipeline.py for tasks to queue
[2025-05-02T10:56:37.265+0000] {logging_mixin.py:149} INFO - [2025-05-02T10:56:37.264+0000] {dagbag.py:541} INFO - Filling up the DagBag from /opt/airflow/dags/data-pipeline.py
[2025-05-02T10:56:38.198+0000] {processor.py:809} INFO - DAG(s) dict_keys(['data_pipeline']) retrieved from /opt/airflow/dags/data-pipeline.py
[2025-05-02T10:56:38.269+0000] {logging_mixin.py:149} INFO - [2025-05-02T10:56:38.268+0000] {dag.py:2726} INFO - Sync 1 DAGs
[2025-05-02T10:56:38.330+0000] {logging_mixin.py:149} INFO - [2025-05-02T10:56:38.330+0000] {dag.py:3490} INFO - Setting next_dagrun for data_pipeline to 2025-05-01T00:00:00+00:00, run_after=2025-06-01T00:00:00+00:00
[2025-05-02T10:56:38.411+0000] {processor.py:178} INFO - Processing /opt/airflow/dags/data-pipeline.py took 1.183 seconds
[2025-05-02T10:57:08.929+0000] {processor.py:156} INFO - Started process (PID=797) to work on /opt/airflow/dags/data-pipeline.py
[2025-05-02T10:57:08.931+0000] {processor.py:799} INFO - Processing file /opt/airflow/dags/data-pipeline.py for tasks to queue
[2025-05-02T10:57:08.933+0000] {logging_mixin.py:149} INFO - [2025-05-02T10:57:08.933+0000] {dagbag.py:541} INFO - Filling up the DagBag from /opt/airflow/dags/data-pipeline.py
[2025-05-02T10:57:09.920+0000] {processor.py:809} INFO - DAG(s) dict_keys(['data_pipeline']) retrieved from /opt/airflow/dags/data-pipeline.py
[2025-05-02T10:57:10.064+0000] {logging_mixin.py:149} INFO - [2025-05-02T10:57:10.052+0000] {dag.py:2726} INFO - Sync 1 DAGs
[2025-05-02T10:57:10.176+0000] {logging_mixin.py:149} INFO - [2025-05-02T10:57:10.176+0000] {dag.py:3490} INFO - Setting next_dagrun for data_pipeline to 2025-05-01T00:00:00+00:00, run_after=2025-06-01T00:00:00+00:00
[2025-05-02T10:57:10.258+0000] {processor.py:178} INFO - Processing /opt/airflow/dags/data-pipeline.py took 1.335 seconds
[2025-05-02T10:57:40.461+0000] {processor.py:156} INFO - Started process (PID=831) to work on /opt/airflow/dags/data-pipeline.py
[2025-05-02T10:57:40.465+0000] {processor.py:799} INFO - Processing file /opt/airflow/dags/data-pipeline.py for tasks to queue
[2025-05-02T10:57:40.467+0000] {logging_mixin.py:149} INFO - [2025-05-02T10:57:40.467+0000] {dagbag.py:541} INFO - Filling up the DagBag from /opt/airflow/dags/data-pipeline.py
[2025-05-02T10:57:41.551+0000] {processor.py:809} INFO - DAG(s) dict_keys(['data_pipeline']) retrieved from /opt/airflow/dags/data-pipeline.py
[2025-05-02T10:57:41.658+0000] {logging_mixin.py:149} INFO - [2025-05-02T10:57:41.657+0000] {dag.py:2726} INFO - Sync 1 DAGs
[2025-05-02T10:57:41.726+0000] {logging_mixin.py:149} INFO - [2025-05-02T10:57:41.726+0000] {dag.py:3490} INFO - Setting next_dagrun for data_pipeline to 2025-05-01T00:00:00+00:00, run_after=2025-06-01T00:00:00+00:00
[2025-05-02T10:57:41.792+0000] {processor.py:178} INFO - Processing /opt/airflow/dags/data-pipeline.py took 1.337 seconds
[2025-05-02T10:58:12.342+0000] {processor.py:156} INFO - Started process (PID=865) to work on /opt/airflow/dags/data-pipeline.py
[2025-05-02T10:58:12.345+0000] {processor.py:799} INFO - Processing file /opt/airflow/dags/data-pipeline.py for tasks to queue
[2025-05-02T10:58:12.347+0000] {logging_mixin.py:149} INFO - [2025-05-02T10:58:12.347+0000] {dagbag.py:541} INFO - Filling up the DagBag from /opt/airflow/dags/data-pipeline.py
[2025-05-02T10:58:13.288+0000] {processor.py:809} INFO - DAG(s) dict_keys(['data_pipeline']) retrieved from /opt/airflow/dags/data-pipeline.py
[2025-05-02T10:58:13.428+0000] {logging_mixin.py:149} INFO - [2025-05-02T10:58:13.426+0000] {dag.py:2726} INFO - Sync 1 DAGs
[2025-05-02T10:58:13.915+0000] {logging_mixin.py:149} INFO - [2025-05-02T10:58:13.909+0000] {dag.py:3490} INFO - Setting next_dagrun for data_pipeline to 2025-05-01T00:00:00+00:00, run_after=2025-06-01T00:00:00+00:00
[2025-05-02T10:58:14.738+0000] {processor.py:178} INFO - Processing /opt/airflow/dags/data-pipeline.py took 2.408 seconds
[2025-05-02T10:58:44.845+0000] {processor.py:156} INFO - Started process (PID=899) to work on /opt/airflow/dags/data-pipeline.py
[2025-05-02T10:58:44.848+0000] {processor.py:799} INFO - Processing file /opt/airflow/dags/data-pipeline.py for tasks to queue
[2025-05-02T10:58:44.850+0000] {logging_mixin.py:149} INFO - [2025-05-02T10:58:44.849+0000] {dagbag.py:541} INFO - Filling up the DagBag from /opt/airflow/dags/data-pipeline.py
[2025-05-02T10:58:46.022+0000] {processor.py:809} INFO - DAG(s) dict_keys(['data_pipeline']) retrieved from /opt/airflow/dags/data-pipeline.py
[2025-05-02T10:58:46.170+0000] {logging_mixin.py:149} INFO - [2025-05-02T10:58:46.165+0000] {dag.py:2726} INFO - Sync 1 DAGs
[2025-05-02T10:58:46.239+0000] {logging_mixin.py:149} INFO - [2025-05-02T10:58:46.238+0000] {dag.py:3490} INFO - Setting next_dagrun for data_pipeline to 2025-05-01T00:00:00+00:00, run_after=2025-06-01T00:00:00+00:00
[2025-05-02T10:58:46.315+0000] {processor.py:178} INFO - Processing /opt/airflow/dags/data-pipeline.py took 1.475 seconds
[2025-05-02T10:59:16.517+0000] {processor.py:156} INFO - Started process (PID=933) to work on /opt/airflow/dags/data-pipeline.py
[2025-05-02T10:59:16.520+0000] {processor.py:799} INFO - Processing file /opt/airflow/dags/data-pipeline.py for tasks to queue
[2025-05-02T10:59:16.522+0000] {logging_mixin.py:149} INFO - [2025-05-02T10:59:16.522+0000] {dagbag.py:541} INFO - Filling up the DagBag from /opt/airflow/dags/data-pipeline.py
[2025-05-02T10:59:17.363+0000] {processor.py:809} INFO - DAG(s) dict_keys(['data_pipeline']) retrieved from /opt/airflow/dags/data-pipeline.py
[2025-05-02T10:59:17.492+0000] {logging_mixin.py:149} INFO - [2025-05-02T10:59:17.490+0000] {dag.py:2726} INFO - Sync 1 DAGs
[2025-05-02T10:59:17.573+0000] {logging_mixin.py:149} INFO - [2025-05-02T10:59:17.572+0000] {dag.py:3490} INFO - Setting next_dagrun for data_pipeline to 2025-05-01T00:00:00+00:00, run_after=2025-06-01T00:00:00+00:00
[2025-05-02T10:59:17.686+0000] {processor.py:178} INFO - Processing /opt/airflow/dags/data-pipeline.py took 1.177 seconds
[2025-05-02T10:59:47.887+0000] {processor.py:156} INFO - Started process (PID=967) to work on /opt/airflow/dags/data-pipeline.py
[2025-05-02T10:59:47.892+0000] {processor.py:799} INFO - Processing file /opt/airflow/dags/data-pipeline.py for tasks to queue
[2025-05-02T10:59:47.895+0000] {logging_mixin.py:149} INFO - [2025-05-02T10:59:47.894+0000] {dagbag.py:541} INFO - Filling up the DagBag from /opt/airflow/dags/data-pipeline.py
[2025-05-02T10:59:48.884+0000] {processor.py:809} INFO - DAG(s) dict_keys(['data_pipeline']) retrieved from /opt/airflow/dags/data-pipeline.py
[2025-05-02T10:59:48.960+0000] {logging_mixin.py:149} INFO - [2025-05-02T10:59:48.959+0000] {dag.py:2726} INFO - Sync 1 DAGs
[2025-05-02T10:59:49.300+0000] {logging_mixin.py:149} INFO - [2025-05-02T10:59:49.300+0000] {dag.py:3490} INFO - Setting next_dagrun for data_pipeline to 2025-05-01T00:00:00+00:00, run_after=2025-06-01T00:00:00+00:00
[2025-05-02T10:59:49.389+0000] {processor.py:178} INFO - Processing /opt/airflow/dags/data-pipeline.py took 1.507 seconds
[2025-05-02T11:00:19.707+0000] {processor.py:156} INFO - Started process (PID=1001) to work on /opt/airflow/dags/data-pipeline.py
[2025-05-02T11:00:19.710+0000] {processor.py:799} INFO - Processing file /opt/airflow/dags/data-pipeline.py for tasks to queue
[2025-05-02T11:00:19.712+0000] {logging_mixin.py:149} INFO - [2025-05-02T11:00:19.711+0000] {dagbag.py:541} INFO - Filling up the DagBag from /opt/airflow/dags/data-pipeline.py
[2025-05-02T11:00:20.859+0000] {processor.py:809} INFO - DAG(s) dict_keys(['data_pipeline']) retrieved from /opt/airflow/dags/data-pipeline.py
[2025-05-02T11:00:20.923+0000] {logging_mixin.py:149} INFO - [2025-05-02T11:00:20.921+0000] {dag.py:2726} INFO - Sync 1 DAGs
[2025-05-02T11:00:20.978+0000] {logging_mixin.py:149} INFO - [2025-05-02T11:00:20.978+0000] {dag.py:3490} INFO - Setting next_dagrun for data_pipeline to 2025-05-01T00:00:00+00:00, run_after=2025-06-01T00:00:00+00:00
[2025-05-02T11:00:21.108+0000] {processor.py:178} INFO - Processing /opt/airflow/dags/data-pipeline.py took 1.407 seconds
[2025-05-02T11:00:51.712+0000] {processor.py:156} INFO - Started process (PID=1038) to work on /opt/airflow/dags/data-pipeline.py
[2025-05-02T11:00:51.715+0000] {processor.py:799} INFO - Processing file /opt/airflow/dags/data-pipeline.py for tasks to queue
[2025-05-02T11:00:51.717+0000] {logging_mixin.py:149} INFO - [2025-05-02T11:00:51.716+0000] {dagbag.py:541} INFO - Filling up the DagBag from /opt/airflow/dags/data-pipeline.py
[2025-05-02T11:00:52.541+0000] {processor.py:809} INFO - DAG(s) dict_keys(['data_pipeline']) retrieved from /opt/airflow/dags/data-pipeline.py
[2025-05-02T11:00:52.656+0000] {logging_mixin.py:149} INFO - [2025-05-02T11:00:52.655+0000] {dag.py:2726} INFO - Sync 1 DAGs
[2025-05-02T11:00:52.732+0000] {logging_mixin.py:149} INFO - [2025-05-02T11:00:52.731+0000] {dag.py:3490} INFO - Setting next_dagrun for data_pipeline to 2025-05-01T00:00:00+00:00, run_after=2025-06-01T00:00:00+00:00
[2025-05-02T11:00:52.794+0000] {processor.py:178} INFO - Processing /opt/airflow/dags/data-pipeline.py took 1.097 seconds
[2025-05-02T11:01:23.136+0000] {processor.py:156} INFO - Started process (PID=1072) to work on /opt/airflow/dags/data-pipeline.py
[2025-05-02T11:01:23.138+0000] {processor.py:799} INFO - Processing file /opt/airflow/dags/data-pipeline.py for tasks to queue
[2025-05-02T11:01:23.139+0000] {logging_mixin.py:149} INFO - [2025-05-02T11:01:23.139+0000] {dagbag.py:541} INFO - Filling up the DagBag from /opt/airflow/dags/data-pipeline.py
[2025-05-02T11:01:24.047+0000] {processor.py:809} INFO - DAG(s) dict_keys(['data_pipeline']) retrieved from /opt/airflow/dags/data-pipeline.py
[2025-05-02T11:01:24.114+0000] {logging_mixin.py:149} INFO - [2025-05-02T11:01:24.113+0000] {dag.py:2726} INFO - Sync 1 DAGs
[2025-05-02T11:01:24.773+0000] {logging_mixin.py:149} INFO - [2025-05-02T11:01:24.773+0000] {dag.py:3490} INFO - Setting next_dagrun for data_pipeline to 2025-05-01T00:00:00+00:00, run_after=2025-06-01T00:00:00+00:00
[2025-05-02T11:01:24.853+0000] {processor.py:178} INFO - Processing /opt/airflow/dags/data-pipeline.py took 1.724 seconds
[2025-05-02T11:01:55.430+0000] {processor.py:156} INFO - Started process (PID=1106) to work on /opt/airflow/dags/data-pipeline.py
[2025-05-02T11:01:55.433+0000] {processor.py:799} INFO - Processing file /opt/airflow/dags/data-pipeline.py for tasks to queue
[2025-05-02T11:01:55.440+0000] {logging_mixin.py:149} INFO - [2025-05-02T11:01:55.435+0000] {dagbag.py:541} INFO - Filling up the DagBag from /opt/airflow/dags/data-pipeline.py
[2025-05-02T11:01:56.328+0000] {processor.py:809} INFO - DAG(s) dict_keys(['data_pipeline']) retrieved from /opt/airflow/dags/data-pipeline.py
[2025-05-02T11:01:56.405+0000] {logging_mixin.py:149} INFO - [2025-05-02T11:01:56.399+0000] {dag.py:2726} INFO - Sync 1 DAGs
[2025-05-02T11:01:56.473+0000] {logging_mixin.py:149} INFO - [2025-05-02T11:01:56.473+0000] {dag.py:3490} INFO - Setting next_dagrun for data_pipeline to 2025-05-01T00:00:00+00:00, run_after=2025-06-01T00:00:00+00:00
[2025-05-02T11:01:56.547+0000] {processor.py:178} INFO - Processing /opt/airflow/dags/data-pipeline.py took 1.128 seconds
[2025-05-02T11:02:27.101+0000] {processor.py:156} INFO - Started process (PID=1140) to work on /opt/airflow/dags/data-pipeline.py
[2025-05-02T11:02:27.103+0000] {processor.py:799} INFO - Processing file /opt/airflow/dags/data-pipeline.py for tasks to queue
[2025-05-02T11:02:27.106+0000] {logging_mixin.py:149} INFO - [2025-05-02T11:02:27.105+0000] {dagbag.py:541} INFO - Filling up the DagBag from /opt/airflow/dags/data-pipeline.py
[2025-05-02T11:02:28.006+0000] {processor.py:809} INFO - DAG(s) dict_keys(['data_pipeline']) retrieved from /opt/airflow/dags/data-pipeline.py
[2025-05-02T11:02:28.086+0000] {logging_mixin.py:149} INFO - [2025-05-02T11:02:28.085+0000] {dag.py:2726} INFO - Sync 1 DAGs
[2025-05-02T11:02:28.144+0000] {logging_mixin.py:149} INFO - [2025-05-02T11:02:28.144+0000] {dag.py:3490} INFO - Setting next_dagrun for data_pipeline to 2025-05-01T00:00:00+00:00, run_after=2025-06-01T00:00:00+00:00
[2025-05-02T11:02:28.204+0000] {processor.py:178} INFO - Processing /opt/airflow/dags/data-pipeline.py took 1.113 seconds
[2025-05-02T11:02:58.905+0000] {processor.py:156} INFO - Started process (PID=1174) to work on /opt/airflow/dags/data-pipeline.py
[2025-05-02T11:02:58.907+0000] {processor.py:799} INFO - Processing file /opt/airflow/dags/data-pipeline.py for tasks to queue
[2025-05-02T11:02:58.909+0000] {logging_mixin.py:149} INFO - [2025-05-02T11:02:58.909+0000] {dagbag.py:541} INFO - Filling up the DagBag from /opt/airflow/dags/data-pipeline.py
[2025-05-02T11:02:59.819+0000] {processor.py:809} INFO - DAG(s) dict_keys(['data_pipeline']) retrieved from /opt/airflow/dags/data-pipeline.py
[2025-05-02T11:02:59.900+0000] {logging_mixin.py:149} INFO - [2025-05-02T11:02:59.899+0000] {dag.py:2726} INFO - Sync 1 DAGs
[2025-05-02T11:03:00.331+0000] {logging_mixin.py:149} INFO - [2025-05-02T11:03:00.331+0000] {dag.py:3490} INFO - Setting next_dagrun for data_pipeline to 2025-05-01T00:00:00+00:00, run_after=2025-06-01T00:00:00+00:00
[2025-05-02T11:03:00.461+0000] {processor.py:178} INFO - Processing /opt/airflow/dags/data-pipeline.py took 1.568 seconds
[2025-05-02T11:03:31.015+0000] {processor.py:156} INFO - Started process (PID=1208) to work on /opt/airflow/dags/data-pipeline.py
[2025-05-02T11:03:31.017+0000] {processor.py:799} INFO - Processing file /opt/airflow/dags/data-pipeline.py for tasks to queue
[2025-05-02T11:03:31.020+0000] {logging_mixin.py:149} INFO - [2025-05-02T11:03:31.019+0000] {dagbag.py:541} INFO - Filling up the DagBag from /opt/airflow/dags/data-pipeline.py
[2025-05-02T11:03:32.019+0000] {processor.py:809} INFO - DAG(s) dict_keys(['data_pipeline']) retrieved from /opt/airflow/dags/data-pipeline.py
[2025-05-02T11:03:32.092+0000] {logging_mixin.py:149} INFO - [2025-05-02T11:03:32.088+0000] {dag.py:2726} INFO - Sync 1 DAGs
[2025-05-02T11:03:32.764+0000] {logging_mixin.py:149} INFO - [2025-05-02T11:03:32.764+0000] {dag.py:3490} INFO - Setting next_dagrun for data_pipeline to 2025-05-01T00:00:00+00:00, run_after=2025-06-01T00:00:00+00:00
[2025-05-02T11:03:32.877+0000] {processor.py:178} INFO - Processing /opt/airflow/dags/data-pipeline.py took 1.867 seconds
[2025-05-02T11:04:03.415+0000] {processor.py:156} INFO - Started process (PID=1242) to work on /opt/airflow/dags/data-pipeline.py
[2025-05-02T11:04:03.417+0000] {processor.py:799} INFO - Processing file /opt/airflow/dags/data-pipeline.py for tasks to queue
[2025-05-02T11:04:03.418+0000] {logging_mixin.py:149} INFO - [2025-05-02T11:04:03.418+0000] {dagbag.py:541} INFO - Filling up the DagBag from /opt/airflow/dags/data-pipeline.py
[2025-05-02T11:04:04.451+0000] {processor.py:809} INFO - DAG(s) dict_keys(['data_pipeline']) retrieved from /opt/airflow/dags/data-pipeline.py
[2025-05-02T11:04:04.533+0000] {logging_mixin.py:149} INFO - [2025-05-02T11:04:04.532+0000] {dag.py:2726} INFO - Sync 1 DAGs
[2025-05-02T11:04:04.602+0000] {logging_mixin.py:149} INFO - [2025-05-02T11:04:04.602+0000] {dag.py:3490} INFO - Setting next_dagrun for data_pipeline to 2025-05-01T00:00:00+00:00, run_after=2025-06-01T00:00:00+00:00
[2025-05-02T11:04:04.663+0000] {processor.py:178} INFO - Processing /opt/airflow/dags/data-pipeline.py took 1.255 seconds
[2025-05-02T11:04:35.142+0000] {processor.py:156} INFO - Started process (PID=1276) to work on /opt/airflow/dags/data-pipeline.py
[2025-05-02T11:04:35.145+0000] {processor.py:799} INFO - Processing file /opt/airflow/dags/data-pipeline.py for tasks to queue
[2025-05-02T11:04:35.148+0000] {logging_mixin.py:149} INFO - [2025-05-02T11:04:35.148+0000] {dagbag.py:541} INFO - Filling up the DagBag from /opt/airflow/dags/data-pipeline.py
[2025-05-02T11:04:36.059+0000] {processor.py:809} INFO - DAG(s) dict_keys(['data_pipeline']) retrieved from /opt/airflow/dags/data-pipeline.py
[2025-05-02T11:04:36.127+0000] {logging_mixin.py:149} INFO - [2025-05-02T11:04:36.126+0000] {dag.py:2726} INFO - Sync 1 DAGs
[2025-05-02T11:04:36.447+0000] {logging_mixin.py:149} INFO - [2025-05-02T11:04:36.446+0000] {dag.py:3490} INFO - Setting next_dagrun for data_pipeline to 2025-05-01T00:00:00+00:00, run_after=2025-06-01T00:00:00+00:00
[2025-05-02T11:04:36.505+0000] {processor.py:178} INFO - Processing /opt/airflow/dags/data-pipeline.py took 1.369 seconds
[2025-05-02T11:06:40.502+0000] {processor.py:156} INFO - Started process (PID=165) to work on /opt/airflow/dags/data-pipeline.py
[2025-05-02T11:06:40.505+0000] {processor.py:799} INFO - Processing file /opt/airflow/dags/data-pipeline.py for tasks to queue
[2025-05-02T11:06:40.509+0000] {logging_mixin.py:149} INFO - [2025-05-02T11:06:40.508+0000] {dagbag.py:541} INFO - Filling up the DagBag from /opt/airflow/dags/data-pipeline.py
[2025-05-02T11:06:44.576+0000] {processor.py:809} INFO - DAG(s) dict_keys(['data_pipeline']) retrieved from /opt/airflow/dags/data-pipeline.py
[2025-05-02T11:06:44.800+0000] {logging_mixin.py:149} INFO - [2025-05-02T11:06:44.799+0000] {dag.py:2726} INFO - Sync 1 DAGs
[2025-05-02T11:06:44.854+0000] {logging_mixin.py:149} INFO - [2025-05-02T11:06:44.854+0000] {dag.py:3490} INFO - Setting next_dagrun for data_pipeline to 2025-05-01T00:00:00+00:00, run_after=2025-06-01T00:00:00+00:00
[2025-05-02T11:06:44.921+0000] {processor.py:178} INFO - Processing /opt/airflow/dags/data-pipeline.py took 4.428 seconds
[2025-05-02T11:07:15.395+0000] {processor.py:156} INFO - Started process (PID=200) to work on /opt/airflow/dags/data-pipeline.py
[2025-05-02T11:07:15.399+0000] {processor.py:799} INFO - Processing file /opt/airflow/dags/data-pipeline.py for tasks to queue
[2025-05-02T11:07:15.401+0000] {logging_mixin.py:149} INFO - [2025-05-02T11:07:15.401+0000] {dagbag.py:541} INFO - Filling up the DagBag from /opt/airflow/dags/data-pipeline.py
[2025-05-02T11:07:18.113+0000] {processor.py:809} INFO - DAG(s) dict_keys(['data_pipeline']) retrieved from /opt/airflow/dags/data-pipeline.py
[2025-05-02T11:07:18.281+0000] {logging_mixin.py:149} INFO - [2025-05-02T11:07:18.280+0000] {dag.py:2726} INFO - Sync 1 DAGs
[2025-05-02T11:07:18.359+0000] {logging_mixin.py:149} INFO - [2025-05-02T11:07:18.359+0000] {dag.py:3490} INFO - Setting next_dagrun for data_pipeline to 2025-05-01T00:00:00+00:00, run_after=2025-06-01T00:00:00+00:00
[2025-05-02T11:07:18.418+0000] {processor.py:178} INFO - Processing /opt/airflow/dags/data-pipeline.py took 3.029 seconds
[2025-05-02T11:07:48.886+0000] {processor.py:156} INFO - Started process (PID=234) to work on /opt/airflow/dags/data-pipeline.py
[2025-05-02T11:07:48.889+0000] {processor.py:799} INFO - Processing file /opt/airflow/dags/data-pipeline.py for tasks to queue
[2025-05-02T11:07:48.892+0000] {logging_mixin.py:149} INFO - [2025-05-02T11:07:48.891+0000] {dagbag.py:541} INFO - Filling up the DagBag from /opt/airflow/dags/data-pipeline.py
[2025-05-02T11:07:52.167+0000] {processor.py:809} INFO - DAG(s) dict_keys(['data_pipeline']) retrieved from /opt/airflow/dags/data-pipeline.py
[2025-05-02T11:07:52.293+0000] {logging_mixin.py:149} INFO - [2025-05-02T11:07:52.292+0000] {dag.py:2726} INFO - Sync 1 DAGs
[2025-05-02T11:07:52.398+0000] {logging_mixin.py:149} INFO - [2025-05-02T11:07:52.397+0000] {dag.py:3490} INFO - Setting next_dagrun for data_pipeline to 2025-05-01T00:00:00+00:00, run_after=2025-06-01T00:00:00+00:00
[2025-05-02T11:07:52.469+0000] {processor.py:178} INFO - Processing /opt/airflow/dags/data-pipeline.py took 3.590 seconds
[2025-05-02T11:08:22.869+0000] {processor.py:156} INFO - Started process (PID=268) to work on /opt/airflow/dags/data-pipeline.py
[2025-05-02T11:08:22.871+0000] {processor.py:799} INFO - Processing file /opt/airflow/dags/data-pipeline.py for tasks to queue
[2025-05-02T11:08:22.872+0000] {logging_mixin.py:149} INFO - [2025-05-02T11:08:22.872+0000] {dagbag.py:541} INFO - Filling up the DagBag from /opt/airflow/dags/data-pipeline.py
[2025-05-02T11:08:24.569+0000] {processor.py:809} INFO - DAG(s) dict_keys(['data_pipeline']) retrieved from /opt/airflow/dags/data-pipeline.py
[2025-05-02T11:08:24.679+0000] {logging_mixin.py:149} INFO - [2025-05-02T11:08:24.670+0000] {dag.py:2726} INFO - Sync 1 DAGs
[2025-05-02T11:08:24.804+0000] {logging_mixin.py:149} INFO - [2025-05-02T11:08:24.803+0000] {dag.py:3490} INFO - Setting next_dagrun for data_pipeline to 2025-05-01T00:00:00+00:00, run_after=2025-06-01T00:00:00+00:00
[2025-05-02T11:08:24.884+0000] {processor.py:178} INFO - Processing /opt/airflow/dags/data-pipeline.py took 2.020 seconds
[2025-05-02T11:08:55.634+0000] {processor.py:156} INFO - Started process (PID=313) to work on /opt/airflow/dags/data-pipeline.py
[2025-05-02T11:08:55.636+0000] {processor.py:799} INFO - Processing file /opt/airflow/dags/data-pipeline.py for tasks to queue
[2025-05-02T11:08:55.638+0000] {logging_mixin.py:149} INFO - [2025-05-02T11:08:55.637+0000] {dagbag.py:541} INFO - Filling up the DagBag from /opt/airflow/dags/data-pipeline.py
[2025-05-02T11:08:56.441+0000] {processor.py:809} INFO - DAG(s) dict_keys(['data_pipeline']) retrieved from /opt/airflow/dags/data-pipeline.py
[2025-05-02T11:08:56.588+0000] {logging_mixin.py:149} INFO - [2025-05-02T11:08:56.587+0000] {dag.py:2726} INFO - Sync 1 DAGs
[2025-05-02T11:08:56.692+0000] {logging_mixin.py:149} INFO - [2025-05-02T11:08:56.691+0000] {dag.py:3490} INFO - Setting next_dagrun for data_pipeline to 2025-05-01T00:00:00+00:00, run_after=2025-06-01T00:00:00+00:00
[2025-05-02T11:08:56.742+0000] {processor.py:178} INFO - Processing /opt/airflow/dags/data-pipeline.py took 1.116 seconds
[2025-05-02T11:09:27.026+0000] {processor.py:156} INFO - Started process (PID=336) to work on /opt/airflow/dags/data-pipeline.py
[2025-05-02T11:09:27.027+0000] {processor.py:799} INFO - Processing file /opt/airflow/dags/data-pipeline.py for tasks to queue
[2025-05-02T11:09:27.029+0000] {logging_mixin.py:149} INFO - [2025-05-02T11:09:27.029+0000] {dagbag.py:541} INFO - Filling up the DagBag from /opt/airflow/dags/data-pipeline.py
[2025-05-02T11:09:27.941+0000] {processor.py:809} INFO - DAG(s) dict_keys(['data_pipeline']) retrieved from /opt/airflow/dags/data-pipeline.py
[2025-05-02T11:09:28.045+0000] {logging_mixin.py:149} INFO - [2025-05-02T11:09:28.043+0000] {dag.py:2726} INFO - Sync 1 DAGs
[2025-05-02T11:09:28.121+0000] {logging_mixin.py:149} INFO - [2025-05-02T11:09:28.121+0000] {dag.py:3490} INFO - Setting next_dagrun for data_pipeline to 2025-05-01T00:00:00+00:00, run_after=2025-06-01T00:00:00+00:00
[2025-05-02T11:09:28.173+0000] {processor.py:178} INFO - Processing /opt/airflow/dags/data-pipeline.py took 1.157 seconds
[2025-05-02T11:09:58.578+0000] {processor.py:156} INFO - Started process (PID=370) to work on /opt/airflow/dags/data-pipeline.py
[2025-05-02T11:09:58.582+0000] {processor.py:799} INFO - Processing file /opt/airflow/dags/data-pipeline.py for tasks to queue
[2025-05-02T11:09:58.585+0000] {logging_mixin.py:149} INFO - [2025-05-02T11:09:58.585+0000] {dagbag.py:541} INFO - Filling up the DagBag from /opt/airflow/dags/data-pipeline.py
[2025-05-02T11:10:01.191+0000] {processor.py:809} INFO - DAG(s) dict_keys(['data_pipeline']) retrieved from /opt/airflow/dags/data-pipeline.py
[2025-05-02T11:10:01.444+0000] {logging_mixin.py:149} INFO - [2025-05-02T11:10:01.442+0000] {dag.py:2726} INFO - Sync 1 DAGs
[2025-05-02T11:10:01.609+0000] {logging_mixin.py:149} INFO - [2025-05-02T11:10:01.608+0000] {dag.py:3490} INFO - Setting next_dagrun for data_pipeline to 2025-05-01T00:00:00+00:00, run_after=2025-06-01T00:00:00+00:00
[2025-05-02T11:10:01.696+0000] {processor.py:178} INFO - Processing /opt/airflow/dags/data-pipeline.py took 3.140 seconds
[2025-05-02T11:10:32.268+0000] {processor.py:156} INFO - Started process (PID=404) to work on /opt/airflow/dags/data-pipeline.py
[2025-05-02T11:10:32.279+0000] {processor.py:799} INFO - Processing file /opt/airflow/dags/data-pipeline.py for tasks to queue
[2025-05-02T11:10:32.287+0000] {logging_mixin.py:149} INFO - [2025-05-02T11:10:32.286+0000] {dagbag.py:541} INFO - Filling up the DagBag from /opt/airflow/dags/data-pipeline.py
[2025-05-02T11:10:34.863+0000] {processor.py:809} INFO - DAG(s) dict_keys(['data_pipeline']) retrieved from /opt/airflow/dags/data-pipeline.py
[2025-05-02T11:10:35.207+0000] {logging_mixin.py:149} INFO - [2025-05-02T11:10:35.202+0000] {dag.py:2726} INFO - Sync 1 DAGs
[2025-05-02T11:10:35.397+0000] {logging_mixin.py:149} INFO - [2025-05-02T11:10:35.397+0000] {dag.py:3490} INFO - Setting next_dagrun for data_pipeline to 2025-05-01T00:00:00+00:00, run_after=2025-06-01T00:00:00+00:00
[2025-05-02T11:10:35.590+0000] {processor.py:178} INFO - Processing /opt/airflow/dags/data-pipeline.py took 3.388 seconds
[2025-05-02T11:11:05.822+0000] {processor.py:156} INFO - Started process (PID=480) to work on /opt/airflow/dags/data-pipeline.py
[2025-05-02T11:11:05.825+0000] {processor.py:799} INFO - Processing file /opt/airflow/dags/data-pipeline.py for tasks to queue
[2025-05-02T11:11:05.828+0000] {logging_mixin.py:149} INFO - [2025-05-02T11:11:05.827+0000] {dagbag.py:541} INFO - Filling up the DagBag from /opt/airflow/dags/data-pipeline.py
[2025-05-02T11:11:06.907+0000] {processor.py:809} INFO - DAG(s) dict_keys(['data_pipeline']) retrieved from /opt/airflow/dags/data-pipeline.py
[2025-05-02T11:11:07.033+0000] {logging_mixin.py:149} INFO - [2025-05-02T11:11:07.030+0000] {dag.py:2726} INFO - Sync 1 DAGs
[2025-05-02T11:11:07.151+0000] {logging_mixin.py:149} INFO - [2025-05-02T11:11:07.151+0000] {dag.py:3490} INFO - Setting next_dagrun for data_pipeline to 2025-05-01T00:00:00+00:00, run_after=2025-06-01T00:00:00+00:00
[2025-05-02T11:11:07.287+0000] {processor.py:178} INFO - Processing /opt/airflow/dags/data-pipeline.py took 1.471 seconds
[2025-05-02T11:11:37.784+0000] {processor.py:156} INFO - Started process (PID=514) to work on /opt/airflow/dags/data-pipeline.py
[2025-05-02T11:11:37.787+0000] {processor.py:799} INFO - Processing file /opt/airflow/dags/data-pipeline.py for tasks to queue
[2025-05-02T11:11:37.790+0000] {logging_mixin.py:149} INFO - [2025-05-02T11:11:37.789+0000] {dagbag.py:541} INFO - Filling up the DagBag from /opt/airflow/dags/data-pipeline.py
[2025-05-02T11:11:39.241+0000] {processor.py:809} INFO - DAG(s) dict_keys(['data_pipeline']) retrieved from /opt/airflow/dags/data-pipeline.py
[2025-05-02T11:11:39.353+0000] {logging_mixin.py:149} INFO - [2025-05-02T11:11:39.351+0000] {dag.py:2726} INFO - Sync 1 DAGs
[2025-05-02T11:11:39.450+0000] {logging_mixin.py:149} INFO - [2025-05-02T11:11:39.449+0000] {dag.py:3490} INFO - Setting next_dagrun for data_pipeline to 2025-05-01T00:00:00+00:00, run_after=2025-06-01T00:00:00+00:00
[2025-05-02T11:11:39.602+0000] {processor.py:178} INFO - Processing /opt/airflow/dags/data-pipeline.py took 1.829 seconds
[2025-05-02T11:12:10.239+0000] {processor.py:156} INFO - Started process (PID=548) to work on /opt/airflow/dags/data-pipeline.py
[2025-05-02T11:12:10.241+0000] {processor.py:799} INFO - Processing file /opt/airflow/dags/data-pipeline.py for tasks to queue
[2025-05-02T11:12:10.242+0000] {logging_mixin.py:149} INFO - [2025-05-02T11:12:10.242+0000] {dagbag.py:541} INFO - Filling up the DagBag from /opt/airflow/dags/data-pipeline.py
[2025-05-02T11:12:11.203+0000] {processor.py:809} INFO - DAG(s) dict_keys(['data_pipeline']) retrieved from /opt/airflow/dags/data-pipeline.py
[2025-05-02T11:12:11.285+0000] {logging_mixin.py:149} INFO - [2025-05-02T11:12:11.284+0000] {dag.py:2726} INFO - Sync 1 DAGs
[2025-05-02T11:12:11.398+0000] {logging_mixin.py:149} INFO - [2025-05-02T11:12:11.397+0000] {dag.py:3490} INFO - Setting next_dagrun for data_pipeline to 2025-05-01T00:00:00+00:00, run_after=2025-06-01T00:00:00+00:00
[2025-05-02T11:12:11.483+0000] {processor.py:178} INFO - Processing /opt/airflow/dags/data-pipeline.py took 1.249 seconds
[2025-05-02T11:12:41.653+0000] {processor.py:156} INFO - Started process (PID=582) to work on /opt/airflow/dags/data-pipeline.py
[2025-05-02T11:12:41.655+0000] {processor.py:799} INFO - Processing file /opt/airflow/dags/data-pipeline.py for tasks to queue
[2025-05-02T11:12:41.656+0000] {logging_mixin.py:149} INFO - [2025-05-02T11:12:41.656+0000] {dagbag.py:541} INFO - Filling up the DagBag from /opt/airflow/dags/data-pipeline.py
[2025-05-02T11:12:42.612+0000] {processor.py:809} INFO - DAG(s) dict_keys(['data_pipeline']) retrieved from /opt/airflow/dags/data-pipeline.py
[2025-05-02T11:12:42.757+0000] {logging_mixin.py:149} INFO - [2025-05-02T11:12:42.752+0000] {dag.py:2726} INFO - Sync 1 DAGs
[2025-05-02T11:12:42.949+0000] {logging_mixin.py:149} INFO - [2025-05-02T11:12:42.948+0000] {dag.py:3490} INFO - Setting next_dagrun for data_pipeline to 2025-05-01T00:00:00+00:00, run_after=2025-06-01T00:00:00+00:00
[2025-05-02T11:12:43.030+0000] {processor.py:178} INFO - Processing /opt/airflow/dags/data-pipeline.py took 1.383 seconds
[2025-05-02T11:13:13.575+0000] {processor.py:156} INFO - Started process (PID=616) to work on /opt/airflow/dags/data-pipeline.py
[2025-05-02T11:13:13.579+0000] {processor.py:799} INFO - Processing file /opt/airflow/dags/data-pipeline.py for tasks to queue
[2025-05-02T11:13:13.581+0000] {logging_mixin.py:149} INFO - [2025-05-02T11:13:13.580+0000] {dagbag.py:541} INFO - Filling up the DagBag from /opt/airflow/dags/data-pipeline.py
[2025-05-02T11:13:14.566+0000] {processor.py:809} INFO - DAG(s) dict_keys(['data_pipeline']) retrieved from /opt/airflow/dags/data-pipeline.py
[2025-05-02T11:13:14.643+0000] {logging_mixin.py:149} INFO - [2025-05-02T11:13:14.642+0000] {dag.py:2726} INFO - Sync 1 DAGs
[2025-05-02T11:13:14.881+0000] {logging_mixin.py:149} INFO - [2025-05-02T11:13:14.880+0000] {dag.py:3490} INFO - Setting next_dagrun for data_pipeline to 2025-05-01T00:00:00+00:00, run_after=2025-06-01T00:00:00+00:00
[2025-05-02T11:13:15.172+0000] {processor.py:178} INFO - Processing /opt/airflow/dags/data-pipeline.py took 1.605 seconds
[2025-05-02T11:13:45.690+0000] {processor.py:156} INFO - Started process (PID=650) to work on /opt/airflow/dags/data-pipeline.py
[2025-05-02T11:13:45.693+0000] {processor.py:799} INFO - Processing file /opt/airflow/dags/data-pipeline.py for tasks to queue
[2025-05-02T11:13:45.695+0000] {logging_mixin.py:149} INFO - [2025-05-02T11:13:45.695+0000] {dagbag.py:541} INFO - Filling up the DagBag from /opt/airflow/dags/data-pipeline.py
[2025-05-02T11:13:46.704+0000] {processor.py:809} INFO - DAG(s) dict_keys(['data_pipeline']) retrieved from /opt/airflow/dags/data-pipeline.py
[2025-05-02T11:13:46.772+0000] {logging_mixin.py:149} INFO - [2025-05-02T11:13:46.771+0000] {dag.py:2726} INFO - Sync 1 DAGs
[2025-05-02T11:13:46.849+0000] {logging_mixin.py:149} INFO - [2025-05-02T11:13:46.848+0000] {dag.py:3490} INFO - Setting next_dagrun for data_pipeline to 2025-05-01T00:00:00+00:00, run_after=2025-06-01T00:00:00+00:00
[2025-05-02T11:13:46.919+0000] {processor.py:178} INFO - Processing /opt/airflow/dags/data-pipeline.py took 1.234 seconds
[2025-05-02T11:15:31.280+0000] {processor.py:156} INFO - Started process (PID=165) to work on /opt/airflow/dags/data-pipeline.py
[2025-05-02T11:15:31.284+0000] {processor.py:799} INFO - Processing file /opt/airflow/dags/data-pipeline.py for tasks to queue
[2025-05-02T11:15:31.287+0000] {logging_mixin.py:149} INFO - [2025-05-02T11:15:31.287+0000] {dagbag.py:541} INFO - Filling up the DagBag from /opt/airflow/dags/data-pipeline.py
[2025-05-02T11:15:34.788+0000] {processor.py:809} INFO - DAG(s) dict_keys(['data_pipeline']) retrieved from /opt/airflow/dags/data-pipeline.py
[2025-05-02T11:15:34.974+0000] {logging_mixin.py:149} INFO - [2025-05-02T11:15:34.973+0000] {dag.py:2726} INFO - Sync 1 DAGs
[2025-05-02T11:15:35.017+0000] {logging_mixin.py:149} INFO - [2025-05-02T11:15:35.017+0000] {dag.py:3490} INFO - Setting next_dagrun for data_pipeline to 2025-05-01T00:00:00+00:00, run_after=2025-06-01T00:00:00+00:00
[2025-05-02T11:15:35.078+0000] {processor.py:178} INFO - Processing /opt/airflow/dags/data-pipeline.py took 3.813 seconds
[2025-05-02T11:16:05.475+0000] {processor.py:156} INFO - Started process (PID=214) to work on /opt/airflow/dags/data-pipeline.py
[2025-05-02T11:16:05.477+0000] {processor.py:799} INFO - Processing file /opt/airflow/dags/data-pipeline.py for tasks to queue
[2025-05-02T11:16:05.479+0000] {logging_mixin.py:149} INFO - [2025-05-02T11:16:05.479+0000] {dagbag.py:541} INFO - Filling up the DagBag from /opt/airflow/dags/data-pipeline.py
[2025-05-02T11:16:07.851+0000] {processor.py:809} INFO - DAG(s) dict_keys(['data_pipeline']) retrieved from /opt/airflow/dags/data-pipeline.py
[2025-05-02T11:16:07.955+0000] {logging_mixin.py:149} INFO - [2025-05-02T11:16:07.953+0000] {dag.py:2726} INFO - Sync 1 DAGs
[2025-05-02T11:16:08.034+0000] {logging_mixin.py:149} INFO - [2025-05-02T11:16:08.034+0000] {dag.py:3490} INFO - Setting next_dagrun for data_pipeline to 2025-05-01T00:00:00+00:00, run_after=2025-06-01T00:00:00+00:00
[2025-05-02T11:16:08.107+0000] {processor.py:178} INFO - Processing /opt/airflow/dags/data-pipeline.py took 2.637 seconds
[2025-05-02T11:16:38.608+0000] {processor.py:156} INFO - Started process (PID=248) to work on /opt/airflow/dags/data-pipeline.py
[2025-05-02T11:16:38.611+0000] {processor.py:799} INFO - Processing file /opt/airflow/dags/data-pipeline.py for tasks to queue
[2025-05-02T11:16:38.614+0000] {logging_mixin.py:149} INFO - [2025-05-02T11:16:38.613+0000] {dagbag.py:541} INFO - Filling up the DagBag from /opt/airflow/dags/data-pipeline.py
[2025-05-02T11:16:40.811+0000] {processor.py:809} INFO - DAG(s) dict_keys(['data_pipeline']) retrieved from /opt/airflow/dags/data-pipeline.py
[2025-05-02T11:16:40.865+0000] {logging_mixin.py:149} INFO - [2025-05-02T11:16:40.864+0000] {dag.py:2726} INFO - Sync 1 DAGs
[2025-05-02T11:16:40.943+0000] {logging_mixin.py:149} INFO - [2025-05-02T11:16:40.942+0000] {dag.py:3490} INFO - Setting next_dagrun for data_pipeline to 2025-05-01T00:00:00+00:00, run_after=2025-06-01T00:00:00+00:00
[2025-05-02T11:16:41.015+0000] {processor.py:178} INFO - Processing /opt/airflow/dags/data-pipeline.py took 2.414 seconds
[2025-05-02T11:17:11.425+0000] {processor.py:156} INFO - Started process (PID=282) to work on /opt/airflow/dags/data-pipeline.py
[2025-05-02T11:17:11.428+0000] {processor.py:799} INFO - Processing file /opt/airflow/dags/data-pipeline.py for tasks to queue
[2025-05-02T11:17:11.430+0000] {logging_mixin.py:149} INFO - [2025-05-02T11:17:11.429+0000] {dagbag.py:541} INFO - Filling up the DagBag from /opt/airflow/dags/data-pipeline.py
[2025-05-02T11:17:12.840+0000] {processor.py:809} INFO - DAG(s) dict_keys(['data_pipeline']) retrieved from /opt/airflow/dags/data-pipeline.py
[2025-05-02T11:17:12.892+0000] {logging_mixin.py:149} INFO - [2025-05-02T11:17:12.891+0000] {dag.py:2726} INFO - Sync 1 DAGs
[2025-05-02T11:17:12.950+0000] {logging_mixin.py:149} INFO - [2025-05-02T11:17:12.949+0000] {dag.py:3490} INFO - Setting next_dagrun for data_pipeline to 2025-05-01T00:00:00+00:00, run_after=2025-06-01T00:00:00+00:00
[2025-05-02T11:17:13.011+0000] {processor.py:178} INFO - Processing /opt/airflow/dags/data-pipeline.py took 1.593 seconds
[2025-05-02T11:17:43.676+0000] {processor.py:156} INFO - Started process (PID=327) to work on /opt/airflow/dags/data-pipeline.py
[2025-05-02T11:17:43.679+0000] {processor.py:799} INFO - Processing file /opt/airflow/dags/data-pipeline.py for tasks to queue
[2025-05-02T11:17:43.681+0000] {logging_mixin.py:149} INFO - [2025-05-02T11:17:43.681+0000] {dagbag.py:541} INFO - Filling up the DagBag from /opt/airflow/dags/data-pipeline.py
[2025-05-02T11:17:44.733+0000] {processor.py:809} INFO - DAG(s) dict_keys(['data_pipeline']) retrieved from /opt/airflow/dags/data-pipeline.py
[2025-05-02T11:17:44.836+0000] {logging_mixin.py:149} INFO - [2025-05-02T11:17:44.835+0000] {dag.py:2726} INFO - Sync 1 DAGs
[2025-05-02T11:17:44.934+0000] {logging_mixin.py:149} INFO - [2025-05-02T11:17:44.934+0000] {dag.py:3490} INFO - Setting next_dagrun for data_pipeline to 2025-05-01T00:00:00+00:00, run_after=2025-06-01T00:00:00+00:00
[2025-05-02T11:17:44.993+0000] {processor.py:178} INFO - Processing /opt/airflow/dags/data-pipeline.py took 1.324 seconds
[2025-05-02T11:18:15.435+0000] {processor.py:156} INFO - Started process (PID=350) to work on /opt/airflow/dags/data-pipeline.py
[2025-05-02T11:18:15.438+0000] {processor.py:799} INFO - Processing file /opt/airflow/dags/data-pipeline.py for tasks to queue
[2025-05-02T11:18:15.441+0000] {logging_mixin.py:149} INFO - [2025-05-02T11:18:15.441+0000] {dagbag.py:541} INFO - Filling up the DagBag from /opt/airflow/dags/data-pipeline.py
[2025-05-02T11:18:16.430+0000] {processor.py:809} INFO - DAG(s) dict_keys(['data_pipeline']) retrieved from /opt/airflow/dags/data-pipeline.py
[2025-05-02T11:18:16.562+0000] {logging_mixin.py:149} INFO - [2025-05-02T11:18:16.561+0000] {dag.py:2726} INFO - Sync 1 DAGs
[2025-05-02T11:18:16.616+0000] {logging_mixin.py:149} INFO - [2025-05-02T11:18:16.616+0000] {dag.py:3490} INFO - Setting next_dagrun for data_pipeline to 2025-05-01T00:00:00+00:00, run_after=2025-06-01T00:00:00+00:00
[2025-05-02T11:18:16.677+0000] {processor.py:178} INFO - Processing /opt/airflow/dags/data-pipeline.py took 1.251 seconds
[2025-05-02T11:18:46.972+0000] {processor.py:156} INFO - Started process (PID=395) to work on /opt/airflow/dags/data-pipeline.py
[2025-05-02T11:18:46.976+0000] {processor.py:799} INFO - Processing file /opt/airflow/dags/data-pipeline.py for tasks to queue
[2025-05-02T11:18:46.983+0000] {logging_mixin.py:149} INFO - [2025-05-02T11:18:46.983+0000] {dagbag.py:541} INFO - Filling up the DagBag from /opt/airflow/dags/data-pipeline.py
[2025-05-02T11:18:47.808+0000] {processor.py:809} INFO - DAG(s) dict_keys(['data_pipeline']) retrieved from /opt/airflow/dags/data-pipeline.py
[2025-05-02T11:18:47.864+0000] {logging_mixin.py:149} INFO - [2025-05-02T11:18:47.863+0000] {dag.py:2726} INFO - Sync 1 DAGs
[2025-05-02T11:18:47.924+0000] {logging_mixin.py:149} INFO - [2025-05-02T11:18:47.923+0000] {dag.py:3490} INFO - Setting next_dagrun for data_pipeline to 2025-05-01T00:00:00+00:00, run_after=2025-06-01T00:00:00+00:00
[2025-05-02T11:18:47.985+0000] {processor.py:178} INFO - Processing /opt/airflow/dags/data-pipeline.py took 1.025 seconds
[2025-05-02T11:19:18.420+0000] {processor.py:156} INFO - Started process (PID=418) to work on /opt/airflow/dags/data-pipeline.py
[2025-05-02T11:19:18.422+0000] {processor.py:799} INFO - Processing file /opt/airflow/dags/data-pipeline.py for tasks to queue
[2025-05-02T11:19:18.425+0000] {logging_mixin.py:149} INFO - [2025-05-02T11:19:18.424+0000] {dagbag.py:541} INFO - Filling up the DagBag from /opt/airflow/dags/data-pipeline.py
[2025-05-02T11:19:19.848+0000] {processor.py:809} INFO - DAG(s) dict_keys(['data_pipeline']) retrieved from /opt/airflow/dags/data-pipeline.py
[2025-05-02T11:19:20.006+0000] {logging_mixin.py:149} INFO - [2025-05-02T11:19:20.005+0000] {dag.py:2726} INFO - Sync 1 DAGs
[2025-05-02T11:19:20.122+0000] {logging_mixin.py:149} INFO - [2025-05-02T11:19:20.121+0000] {dag.py:3490} INFO - Setting next_dagrun for data_pipeline to 2025-05-01T00:00:00+00:00, run_after=2025-06-01T00:00:00+00:00
[2025-05-02T11:19:20.231+0000] {processor.py:178} INFO - Processing /opt/airflow/dags/data-pipeline.py took 1.820 seconds
[2025-05-02T11:19:50.772+0000] {processor.py:156} INFO - Started process (PID=452) to work on /opt/airflow/dags/data-pipeline.py
[2025-05-02T11:19:50.781+0000] {processor.py:799} INFO - Processing file /opt/airflow/dags/data-pipeline.py for tasks to queue
[2025-05-02T11:19:50.787+0000] {logging_mixin.py:149} INFO - [2025-05-02T11:19:50.786+0000] {dagbag.py:541} INFO - Filling up the DagBag from /opt/airflow/dags/data-pipeline.py
[2025-05-02T11:19:52.559+0000] {processor.py:809} INFO - DAG(s) dict_keys(['data_pipeline']) retrieved from /opt/airflow/dags/data-pipeline.py
[2025-05-02T11:19:52.657+0000] {logging_mixin.py:149} INFO - [2025-05-02T11:19:52.655+0000] {dag.py:2726} INFO - Sync 1 DAGs
[2025-05-02T11:19:52.795+0000] {logging_mixin.py:149} INFO - [2025-05-02T11:19:52.795+0000] {dag.py:3490} INFO - Setting next_dagrun for data_pipeline to 2025-05-01T00:00:00+00:00, run_after=2025-06-01T00:00:00+00:00
[2025-05-02T11:19:52.894+0000] {processor.py:178} INFO - Processing /opt/airflow/dags/data-pipeline.py took 2.134 seconds
[2025-05-02T11:20:23.517+0000] {processor.py:156} INFO - Started process (PID=486) to work on /opt/airflow/dags/data-pipeline.py
[2025-05-02T11:20:23.527+0000] {processor.py:799} INFO - Processing file /opt/airflow/dags/data-pipeline.py for tasks to queue
[2025-05-02T11:20:23.535+0000] {logging_mixin.py:149} INFO - [2025-05-02T11:20:23.533+0000] {dagbag.py:541} INFO - Filling up the DagBag from /opt/airflow/dags/data-pipeline.py
[2025-05-02T11:20:25.243+0000] {processor.py:809} INFO - DAG(s) dict_keys(['data_pipeline']) retrieved from /opt/airflow/dags/data-pipeline.py
[2025-05-02T11:20:25.352+0000] {logging_mixin.py:149} INFO - [2025-05-02T11:20:25.351+0000] {dag.py:2726} INFO - Sync 1 DAGs
[2025-05-02T11:20:25.452+0000] {logging_mixin.py:149} INFO - [2025-05-02T11:20:25.452+0000] {dag.py:3490} INFO - Setting next_dagrun for data_pipeline to 2025-05-01T00:00:00+00:00, run_after=2025-06-01T00:00:00+00:00
[2025-05-02T11:20:25.540+0000] {processor.py:178} INFO - Processing /opt/airflow/dags/data-pipeline.py took 2.089 seconds
[2025-05-02T11:20:56.156+0000] {processor.py:156} INFO - Started process (PID=520) to work on /opt/airflow/dags/data-pipeline.py
[2025-05-02T11:20:56.161+0000] {processor.py:799} INFO - Processing file /opt/airflow/dags/data-pipeline.py for tasks to queue
[2025-05-02T11:20:56.163+0000] {logging_mixin.py:149} INFO - [2025-05-02T11:20:56.163+0000] {dagbag.py:541} INFO - Filling up the DagBag from /opt/airflow/dags/data-pipeline.py
[2025-05-02T11:20:57.229+0000] {processor.py:809} INFO - DAG(s) dict_keys(['data_pipeline']) retrieved from /opt/airflow/dags/data-pipeline.py
[2025-05-02T11:20:57.305+0000] {logging_mixin.py:149} INFO - [2025-05-02T11:20:57.303+0000] {dag.py:2726} INFO - Sync 1 DAGs
[2025-05-02T11:20:57.392+0000] {logging_mixin.py:149} INFO - [2025-05-02T11:20:57.391+0000] {dag.py:3490} INFO - Setting next_dagrun for data_pipeline to 2025-05-01T00:00:00+00:00, run_after=2025-06-01T00:00:00+00:00
[2025-05-02T11:20:57.489+0000] {processor.py:178} INFO - Processing /opt/airflow/dags/data-pipeline.py took 1.339 seconds
[2025-05-02T11:21:27.997+0000] {processor.py:156} INFO - Started process (PID=554) to work on /opt/airflow/dags/data-pipeline.py
[2025-05-02T11:21:28.000+0000] {processor.py:799} INFO - Processing file /opt/airflow/dags/data-pipeline.py for tasks to queue
[2025-05-02T11:21:28.002+0000] {logging_mixin.py:149} INFO - [2025-05-02T11:21:28.002+0000] {dagbag.py:541} INFO - Filling up the DagBag from /opt/airflow/dags/data-pipeline.py
[2025-05-02T11:21:29.076+0000] {processor.py:809} INFO - DAG(s) dict_keys(['data_pipeline']) retrieved from /opt/airflow/dags/data-pipeline.py
[2025-05-02T11:21:29.140+0000] {logging_mixin.py:149} INFO - [2025-05-02T11:21:29.139+0000] {dag.py:2726} INFO - Sync 1 DAGs
[2025-05-02T11:21:29.198+0000] {logging_mixin.py:149} INFO - [2025-05-02T11:21:29.198+0000] {dag.py:3490} INFO - Setting next_dagrun for data_pipeline to 2025-05-01T00:00:00+00:00, run_after=2025-06-01T00:00:00+00:00
[2025-05-02T11:21:29.258+0000] {processor.py:178} INFO - Processing /opt/airflow/dags/data-pipeline.py took 1.270 seconds
[2025-05-02T11:21:59.792+0000] {processor.py:156} INFO - Started process (PID=588) to work on /opt/airflow/dags/data-pipeline.py
[2025-05-02T11:21:59.794+0000] {processor.py:799} INFO - Processing file /opt/airflow/dags/data-pipeline.py for tasks to queue
[2025-05-02T11:21:59.796+0000] {logging_mixin.py:149} INFO - [2025-05-02T11:21:59.796+0000] {dagbag.py:541} INFO - Filling up the DagBag from /opt/airflow/dags/data-pipeline.py
[2025-05-02T11:22:00.783+0000] {processor.py:809} INFO - DAG(s) dict_keys(['data_pipeline']) retrieved from /opt/airflow/dags/data-pipeline.py
[2025-05-02T11:22:00.912+0000] {logging_mixin.py:149} INFO - [2025-05-02T11:22:00.910+0000] {dag.py:2726} INFO - Sync 1 DAGs
[2025-05-02T11:22:01.014+0000] {logging_mixin.py:149} INFO - [2025-05-02T11:22:01.013+0000] {dag.py:3490} INFO - Setting next_dagrun for data_pipeline to 2025-05-01T00:00:00+00:00, run_after=2025-06-01T00:00:00+00:00
[2025-05-02T11:22:01.082+0000] {processor.py:178} INFO - Processing /opt/airflow/dags/data-pipeline.py took 1.303 seconds
[2025-05-02T11:22:31.247+0000] {processor.py:156} INFO - Started process (PID=622) to work on /opt/airflow/dags/data-pipeline.py
[2025-05-02T11:22:31.252+0000] {processor.py:799} INFO - Processing file /opt/airflow/dags/data-pipeline.py for tasks to queue
[2025-05-02T11:22:31.256+0000] {logging_mixin.py:149} INFO - [2025-05-02T11:22:31.255+0000] {dagbag.py:541} INFO - Filling up the DagBag from /opt/airflow/dags/data-pipeline.py
[2025-05-02T11:22:32.407+0000] {processor.py:809} INFO - DAG(s) dict_keys(['data_pipeline']) retrieved from /opt/airflow/dags/data-pipeline.py
[2025-05-02T11:22:32.602+0000] {logging_mixin.py:149} INFO - [2025-05-02T11:22:32.599+0000] {dag.py:2726} INFO - Sync 1 DAGs
[2025-05-02T11:22:32.705+0000] {logging_mixin.py:149} INFO - [2025-05-02T11:22:32.705+0000] {dag.py:3490} INFO - Setting next_dagrun for data_pipeline to 2025-05-01T00:00:00+00:00, run_after=2025-06-01T00:00:00+00:00
[2025-05-02T11:22:32.879+0000] {processor.py:178} INFO - Processing /opt/airflow/dags/data-pipeline.py took 1.642 seconds
[2025-05-02T11:23:03.376+0000] {processor.py:156} INFO - Started process (PID=656) to work on /opt/airflow/dags/data-pipeline.py
[2025-05-02T11:23:03.381+0000] {processor.py:799} INFO - Processing file /opt/airflow/dags/data-pipeline.py for tasks to queue
[2025-05-02T11:23:03.384+0000] {logging_mixin.py:149} INFO - [2025-05-02T11:23:03.383+0000] {dagbag.py:541} INFO - Filling up the DagBag from /opt/airflow/dags/data-pipeline.py
[2025-05-02T11:23:04.488+0000] {processor.py:809} INFO - DAG(s) dict_keys(['data_pipeline']) retrieved from /opt/airflow/dags/data-pipeline.py
[2025-05-02T11:23:04.637+0000] {logging_mixin.py:149} INFO - [2025-05-02T11:23:04.636+0000] {dag.py:2726} INFO - Sync 1 DAGs
[2025-05-02T11:23:04.738+0000] {logging_mixin.py:149} INFO - [2025-05-02T11:23:04.738+0000] {dag.py:3490} INFO - Setting next_dagrun for data_pipeline to 2025-05-01T00:00:00+00:00, run_after=2025-06-01T00:00:00+00:00
[2025-05-02T11:23:04.804+0000] {processor.py:178} INFO - Processing /opt/airflow/dags/data-pipeline.py took 1.445 seconds
[2025-05-02T11:23:35.198+0000] {processor.py:156} INFO - Started process (PID=690) to work on /opt/airflow/dags/data-pipeline.py
[2025-05-02T11:23:35.201+0000] {processor.py:799} INFO - Processing file /opt/airflow/dags/data-pipeline.py for tasks to queue
[2025-05-02T11:23:35.204+0000] {logging_mixin.py:149} INFO - [2025-05-02T11:23:35.204+0000] {dagbag.py:541} INFO - Filling up the DagBag from /opt/airflow/dags/data-pipeline.py
[2025-05-02T11:23:36.210+0000] {processor.py:809} INFO - DAG(s) dict_keys(['data_pipeline']) retrieved from /opt/airflow/dags/data-pipeline.py
[2025-05-02T11:23:36.278+0000] {logging_mixin.py:149} INFO - [2025-05-02T11:23:36.277+0000] {dag.py:2726} INFO - Sync 1 DAGs
[2025-05-02T11:23:36.359+0000] {logging_mixin.py:149} INFO - [2025-05-02T11:23:36.359+0000] {dag.py:3490} INFO - Setting next_dagrun for data_pipeline to 2025-05-01T00:00:00+00:00, run_after=2025-06-01T00:00:00+00:00
[2025-05-02T11:23:36.427+0000] {processor.py:178} INFO - Processing /opt/airflow/dags/data-pipeline.py took 1.245 seconds
[2025-05-02T11:24:06.788+0000] {processor.py:156} INFO - Started process (PID=724) to work on /opt/airflow/dags/data-pipeline.py
[2025-05-02T11:24:06.790+0000] {processor.py:799} INFO - Processing file /opt/airflow/dags/data-pipeline.py for tasks to queue
[2025-05-02T11:24:06.792+0000] {logging_mixin.py:149} INFO - [2025-05-02T11:24:06.792+0000] {dagbag.py:541} INFO - Filling up the DagBag from /opt/airflow/dags/data-pipeline.py
[2025-05-02T11:24:07.911+0000] {processor.py:809} INFO - DAG(s) dict_keys(['data_pipeline']) retrieved from /opt/airflow/dags/data-pipeline.py
[2025-05-02T11:24:08.150+0000] {logging_mixin.py:149} INFO - [2025-05-02T11:24:08.148+0000] {dag.py:2726} INFO - Sync 1 DAGs
[2025-05-02T11:24:08.357+0000] {logging_mixin.py:149} INFO - [2025-05-02T11:24:08.356+0000] {dag.py:3490} INFO - Setting next_dagrun for data_pipeline to 2025-05-01T00:00:00+00:00, run_after=2025-06-01T00:00:00+00:00
[2025-05-02T11:24:08.494+0000] {processor.py:178} INFO - Processing /opt/airflow/dags/data-pipeline.py took 1.714 seconds
[2025-05-02T11:24:39.015+0000] {processor.py:156} INFO - Started process (PID=755) to work on /opt/airflow/dags/data-pipeline.py
[2025-05-02T11:24:39.017+0000] {processor.py:799} INFO - Processing file /opt/airflow/dags/data-pipeline.py for tasks to queue
[2025-05-02T11:24:39.019+0000] {logging_mixin.py:149} INFO - [2025-05-02T11:24:39.018+0000] {dagbag.py:541} INFO - Filling up the DagBag from /opt/airflow/dags/data-pipeline.py
[2025-05-02T11:24:40.124+0000] {processor.py:809} INFO - DAG(s) dict_keys(['data_pipeline']) retrieved from /opt/airflow/dags/data-pipeline.py
[2025-05-02T11:24:40.348+0000] {logging_mixin.py:149} INFO - [2025-05-02T11:24:40.344+0000] {dag.py:2726} INFO - Sync 1 DAGs
[2025-05-02T11:24:40.418+0000] {logging_mixin.py:149} INFO - [2025-05-02T11:24:40.418+0000] {dag.py:3490} INFO - Setting next_dagrun for data_pipeline to 2025-05-01T00:00:00+00:00, run_after=2025-06-01T00:00:00+00:00
[2025-05-02T11:24:40.481+0000] {processor.py:178} INFO - Processing /opt/airflow/dags/data-pipeline.py took 1.472 seconds
[2025-05-02T11:25:11.198+0000] {processor.py:156} INFO - Started process (PID=789) to work on /opt/airflow/dags/data-pipeline.py
[2025-05-02T11:25:11.200+0000] {processor.py:799} INFO - Processing file /opt/airflow/dags/data-pipeline.py for tasks to queue
[2025-05-02T11:25:11.202+0000] {logging_mixin.py:149} INFO - [2025-05-02T11:25:11.202+0000] {dagbag.py:541} INFO - Filling up the DagBag from /opt/airflow/dags/data-pipeline.py
[2025-05-02T11:25:12.097+0000] {processor.py:809} INFO - DAG(s) dict_keys(['data_pipeline']) retrieved from /opt/airflow/dags/data-pipeline.py
[2025-05-02T11:25:12.152+0000] {logging_mixin.py:149} INFO - [2025-05-02T11:25:12.151+0000] {dag.py:2726} INFO - Sync 1 DAGs
[2025-05-02T11:25:12.223+0000] {logging_mixin.py:149} INFO - [2025-05-02T11:25:12.223+0000] {dag.py:3490} INFO - Setting next_dagrun for data_pipeline to 2025-05-01T00:00:00+00:00, run_after=2025-06-01T00:00:00+00:00
[2025-05-02T11:25:12.288+0000] {processor.py:178} INFO - Processing /opt/airflow/dags/data-pipeline.py took 1.095 seconds
[2025-05-02T11:25:42.873+0000] {processor.py:156} INFO - Started process (PID=823) to work on /opt/airflow/dags/data-pipeline.py
[2025-05-02T11:25:42.875+0000] {processor.py:799} INFO - Processing file /opt/airflow/dags/data-pipeline.py for tasks to queue
[2025-05-02T11:25:42.877+0000] {logging_mixin.py:149} INFO - [2025-05-02T11:25:42.876+0000] {dagbag.py:541} INFO - Filling up the DagBag from /opt/airflow/dags/data-pipeline.py
[2025-05-02T11:25:43.789+0000] {processor.py:809} INFO - DAG(s) dict_keys(['data_pipeline']) retrieved from /opt/airflow/dags/data-pipeline.py
[2025-05-02T11:25:43.848+0000] {logging_mixin.py:149} INFO - [2025-05-02T11:25:43.846+0000] {dag.py:2726} INFO - Sync 1 DAGs
[2025-05-02T11:25:44.117+0000] {logging_mixin.py:149} INFO - [2025-05-02T11:25:44.117+0000] {dag.py:3490} INFO - Setting next_dagrun for data_pipeline to 2025-05-01T00:00:00+00:00, run_after=2025-06-01T00:00:00+00:00
[2025-05-02T11:25:44.232+0000] {processor.py:178} INFO - Processing /opt/airflow/dags/data-pipeline.py took 1.363 seconds
[2025-05-02T11:26:14.712+0000] {processor.py:156} INFO - Started process (PID=857) to work on /opt/airflow/dags/data-pipeline.py
[2025-05-02T11:26:14.717+0000] {processor.py:799} INFO - Processing file /opt/airflow/dags/data-pipeline.py for tasks to queue
[2025-05-02T11:26:14.719+0000] {logging_mixin.py:149} INFO - [2025-05-02T11:26:14.719+0000] {dagbag.py:541} INFO - Filling up the DagBag from /opt/airflow/dags/data-pipeline.py
[2025-05-02T11:26:15.619+0000] {processor.py:809} INFO - DAG(s) dict_keys(['data_pipeline']) retrieved from /opt/airflow/dags/data-pipeline.py
[2025-05-02T11:26:15.694+0000] {logging_mixin.py:149} INFO - [2025-05-02T11:26:15.691+0000] {dag.py:2726} INFO - Sync 1 DAGs
[2025-05-02T11:26:15.763+0000] {logging_mixin.py:149} INFO - [2025-05-02T11:26:15.763+0000] {dag.py:3490} INFO - Setting next_dagrun for data_pipeline to 2025-05-01T00:00:00+00:00, run_after=2025-06-01T00:00:00+00:00
[2025-05-02T11:26:15.841+0000] {processor.py:178} INFO - Processing /opt/airflow/dags/data-pipeline.py took 1.139 seconds
[2025-05-02T11:26:46.336+0000] {processor.py:156} INFO - Started process (PID=891) to work on /opt/airflow/dags/data-pipeline.py
[2025-05-02T11:26:46.339+0000] {processor.py:799} INFO - Processing file /opt/airflow/dags/data-pipeline.py for tasks to queue
[2025-05-02T11:26:46.342+0000] {logging_mixin.py:149} INFO - [2025-05-02T11:26:46.341+0000] {dagbag.py:541} INFO - Filling up the DagBag from /opt/airflow/dags/data-pipeline.py
[2025-05-02T11:26:47.493+0000] {processor.py:809} INFO - DAG(s) dict_keys(['data_pipeline']) retrieved from /opt/airflow/dags/data-pipeline.py
[2025-05-02T11:26:47.574+0000] {logging_mixin.py:149} INFO - [2025-05-02T11:26:47.573+0000] {dag.py:2726} INFO - Sync 1 DAGs
[2025-05-02T11:26:47.646+0000] {logging_mixin.py:149} INFO - [2025-05-02T11:26:47.645+0000] {dag.py:3490} INFO - Setting next_dagrun for data_pipeline to 2025-05-01T00:00:00+00:00, run_after=2025-06-01T00:00:00+00:00
[2025-05-02T11:26:47.712+0000] {processor.py:178} INFO - Processing /opt/airflow/dags/data-pipeline.py took 1.388 seconds
[2025-05-02T11:27:17.906+0000] {processor.py:156} INFO - Started process (PID=925) to work on /opt/airflow/dags/data-pipeline.py
[2025-05-02T11:27:17.908+0000] {processor.py:799} INFO - Processing file /opt/airflow/dags/data-pipeline.py for tasks to queue
[2025-05-02T11:27:17.910+0000] {logging_mixin.py:149} INFO - [2025-05-02T11:27:17.910+0000] {dagbag.py:541} INFO - Filling up the DagBag from /opt/airflow/dags/data-pipeline.py
[2025-05-02T11:27:18.858+0000] {processor.py:809} INFO - DAG(s) dict_keys(['data_pipeline']) retrieved from /opt/airflow/dags/data-pipeline.py
[2025-05-02T11:27:18.922+0000] {logging_mixin.py:149} INFO - [2025-05-02T11:27:18.921+0000] {dag.py:2726} INFO - Sync 1 DAGs
[2025-05-02T11:27:19.626+0000] {logging_mixin.py:149} INFO - [2025-05-02T11:27:19.626+0000] {dag.py:3490} INFO - Setting next_dagrun for data_pipeline to 2025-05-01T00:00:00+00:00, run_after=2025-06-01T00:00:00+00:00
[2025-05-02T11:27:19.685+0000] {processor.py:178} INFO - Processing /opt/airflow/dags/data-pipeline.py took 1.787 seconds
[2025-05-02T11:27:50.405+0000] {processor.py:156} INFO - Started process (PID=959) to work on /opt/airflow/dags/data-pipeline.py
[2025-05-02T11:27:50.408+0000] {processor.py:799} INFO - Processing file /opt/airflow/dags/data-pipeline.py for tasks to queue
[2025-05-02T11:27:50.410+0000] {logging_mixin.py:149} INFO - [2025-05-02T11:27:50.410+0000] {dagbag.py:541} INFO - Filling up the DagBag from /opt/airflow/dags/data-pipeline.py
[2025-05-02T11:27:51.347+0000] {processor.py:809} INFO - DAG(s) dict_keys(['data_pipeline']) retrieved from /opt/airflow/dags/data-pipeline.py
[2025-05-02T11:27:51.417+0000] {logging_mixin.py:149} INFO - [2025-05-02T11:27:51.414+0000] {dag.py:2726} INFO - Sync 1 DAGs
[2025-05-02T11:27:51.483+0000] {logging_mixin.py:149} INFO - [2025-05-02T11:27:51.483+0000] {dag.py:3490} INFO - Setting next_dagrun for data_pipeline to 2025-05-01T00:00:00+00:00, run_after=2025-06-01T00:00:00+00:00
[2025-05-02T11:27:51.573+0000] {processor.py:178} INFO - Processing /opt/airflow/dags/data-pipeline.py took 1.175 seconds
[2025-05-02T11:28:22.016+0000] {processor.py:156} INFO - Started process (PID=993) to work on /opt/airflow/dags/data-pipeline.py
[2025-05-02T11:28:22.022+0000] {processor.py:799} INFO - Processing file /opt/airflow/dags/data-pipeline.py for tasks to queue
[2025-05-02T11:28:22.026+0000] {logging_mixin.py:149} INFO - [2025-05-02T11:28:22.025+0000] {dagbag.py:541} INFO - Filling up the DagBag from /opt/airflow/dags/data-pipeline.py
[2025-05-02T11:28:23.230+0000] {processor.py:809} INFO - DAG(s) dict_keys(['data_pipeline']) retrieved from /opt/airflow/dags/data-pipeline.py
[2025-05-02T11:28:23.299+0000] {logging_mixin.py:149} INFO - [2025-05-02T11:28:23.298+0000] {dag.py:2726} INFO - Sync 1 DAGs
[2025-05-02T11:28:23.375+0000] {logging_mixin.py:149} INFO - [2025-05-02T11:28:23.375+0000] {dag.py:3490} INFO - Setting next_dagrun for data_pipeline to 2025-05-01T00:00:00+00:00, run_after=2025-06-01T00:00:00+00:00
[2025-05-02T11:28:23.454+0000] {processor.py:178} INFO - Processing /opt/airflow/dags/data-pipeline.py took 1.458 seconds
[2025-05-02T11:28:53.610+0000] {processor.py:156} INFO - Started process (PID=1044) to work on /opt/airflow/dags/data-pipeline.py
[2025-05-02T11:28:53.612+0000] {processor.py:799} INFO - Processing file /opt/airflow/dags/data-pipeline.py for tasks to queue
[2025-05-02T11:28:53.614+0000] {logging_mixin.py:149} INFO - [2025-05-02T11:28:53.614+0000] {dagbag.py:541} INFO - Filling up the DagBag from /opt/airflow/dags/data-pipeline.py
[2025-05-02T11:28:54.471+0000] {processor.py:809} INFO - DAG(s) dict_keys(['data_pipeline']) retrieved from /opt/airflow/dags/data-pipeline.py
[2025-05-02T11:28:54.525+0000] {logging_mixin.py:149} INFO - [2025-05-02T11:28:54.524+0000] {dag.py:2726} INFO - Sync 1 DAGs
[2025-05-02T11:28:54.819+0000] {logging_mixin.py:149} INFO - [2025-05-02T11:28:54.818+0000] {dag.py:3490} INFO - Setting next_dagrun for data_pipeline to 2025-05-01T00:00:00+00:00, run_after=2025-06-01T00:00:00+00:00
[2025-05-02T11:28:54.966+0000] {processor.py:178} INFO - Processing /opt/airflow/dags/data-pipeline.py took 1.360 seconds
[2025-05-02T11:33:00.607+0000] {processor.py:156} INFO - Started process (PID=165) to work on /opt/airflow/dags/data-pipeline.py
[2025-05-02T11:33:00.610+0000] {processor.py:799} INFO - Processing file /opt/airflow/dags/data-pipeline.py for tasks to queue
[2025-05-02T11:33:00.612+0000] {logging_mixin.py:149} INFO - [2025-05-02T11:33:00.611+0000] {dagbag.py:541} INFO - Filling up the DagBag from /opt/airflow/dags/data-pipeline.py
[2025-05-02T11:33:04.561+0000] {processor.py:809} INFO - DAG(s) dict_keys(['data_pipeline']) retrieved from /opt/airflow/dags/data-pipeline.py
[2025-05-02T11:33:04.809+0000] {logging_mixin.py:149} INFO - [2025-05-02T11:33:04.808+0000] {dag.py:2726} INFO - Sync 1 DAGs
[2025-05-02T11:33:04.873+0000] {logging_mixin.py:149} INFO - [2025-05-02T11:33:04.873+0000] {dag.py:3490} INFO - Setting next_dagrun for data_pipeline to 2025-05-01T00:00:00+00:00, run_after=2025-06-01T00:00:00+00:00
[2025-05-02T11:33:04.932+0000] {processor.py:178} INFO - Processing /opt/airflow/dags/data-pipeline.py took 4.332 seconds
[2025-05-02T11:33:35.367+0000] {processor.py:156} INFO - Started process (PID=200) to work on /opt/airflow/dags/data-pipeline.py
[2025-05-02T11:33:35.374+0000] {processor.py:799} INFO - Processing file /opt/airflow/dags/data-pipeline.py for tasks to queue
[2025-05-02T11:33:35.385+0000] {logging_mixin.py:149} INFO - [2025-05-02T11:33:35.385+0000] {dagbag.py:541} INFO - Filling up the DagBag from /opt/airflow/dags/data-pipeline.py
[2025-05-02T11:33:39.598+0000] {processor.py:809} INFO - DAG(s) dict_keys(['data_pipeline']) retrieved from /opt/airflow/dags/data-pipeline.py
[2025-05-02T11:33:39.746+0000] {logging_mixin.py:149} INFO - [2025-05-02T11:33:39.744+0000] {dag.py:2726} INFO - Sync 1 DAGs
[2025-05-02T11:33:39.905+0000] {logging_mixin.py:149} INFO - [2025-05-02T11:33:39.904+0000] {dag.py:3490} INFO - Setting next_dagrun for data_pipeline to 2025-05-01T00:00:00+00:00, run_after=2025-06-01T00:00:00+00:00
[2025-05-02T11:33:40.006+0000] {processor.py:178} INFO - Processing /opt/airflow/dags/data-pipeline.py took 4.652 seconds
[2025-05-02T11:34:10.537+0000] {processor.py:156} INFO - Started process (PID=234) to work on /opt/airflow/dags/data-pipeline.py
[2025-05-02T11:34:10.541+0000] {processor.py:799} INFO - Processing file /opt/airflow/dags/data-pipeline.py for tasks to queue
[2025-05-02T11:34:10.543+0000] {logging_mixin.py:149} INFO - [2025-05-02T11:34:10.542+0000] {dagbag.py:541} INFO - Filling up the DagBag from /opt/airflow/dags/data-pipeline.py
[2025-05-02T11:34:13.062+0000] {processor.py:809} INFO - DAG(s) dict_keys(['data_pipeline']) retrieved from /opt/airflow/dags/data-pipeline.py
[2025-05-02T11:34:13.166+0000] {logging_mixin.py:149} INFO - [2025-05-02T11:34:13.165+0000] {dag.py:2726} INFO - Sync 1 DAGs
[2025-05-02T11:34:13.242+0000] {logging_mixin.py:149} INFO - [2025-05-02T11:34:13.241+0000] {dag.py:3490} INFO - Setting next_dagrun for data_pipeline to 2025-05-01T00:00:00+00:00, run_after=2025-06-01T00:00:00+00:00
[2025-05-02T11:34:13.307+0000] {processor.py:178} INFO - Processing /opt/airflow/dags/data-pipeline.py took 2.778 seconds
[2025-05-02T11:34:43.765+0000] {processor.py:156} INFO - Started process (PID=268) to work on /opt/airflow/dags/data-pipeline.py
[2025-05-02T11:34:43.767+0000] {processor.py:799} INFO - Processing file /opt/airflow/dags/data-pipeline.py for tasks to queue
[2025-05-02T11:34:43.769+0000] {logging_mixin.py:149} INFO - [2025-05-02T11:34:43.768+0000] {dagbag.py:541} INFO - Filling up the DagBag from /opt/airflow/dags/data-pipeline.py
[2025-05-02T11:34:46.615+0000] {processor.py:809} INFO - DAG(s) dict_keys(['data_pipeline']) retrieved from /opt/airflow/dags/data-pipeline.py
[2025-05-02T11:34:46.733+0000] {logging_mixin.py:149} INFO - [2025-05-02T11:34:46.730+0000] {dag.py:2726} INFO - Sync 1 DAGs
[2025-05-02T11:34:46.896+0000] {logging_mixin.py:149} INFO - [2025-05-02T11:34:46.895+0000] {dag.py:3490} INFO - Setting next_dagrun for data_pipeline to 2025-05-01T00:00:00+00:00, run_after=2025-06-01T00:00:00+00:00
[2025-05-02T11:34:47.045+0000] {processor.py:178} INFO - Processing /opt/airflow/dags/data-pipeline.py took 3.286 seconds
[2025-05-02T11:35:18.020+0000] {processor.py:156} INFO - Started process (PID=313) to work on /opt/airflow/dags/data-pipeline.py
[2025-05-02T11:35:18.023+0000] {processor.py:799} INFO - Processing file /opt/airflow/dags/data-pipeline.py for tasks to queue
[2025-05-02T11:35:18.026+0000] {logging_mixin.py:149} INFO - [2025-05-02T11:35:18.026+0000] {dagbag.py:541} INFO - Filling up the DagBag from /opt/airflow/dags/data-pipeline.py
[2025-05-02T11:35:20.098+0000] {processor.py:809} INFO - DAG(s) dict_keys(['data_pipeline']) retrieved from /opt/airflow/dags/data-pipeline.py
[2025-05-02T11:35:20.242+0000] {logging_mixin.py:149} INFO - [2025-05-02T11:35:20.241+0000] {dag.py:2726} INFO - Sync 1 DAGs
[2025-05-02T11:35:20.343+0000] {logging_mixin.py:149} INFO - [2025-05-02T11:35:20.343+0000] {dag.py:3490} INFO - Setting next_dagrun for data_pipeline to 2025-05-01T00:00:00+00:00, run_after=2025-06-01T00:00:00+00:00
[2025-05-02T11:35:20.401+0000] {processor.py:178} INFO - Processing /opt/airflow/dags/data-pipeline.py took 2.390 seconds
[2025-05-02T11:35:50.841+0000] {processor.py:156} INFO - Started process (PID=336) to work on /opt/airflow/dags/data-pipeline.py
[2025-05-02T11:35:50.845+0000] {processor.py:799} INFO - Processing file /opt/airflow/dags/data-pipeline.py for tasks to queue
[2025-05-02T11:35:50.849+0000] {logging_mixin.py:149} INFO - [2025-05-02T11:35:50.848+0000] {dagbag.py:541} INFO - Filling up the DagBag from /opt/airflow/dags/data-pipeline.py
[2025-05-02T11:35:51.981+0000] {processor.py:809} INFO - DAG(s) dict_keys(['data_pipeline']) retrieved from /opt/airflow/dags/data-pipeline.py
[2025-05-02T11:35:52.043+0000] {logging_mixin.py:149} INFO - [2025-05-02T11:35:52.042+0000] {dag.py:2726} INFO - Sync 1 DAGs
[2025-05-02T11:35:52.102+0000] {logging_mixin.py:149} INFO - [2025-05-02T11:35:52.101+0000] {dag.py:3490} INFO - Setting next_dagrun for data_pipeline to 2025-05-01T00:00:00+00:00, run_after=2025-06-01T00:00:00+00:00
[2025-05-02T11:35:52.219+0000] {processor.py:178} INFO - Processing /opt/airflow/dags/data-pipeline.py took 1.398 seconds
[2025-05-02T11:36:22.687+0000] {processor.py:156} INFO - Started process (PID=370) to work on /opt/airflow/dags/data-pipeline.py
[2025-05-02T11:36:22.689+0000] {processor.py:799} INFO - Processing file /opt/airflow/dags/data-pipeline.py for tasks to queue
[2025-05-02T11:36:22.692+0000] {logging_mixin.py:149} INFO - [2025-05-02T11:36:22.691+0000] {dagbag.py:541} INFO - Filling up the DagBag from /opt/airflow/dags/data-pipeline.py
[2025-05-02T11:36:23.780+0000] {processor.py:809} INFO - DAG(s) dict_keys(['data_pipeline']) retrieved from /opt/airflow/dags/data-pipeline.py
[2025-05-02T11:36:23.842+0000] {logging_mixin.py:149} INFO - [2025-05-02T11:36:23.841+0000] {dag.py:2726} INFO - Sync 1 DAGs
[2025-05-02T11:36:23.902+0000] {logging_mixin.py:149} INFO - [2025-05-02T11:36:23.901+0000] {dag.py:3490} INFO - Setting next_dagrun for data_pipeline to 2025-05-01T00:00:00+00:00, run_after=2025-06-01T00:00:00+00:00
[2025-05-02T11:36:23.985+0000] {processor.py:178} INFO - Processing /opt/airflow/dags/data-pipeline.py took 1.308 seconds
[2025-05-02T11:36:54.539+0000] {processor.py:156} INFO - Started process (PID=432) to work on /opt/airflow/dags/data-pipeline.py
[2025-05-02T11:36:54.544+0000] {processor.py:799} INFO - Processing file /opt/airflow/dags/data-pipeline.py for tasks to queue
[2025-05-02T11:36:54.548+0000] {logging_mixin.py:149} INFO - [2025-05-02T11:36:54.548+0000] {dagbag.py:541} INFO - Filling up the DagBag from /opt/airflow/dags/data-pipeline.py
[2025-05-02T11:36:55.780+0000] {processor.py:809} INFO - DAG(s) dict_keys(['data_pipeline']) retrieved from /opt/airflow/dags/data-pipeline.py
[2025-05-02T11:36:55.894+0000] {logging_mixin.py:149} INFO - [2025-05-02T11:36:55.893+0000] {dag.py:2726} INFO - Sync 1 DAGs
[2025-05-02T11:36:55.996+0000] {logging_mixin.py:149} INFO - [2025-05-02T11:36:55.996+0000] {dag.py:3490} INFO - Setting next_dagrun for data_pipeline to 2025-05-01T00:00:00+00:00, run_after=2025-06-01T00:00:00+00:00
[2025-05-02T11:36:56.122+0000] {processor.py:178} INFO - Processing /opt/airflow/dags/data-pipeline.py took 1.610 seconds
[2025-05-02T11:37:26.605+0000] {processor.py:156} INFO - Started process (PID=522) to work on /opt/airflow/dags/data-pipeline.py
[2025-05-02T11:37:26.610+0000] {processor.py:799} INFO - Processing file /opt/airflow/dags/data-pipeline.py for tasks to queue
[2025-05-02T11:37:26.613+0000] {logging_mixin.py:149} INFO - [2025-05-02T11:37:26.613+0000] {dagbag.py:541} INFO - Filling up the DagBag from /opt/airflow/dags/data-pipeline.py
[2025-05-02T11:37:28.751+0000] {processor.py:809} INFO - DAG(s) dict_keys(['data_pipeline']) retrieved from /opt/airflow/dags/data-pipeline.py
[2025-05-02T11:37:28.936+0000] {logging_mixin.py:149} INFO - [2025-05-02T11:37:28.935+0000] {dag.py:2726} INFO - Sync 1 DAGs
[2025-05-02T11:37:29.086+0000] {logging_mixin.py:149} INFO - [2025-05-02T11:37:29.085+0000] {dag.py:3490} INFO - Setting next_dagrun for data_pipeline to 2025-05-01T00:00:00+00:00, run_after=2025-06-01T00:00:00+00:00
[2025-05-02T11:37:29.159+0000] {processor.py:178} INFO - Processing /opt/airflow/dags/data-pipeline.py took 2.562 seconds
[2025-05-02T11:37:59.620+0000] {processor.py:156} INFO - Started process (PID=556) to work on /opt/airflow/dags/data-pipeline.py
[2025-05-02T11:37:59.627+0000] {processor.py:799} INFO - Processing file /opt/airflow/dags/data-pipeline.py for tasks to queue
[2025-05-02T11:37:59.631+0000] {logging_mixin.py:149} INFO - [2025-05-02T11:37:59.630+0000] {dagbag.py:541} INFO - Filling up the DagBag from /opt/airflow/dags/data-pipeline.py
[2025-05-02T11:38:01.269+0000] {processor.py:809} INFO - DAG(s) dict_keys(['data_pipeline']) retrieved from /opt/airflow/dags/data-pipeline.py
[2025-05-02T11:38:01.394+0000] {logging_mixin.py:149} INFO - [2025-05-02T11:38:01.392+0000] {dag.py:2726} INFO - Sync 1 DAGs
[2025-05-02T11:38:01.498+0000] {logging_mixin.py:149} INFO - [2025-05-02T11:38:01.497+0000] {dag.py:3490} INFO - Setting next_dagrun for data_pipeline to 2025-05-01T00:00:00+00:00, run_after=2025-06-01T00:00:00+00:00
[2025-05-02T11:38:01.695+0000] {processor.py:178} INFO - Processing /opt/airflow/dags/data-pipeline.py took 2.092 seconds
[2025-05-02T11:38:32.310+0000] {processor.py:156} INFO - Started process (PID=590) to work on /opt/airflow/dags/data-pipeline.py
[2025-05-02T11:38:32.354+0000] {processor.py:799} INFO - Processing file /opt/airflow/dags/data-pipeline.py for tasks to queue
[2025-05-02T11:38:32.366+0000] {logging_mixin.py:149} INFO - [2025-05-02T11:38:32.365+0000] {dagbag.py:541} INFO - Filling up the DagBag from /opt/airflow/dags/data-pipeline.py
[2025-05-02T11:38:33.334+0000] {processor.py:809} INFO - DAG(s) dict_keys(['data_pipeline']) retrieved from /opt/airflow/dags/data-pipeline.py
[2025-05-02T11:38:33.431+0000] {logging_mixin.py:149} INFO - [2025-05-02T11:38:33.430+0000] {dag.py:2726} INFO - Sync 1 DAGs
[2025-05-02T11:38:33.503+0000] {logging_mixin.py:149} INFO - [2025-05-02T11:38:33.503+0000] {dag.py:3490} INFO - Setting next_dagrun for data_pipeline to 2025-05-01T00:00:00+00:00, run_after=2025-06-01T00:00:00+00:00
[2025-05-02T11:38:33.573+0000] {processor.py:178} INFO - Processing /opt/airflow/dags/data-pipeline.py took 1.302 seconds
[2025-05-02T11:39:04.029+0000] {processor.py:156} INFO - Started process (PID=624) to work on /opt/airflow/dags/data-pipeline.py
[2025-05-02T11:39:04.031+0000] {processor.py:799} INFO - Processing file /opt/airflow/dags/data-pipeline.py for tasks to queue
[2025-05-02T11:39:04.033+0000] {logging_mixin.py:149} INFO - [2025-05-02T11:39:04.032+0000] {dagbag.py:541} INFO - Filling up the DagBag from /opt/airflow/dags/data-pipeline.py
[2025-05-02T11:39:05.662+0000] {processor.py:809} INFO - DAG(s) dict_keys(['data_pipeline']) retrieved from /opt/airflow/dags/data-pipeline.py
[2025-05-02T11:39:05.802+0000] {logging_mixin.py:149} INFO - [2025-05-02T11:39:05.799+0000] {dag.py:2726} INFO - Sync 1 DAGs
[2025-05-02T11:39:05.895+0000] {logging_mixin.py:149} INFO - [2025-05-02T11:39:05.895+0000] {dag.py:3490} INFO - Setting next_dagrun for data_pipeline to 2025-05-01T00:00:00+00:00, run_after=2025-06-01T00:00:00+00:00
[2025-05-02T11:39:05.955+0000] {processor.py:178} INFO - Processing /opt/airflow/dags/data-pipeline.py took 1.938 seconds
[2025-05-02T11:39:36.393+0000] {processor.py:156} INFO - Started process (PID=658) to work on /opt/airflow/dags/data-pipeline.py
[2025-05-02T11:39:36.399+0000] {processor.py:799} INFO - Processing file /opt/airflow/dags/data-pipeline.py for tasks to queue
[2025-05-02T11:39:36.403+0000] {logging_mixin.py:149} INFO - [2025-05-02T11:39:36.402+0000] {dagbag.py:541} INFO - Filling up the DagBag from /opt/airflow/dags/data-pipeline.py
[2025-05-02T11:39:37.852+0000] {processor.py:809} INFO - DAG(s) dict_keys(['data_pipeline']) retrieved from /opt/airflow/dags/data-pipeline.py
[2025-05-02T11:39:38.018+0000] {logging_mixin.py:149} INFO - [2025-05-02T11:39:38.017+0000] {dag.py:2726} INFO - Sync 1 DAGs
[2025-05-02T11:39:38.171+0000] {logging_mixin.py:149} INFO - [2025-05-02T11:39:38.171+0000] {dag.py:3490} INFO - Setting next_dagrun for data_pipeline to 2025-05-01T00:00:00+00:00, run_after=2025-06-01T00:00:00+00:00
[2025-05-02T11:39:38.237+0000] {processor.py:178} INFO - Processing /opt/airflow/dags/data-pipeline.py took 1.859 seconds
[2025-05-02T11:40:08.643+0000] {processor.py:156} INFO - Started process (PID=692) to work on /opt/airflow/dags/data-pipeline.py
[2025-05-02T11:40:08.646+0000] {processor.py:799} INFO - Processing file /opt/airflow/dags/data-pipeline.py for tasks to queue
[2025-05-02T11:40:08.649+0000] {logging_mixin.py:149} INFO - [2025-05-02T11:40:08.649+0000] {dagbag.py:541} INFO - Filling up the DagBag from /opt/airflow/dags/data-pipeline.py
[2025-05-02T11:40:09.672+0000] {processor.py:809} INFO - DAG(s) dict_keys(['data_pipeline']) retrieved from /opt/airflow/dags/data-pipeline.py
[2025-05-02T11:40:09.794+0000] {logging_mixin.py:149} INFO - [2025-05-02T11:40:09.793+0000] {dag.py:2726} INFO - Sync 1 DAGs
[2025-05-02T11:40:09.878+0000] {logging_mixin.py:149} INFO - [2025-05-02T11:40:09.878+0000] {dag.py:3490} INFO - Setting next_dagrun for data_pipeline to 2025-05-01T00:00:00+00:00, run_after=2025-06-01T00:00:00+00:00
[2025-05-02T11:40:09.968+0000] {processor.py:178} INFO - Processing /opt/airflow/dags/data-pipeline.py took 1.338 seconds
[2025-05-02T11:40:40.247+0000] {processor.py:156} INFO - Started process (PID=723) to work on /opt/airflow/dags/data-pipeline.py
[2025-05-02T11:40:40.254+0000] {processor.py:799} INFO - Processing file /opt/airflow/dags/data-pipeline.py for tasks to queue
[2025-05-02T11:40:40.262+0000] {logging_mixin.py:149} INFO - [2025-05-02T11:40:40.260+0000] {dagbag.py:541} INFO - Filling up the DagBag from /opt/airflow/dags/data-pipeline.py
[2025-05-02T11:40:41.345+0000] {processor.py:809} INFO - DAG(s) dict_keys(['data_pipeline']) retrieved from /opt/airflow/dags/data-pipeline.py
[2025-05-02T11:40:41.420+0000] {logging_mixin.py:149} INFO - [2025-05-02T11:40:41.416+0000] {dag.py:2726} INFO - Sync 1 DAGs
[2025-05-02T11:40:41.491+0000] {logging_mixin.py:149} INFO - [2025-05-02T11:40:41.491+0000] {dag.py:3490} INFO - Setting next_dagrun for data_pipeline to 2025-05-01T00:00:00+00:00, run_after=2025-06-01T00:00:00+00:00
[2025-05-02T11:40:41.563+0000] {processor.py:178} INFO - Processing /opt/airflow/dags/data-pipeline.py took 1.335 seconds
[2025-05-02T11:41:12.146+0000] {processor.py:156} INFO - Started process (PID=760) to work on /opt/airflow/dags/data-pipeline.py
[2025-05-02T11:41:12.153+0000] {processor.py:799} INFO - Processing file /opt/airflow/dags/data-pipeline.py for tasks to queue
[2025-05-02T11:41:12.157+0000] {logging_mixin.py:149} INFO - [2025-05-02T11:41:12.157+0000] {dagbag.py:541} INFO - Filling up the DagBag from /opt/airflow/dags/data-pipeline.py
[2025-05-02T11:41:13.824+0000] {processor.py:809} INFO - DAG(s) dict_keys(['data_pipeline']) retrieved from /opt/airflow/dags/data-pipeline.py
[2025-05-02T11:41:13.923+0000] {logging_mixin.py:149} INFO - [2025-05-02T11:41:13.921+0000] {dag.py:2726} INFO - Sync 1 DAGs
[2025-05-02T11:41:14.004+0000] {logging_mixin.py:149} INFO - [2025-05-02T11:41:14.004+0000] {dag.py:3490} INFO - Setting next_dagrun for data_pipeline to 2025-05-01T00:00:00+00:00, run_after=2025-06-01T00:00:00+00:00
[2025-05-02T11:41:14.098+0000] {processor.py:178} INFO - Processing /opt/airflow/dags/data-pipeline.py took 1.961 seconds
[2025-05-02T11:41:44.652+0000] {processor.py:156} INFO - Started process (PID=794) to work on /opt/airflow/dags/data-pipeline.py
[2025-05-02T11:41:44.654+0000] {processor.py:799} INFO - Processing file /opt/airflow/dags/data-pipeline.py for tasks to queue
[2025-05-02T11:41:44.657+0000] {logging_mixin.py:149} INFO - [2025-05-02T11:41:44.657+0000] {dagbag.py:541} INFO - Filling up the DagBag from /opt/airflow/dags/data-pipeline.py
[2025-05-02T11:41:45.884+0000] {processor.py:809} INFO - DAG(s) dict_keys(['data_pipeline']) retrieved from /opt/airflow/dags/data-pipeline.py
[2025-05-02T11:41:45.960+0000] {logging_mixin.py:149} INFO - [2025-05-02T11:41:45.958+0000] {dag.py:2726} INFO - Sync 1 DAGs
[2025-05-02T11:41:46.134+0000] {logging_mixin.py:149} INFO - [2025-05-02T11:41:46.133+0000] {dag.py:3490} INFO - Setting next_dagrun for data_pipeline to 2025-05-01T00:00:00+00:00, run_after=2025-06-01T00:00:00+00:00
[2025-05-02T11:41:46.311+0000] {processor.py:178} INFO - Processing /opt/airflow/dags/data-pipeline.py took 1.666 seconds
[2025-05-02T11:43:41.648+0000] {processor.py:156} INFO - Started process (PID=165) to work on /opt/airflow/dags/data-pipeline.py
[2025-05-02T11:43:41.653+0000] {processor.py:799} INFO - Processing file /opt/airflow/dags/data-pipeline.py for tasks to queue
[2025-05-02T11:43:41.659+0000] {logging_mixin.py:149} INFO - [2025-05-02T11:43:41.659+0000] {dagbag.py:541} INFO - Filling up the DagBag from /opt/airflow/dags/data-pipeline.py
[2025-05-02T11:43:46.651+0000] {processor.py:809} INFO - DAG(s) dict_keys(['data_pipeline']) retrieved from /opt/airflow/dags/data-pipeline.py
[2025-05-02T11:43:46.894+0000] {logging_mixin.py:149} INFO - [2025-05-02T11:43:46.892+0000] {dag.py:2726} INFO - Sync 1 DAGs
[2025-05-02T11:43:46.960+0000] {logging_mixin.py:149} INFO - [2025-05-02T11:43:46.959+0000] {dag.py:3490} INFO - Setting next_dagrun for data_pipeline to 2025-05-01T00:00:00+00:00, run_after=2025-06-01T00:00:00+00:00
[2025-05-02T11:43:47.027+0000] {processor.py:178} INFO - Processing /opt/airflow/dags/data-pipeline.py took 5.395 seconds
[2025-05-02T11:44:17.296+0000] {processor.py:156} INFO - Started process (PID=228) to work on /opt/airflow/dags/data-pipeline.py
[2025-05-02T11:44:17.298+0000] {processor.py:799} INFO - Processing file /opt/airflow/dags/data-pipeline.py for tasks to queue
[2025-05-02T11:44:17.300+0000] {logging_mixin.py:149} INFO - [2025-05-02T11:44:17.300+0000] {dagbag.py:541} INFO - Filling up the DagBag from /opt/airflow/dags/data-pipeline.py
[2025-05-02T11:44:22.766+0000] {processor.py:809} INFO - DAG(s) dict_keys(['data_pipeline']) retrieved from /opt/airflow/dags/data-pipeline.py
[2025-05-02T11:44:22.933+0000] {logging_mixin.py:149} INFO - [2025-05-02T11:44:22.932+0000] {dag.py:2726} INFO - Sync 1 DAGs
[2025-05-02T11:44:23.006+0000] {logging_mixin.py:149} INFO - [2025-05-02T11:44:23.005+0000] {dag.py:3490} INFO - Setting next_dagrun for data_pipeline to 2025-05-01T00:00:00+00:00, run_after=2025-06-01T00:00:00+00:00
[2025-05-02T11:44:23.097+0000] {processor.py:178} INFO - Processing /opt/airflow/dags/data-pipeline.py took 5.817 seconds
[2025-05-02T11:44:53.815+0000] {processor.py:156} INFO - Started process (PID=263) to work on /opt/airflow/dags/data-pipeline.py
[2025-05-02T11:44:53.887+0000] {processor.py:799} INFO - Processing file /opt/airflow/dags/data-pipeline.py for tasks to queue
[2025-05-02T11:44:53.898+0000] {logging_mixin.py:149} INFO - [2025-05-02T11:44:53.896+0000] {dagbag.py:541} INFO - Filling up the DagBag from /opt/airflow/dags/data-pipeline.py
[2025-05-02T11:45:00.610+0000] {processor.py:809} INFO - DAG(s) dict_keys(['data_pipeline']) retrieved from /opt/airflow/dags/data-pipeline.py
[2025-05-02T11:45:00.726+0000] {logging_mixin.py:149} INFO - [2025-05-02T11:45:00.725+0000] {dag.py:2726} INFO - Sync 1 DAGs
[2025-05-02T11:45:00.788+0000] {logging_mixin.py:149} INFO - [2025-05-02T11:45:00.787+0000] {dag.py:3490} INFO - Setting next_dagrun for data_pipeline to 2025-05-01T00:00:00+00:00, run_after=2025-06-01T00:00:00+00:00
[2025-05-02T11:45:00.860+0000] {processor.py:178} INFO - Processing /opt/airflow/dags/data-pipeline.py took 7.102 seconds
[2025-05-02T11:45:31.185+0000] {processor.py:156} INFO - Started process (PID=338) to work on /opt/airflow/dags/data-pipeline.py
[2025-05-02T11:45:31.187+0000] {processor.py:799} INFO - Processing file /opt/airflow/dags/data-pipeline.py for tasks to queue
[2025-05-02T11:45:31.190+0000] {logging_mixin.py:149} INFO - [2025-05-02T11:45:31.189+0000] {dagbag.py:541} INFO - Filling up the DagBag from /opt/airflow/dags/data-pipeline.py
[2025-05-02T11:45:32.314+0000] {processor.py:809} INFO - DAG(s) dict_keys(['data_pipeline']) retrieved from /opt/airflow/dags/data-pipeline.py
[2025-05-02T11:45:32.364+0000] {logging_mixin.py:149} INFO - [2025-05-02T11:45:32.363+0000] {dag.py:2726} INFO - Sync 1 DAGs
[2025-05-02T11:45:32.415+0000] {logging_mixin.py:149} INFO - [2025-05-02T11:45:32.415+0000] {dag.py:3490} INFO - Setting next_dagrun for data_pipeline to 2025-05-01T00:00:00+00:00, run_after=2025-06-01T00:00:00+00:00
[2025-05-02T11:45:32.479+0000] {processor.py:178} INFO - Processing /opt/airflow/dags/data-pipeline.py took 1.304 seconds
[2025-05-02T11:46:03.413+0000] {processor.py:156} INFO - Started process (PID=383) to work on /opt/airflow/dags/data-pipeline.py
[2025-05-02T11:46:03.421+0000] {processor.py:799} INFO - Processing file /opt/airflow/dags/data-pipeline.py for tasks to queue
[2025-05-02T11:46:03.426+0000] {logging_mixin.py:149} INFO - [2025-05-02T11:46:03.425+0000] {dagbag.py:541} INFO - Filling up the DagBag from /opt/airflow/dags/data-pipeline.py
[2025-05-02T11:46:05.009+0000] {processor.py:809} INFO - DAG(s) dict_keys(['data_pipeline']) retrieved from /opt/airflow/dags/data-pipeline.py
[2025-05-02T11:46:05.118+0000] {logging_mixin.py:149} INFO - [2025-05-02T11:46:05.116+0000] {dag.py:2726} INFO - Sync 1 DAGs
[2025-05-02T11:46:05.215+0000] {logging_mixin.py:149} INFO - [2025-05-02T11:46:05.214+0000] {dag.py:3490} INFO - Setting next_dagrun for data_pipeline to 2025-05-01T00:00:00+00:00, run_after=2025-06-01T00:00:00+00:00
[2025-05-02T11:46:05.279+0000] {processor.py:178} INFO - Processing /opt/airflow/dags/data-pipeline.py took 1.893 seconds
[2025-05-02T11:46:35.768+0000] {processor.py:156} INFO - Started process (PID=406) to work on /opt/airflow/dags/data-pipeline.py
[2025-05-02T11:46:35.770+0000] {processor.py:799} INFO - Processing file /opt/airflow/dags/data-pipeline.py for tasks to queue
[2025-05-02T11:46:35.773+0000] {logging_mixin.py:149} INFO - [2025-05-02T11:46:35.772+0000] {dagbag.py:541} INFO - Filling up the DagBag from /opt/airflow/dags/data-pipeline.py
[2025-05-02T11:46:37.111+0000] {processor.py:809} INFO - DAG(s) dict_keys(['data_pipeline']) retrieved from /opt/airflow/dags/data-pipeline.py
[2025-05-02T11:46:37.277+0000] {logging_mixin.py:149} INFO - [2025-05-02T11:46:37.276+0000] {dag.py:2726} INFO - Sync 1 DAGs
[2025-05-02T11:46:37.366+0000] {logging_mixin.py:149} INFO - [2025-05-02T11:46:37.366+0000] {dag.py:3490} INFO - Setting next_dagrun for data_pipeline to 2025-05-01T00:00:00+00:00, run_after=2025-06-01T00:00:00+00:00
[2025-05-02T11:46:37.450+0000] {processor.py:178} INFO - Processing /opt/airflow/dags/data-pipeline.py took 1.693 seconds
[2025-05-02T11:47:07.910+0000] {processor.py:156} INFO - Started process (PID=440) to work on /opt/airflow/dags/data-pipeline.py
[2025-05-02T11:47:07.913+0000] {processor.py:799} INFO - Processing file /opt/airflow/dags/data-pipeline.py for tasks to queue
[2025-05-02T11:47:07.916+0000] {logging_mixin.py:149} INFO - [2025-05-02T11:47:07.915+0000] {dagbag.py:541} INFO - Filling up the DagBag from /opt/airflow/dags/data-pipeline.py
[2025-05-02T11:47:09.236+0000] {processor.py:809} INFO - DAG(s) dict_keys(['data_pipeline']) retrieved from /opt/airflow/dags/data-pipeline.py
[2025-05-02T11:47:09.429+0000] {logging_mixin.py:149} INFO - [2025-05-02T11:47:09.426+0000] {dag.py:2726} INFO - Sync 1 DAGs
[2025-05-02T11:47:09.541+0000] {logging_mixin.py:149} INFO - [2025-05-02T11:47:09.540+0000] {dag.py:3490} INFO - Setting next_dagrun for data_pipeline to 2025-05-01T00:00:00+00:00, run_after=2025-06-01T00:00:00+00:00
[2025-05-02T11:47:09.635+0000] {processor.py:178} INFO - Processing /opt/airflow/dags/data-pipeline.py took 1.739 seconds
[2025-05-02T11:47:40.135+0000] {processor.py:156} INFO - Started process (PID=474) to work on /opt/airflow/dags/data-pipeline.py
[2025-05-02T11:47:40.138+0000] {processor.py:799} INFO - Processing file /opt/airflow/dags/data-pipeline.py for tasks to queue
[2025-05-02T11:47:40.141+0000] {logging_mixin.py:149} INFO - [2025-05-02T11:47:40.140+0000] {dagbag.py:541} INFO - Filling up the DagBag from /opt/airflow/dags/data-pipeline.py
[2025-05-02T11:47:41.169+0000] {processor.py:809} INFO - DAG(s) dict_keys(['data_pipeline']) retrieved from /opt/airflow/dags/data-pipeline.py
[2025-05-02T11:47:41.293+0000] {logging_mixin.py:149} INFO - [2025-05-02T11:47:41.291+0000] {dag.py:2726} INFO - Sync 1 DAGs
[2025-05-02T11:47:41.467+0000] {logging_mixin.py:149} INFO - [2025-05-02T11:47:41.466+0000] {dag.py:3490} INFO - Setting next_dagrun for data_pipeline to 2025-05-01T00:00:00+00:00, run_after=2025-06-01T00:00:00+00:00
[2025-05-02T11:47:41.551+0000] {processor.py:178} INFO - Processing /opt/airflow/dags/data-pipeline.py took 1.426 seconds
[2025-05-02T11:48:12.061+0000] {processor.py:156} INFO - Started process (PID=508) to work on /opt/airflow/dags/data-pipeline.py
[2025-05-02T11:48:12.064+0000] {processor.py:799} INFO - Processing file /opt/airflow/dags/data-pipeline.py for tasks to queue
[2025-05-02T11:48:12.066+0000] {logging_mixin.py:149} INFO - [2025-05-02T11:48:12.066+0000] {dagbag.py:541} INFO - Filling up the DagBag from /opt/airflow/dags/data-pipeline.py
[2025-05-02T11:48:13.000+0000] {processor.py:809} INFO - DAG(s) dict_keys(['data_pipeline']) retrieved from /opt/airflow/dags/data-pipeline.py
[2025-05-02T11:48:13.076+0000] {logging_mixin.py:149} INFO - [2025-05-02T11:48:13.074+0000] {dag.py:2726} INFO - Sync 1 DAGs
[2025-05-02T11:48:13.138+0000] {logging_mixin.py:149} INFO - [2025-05-02T11:48:13.137+0000] {dag.py:3490} INFO - Setting next_dagrun for data_pipeline to 2025-05-01T00:00:00+00:00, run_after=2025-06-01T00:00:00+00:00
[2025-05-02T11:48:13.202+0000] {processor.py:178} INFO - Processing /opt/airflow/dags/data-pipeline.py took 1.146 seconds
[2025-05-02T11:48:43.780+0000] {processor.py:156} INFO - Started process (PID=542) to work on /opt/airflow/dags/data-pipeline.py
[2025-05-02T11:48:43.782+0000] {processor.py:799} INFO - Processing file /opt/airflow/dags/data-pipeline.py for tasks to queue
[2025-05-02T11:48:43.784+0000] {logging_mixin.py:149} INFO - [2025-05-02T11:48:43.783+0000] {dagbag.py:541} INFO - Filling up the DagBag from /opt/airflow/dags/data-pipeline.py
[2025-05-02T11:48:44.866+0000] {processor.py:809} INFO - DAG(s) dict_keys(['data_pipeline']) retrieved from /opt/airflow/dags/data-pipeline.py
[2025-05-02T11:48:44.929+0000] {logging_mixin.py:149} INFO - [2025-05-02T11:48:44.928+0000] {dag.py:2726} INFO - Sync 1 DAGs
[2025-05-02T11:48:44.995+0000] {logging_mixin.py:149} INFO - [2025-05-02T11:48:44.995+0000] {dag.py:3490} INFO - Setting next_dagrun for data_pipeline to 2025-05-01T00:00:00+00:00, run_after=2025-06-01T00:00:00+00:00
[2025-05-02T11:48:45.062+0000] {processor.py:178} INFO - Processing /opt/airflow/dags/data-pipeline.py took 1.290 seconds
[2025-05-02T11:49:15.193+0000] {processor.py:156} INFO - Started process (PID=573) to work on /opt/airflow/dags/data-pipeline.py
[2025-05-02T11:49:15.195+0000] {processor.py:799} INFO - Processing file /opt/airflow/dags/data-pipeline.py for tasks to queue
[2025-05-02T11:49:15.199+0000] {logging_mixin.py:149} INFO - [2025-05-02T11:49:15.199+0000] {dagbag.py:541} INFO - Filling up the DagBag from /opt/airflow/dags/data-pipeline.py
[2025-05-02T11:49:16.288+0000] {processor.py:809} INFO - DAG(s) dict_keys(['data_pipeline']) retrieved from /opt/airflow/dags/data-pipeline.py
[2025-05-02T11:49:16.349+0000] {logging_mixin.py:149} INFO - [2025-05-02T11:49:16.347+0000] {dag.py:2726} INFO - Sync 1 DAGs
[2025-05-02T11:49:16.417+0000] {logging_mixin.py:149} INFO - [2025-05-02T11:49:16.417+0000] {dag.py:3490} INFO - Setting next_dagrun for data_pipeline to 2025-05-01T00:00:00+00:00, run_after=2025-06-01T00:00:00+00:00
[2025-05-02T11:49:16.495+0000] {processor.py:178} INFO - Processing /opt/airflow/dags/data-pipeline.py took 1.314 seconds
[2025-05-02T11:49:47.022+0000] {processor.py:156} INFO - Started process (PID=610) to work on /opt/airflow/dags/data-pipeline.py
[2025-05-02T11:49:47.025+0000] {processor.py:799} INFO - Processing file /opt/airflow/dags/data-pipeline.py for tasks to queue
[2025-05-02T11:49:47.027+0000] {logging_mixin.py:149} INFO - [2025-05-02T11:49:47.027+0000] {dagbag.py:541} INFO - Filling up the DagBag from /opt/airflow/dags/data-pipeline.py
[2025-05-02T11:49:48.414+0000] {processor.py:809} INFO - DAG(s) dict_keys(['data_pipeline']) retrieved from /opt/airflow/dags/data-pipeline.py
[2025-05-02T11:49:48.632+0000] {logging_mixin.py:149} INFO - [2025-05-02T11:49:48.630+0000] {dag.py:2726} INFO - Sync 1 DAGs
[2025-05-02T11:49:48.718+0000] {logging_mixin.py:149} INFO - [2025-05-02T11:49:48.718+0000] {dag.py:3490} INFO - Setting next_dagrun for data_pipeline to 2025-05-01T00:00:00+00:00, run_after=2025-06-01T00:00:00+00:00
[2025-05-02T11:49:48.774+0000] {processor.py:178} INFO - Processing /opt/airflow/dags/data-pipeline.py took 1.760 seconds
[2025-05-02T11:50:19.124+0000] {processor.py:156} INFO - Started process (PID=658) to work on /opt/airflow/dags/data-pipeline.py
[2025-05-02T11:50:19.127+0000] {processor.py:799} INFO - Processing file /opt/airflow/dags/data-pipeline.py for tasks to queue
[2025-05-02T11:50:19.131+0000] {logging_mixin.py:149} INFO - [2025-05-02T11:50:19.131+0000] {dagbag.py:541} INFO - Filling up the DagBag from /opt/airflow/dags/data-pipeline.py
[2025-05-02T11:50:20.172+0000] {processor.py:809} INFO - DAG(s) dict_keys(['data_pipeline']) retrieved from /opt/airflow/dags/data-pipeline.py
[2025-05-02T11:50:20.237+0000] {logging_mixin.py:149} INFO - [2025-05-02T11:50:20.236+0000] {dag.py:2726} INFO - Sync 1 DAGs
[2025-05-02T11:50:20.297+0000] {logging_mixin.py:149} INFO - [2025-05-02T11:50:20.297+0000] {dag.py:3490} INFO - Setting next_dagrun for data_pipeline to 2025-05-01T00:00:00+00:00, run_after=2025-06-01T00:00:00+00:00
[2025-05-02T11:50:20.363+0000] {processor.py:178} INFO - Processing /opt/airflow/dags/data-pipeline.py took 1.249 seconds
[2025-05-02T11:50:50.855+0000] {processor.py:156} INFO - Started process (PID=692) to work on /opt/airflow/dags/data-pipeline.py
[2025-05-02T11:50:50.857+0000] {processor.py:799} INFO - Processing file /opt/airflow/dags/data-pipeline.py for tasks to queue
[2025-05-02T11:50:50.859+0000] {logging_mixin.py:149} INFO - [2025-05-02T11:50:50.859+0000] {dagbag.py:541} INFO - Filling up the DagBag from /opt/airflow/dags/data-pipeline.py
[2025-05-02T11:50:51.778+0000] {processor.py:809} INFO - DAG(s) dict_keys(['data_pipeline']) retrieved from /opt/airflow/dags/data-pipeline.py
[2025-05-02T11:50:51.849+0000] {logging_mixin.py:149} INFO - [2025-05-02T11:50:51.849+0000] {dag.py:2726} INFO - Sync 1 DAGs
[2025-05-02T11:50:51.921+0000] {logging_mixin.py:149} INFO - [2025-05-02T11:50:51.920+0000] {dag.py:3490} INFO - Setting next_dagrun for data_pipeline to 2025-05-01T00:00:00+00:00, run_after=2025-06-01T00:00:00+00:00
[2025-05-02T11:50:51.983+0000] {processor.py:178} INFO - Processing /opt/airflow/dags/data-pipeline.py took 1.137 seconds
[2025-05-02T11:51:22.427+0000] {processor.py:156} INFO - Started process (PID=726) to work on /opt/airflow/dags/data-pipeline.py
[2025-05-02T11:51:22.429+0000] {processor.py:799} INFO - Processing file /opt/airflow/dags/data-pipeline.py for tasks to queue
[2025-05-02T11:51:22.431+0000] {logging_mixin.py:149} INFO - [2025-05-02T11:51:22.431+0000] {dagbag.py:541} INFO - Filling up the DagBag from /opt/airflow/dags/data-pipeline.py
[2025-05-02T11:51:23.417+0000] {processor.py:809} INFO - DAG(s) dict_keys(['data_pipeline']) retrieved from /opt/airflow/dags/data-pipeline.py
[2025-05-02T11:51:23.565+0000] {logging_mixin.py:149} INFO - [2025-05-02T11:51:23.564+0000] {dag.py:2726} INFO - Sync 1 DAGs
[2025-05-02T11:51:23.688+0000] {logging_mixin.py:149} INFO - [2025-05-02T11:51:23.688+0000] {dag.py:3490} INFO - Setting next_dagrun for data_pipeline to 2025-05-01T00:00:00+00:00, run_after=2025-06-01T00:00:00+00:00
[2025-05-02T11:51:23.773+0000] {processor.py:178} INFO - Processing /opt/airflow/dags/data-pipeline.py took 1.351 seconds
[2025-05-02T11:51:53.906+0000] {processor.py:156} INFO - Started process (PID=760) to work on /opt/airflow/dags/data-pipeline.py
[2025-05-02T11:51:53.908+0000] {processor.py:799} INFO - Processing file /opt/airflow/dags/data-pipeline.py for tasks to queue
[2025-05-02T11:51:53.910+0000] {logging_mixin.py:149} INFO - [2025-05-02T11:51:53.910+0000] {dagbag.py:541} INFO - Filling up the DagBag from /opt/airflow/dags/data-pipeline.py
[2025-05-02T11:51:54.936+0000] {processor.py:809} INFO - DAG(s) dict_keys(['data_pipeline']) retrieved from /opt/airflow/dags/data-pipeline.py
[2025-05-02T11:51:55.043+0000] {logging_mixin.py:149} INFO - [2025-05-02T11:51:55.041+0000] {dag.py:2726} INFO - Sync 1 DAGs
[2025-05-02T11:51:55.131+0000] {logging_mixin.py:149} INFO - [2025-05-02T11:51:55.131+0000] {dag.py:3490} INFO - Setting next_dagrun for data_pipeline to 2025-05-01T00:00:00+00:00, run_after=2025-06-01T00:00:00+00:00
[2025-05-02T11:51:55.203+0000] {processor.py:178} INFO - Processing /opt/airflow/dags/data-pipeline.py took 1.303 seconds
[2025-05-02T11:52:25.682+0000] {processor.py:156} INFO - Started process (PID=794) to work on /opt/airflow/dags/data-pipeline.py
[2025-05-02T11:52:25.684+0000] {processor.py:799} INFO - Processing file /opt/airflow/dags/data-pipeline.py for tasks to queue
[2025-05-02T11:52:25.686+0000] {logging_mixin.py:149} INFO - [2025-05-02T11:52:25.686+0000] {dagbag.py:541} INFO - Filling up the DagBag from /opt/airflow/dags/data-pipeline.py
[2025-05-02T11:52:26.816+0000] {processor.py:809} INFO - DAG(s) dict_keys(['data_pipeline']) retrieved from /opt/airflow/dags/data-pipeline.py
[2025-05-02T11:52:26.880+0000] {logging_mixin.py:149} INFO - [2025-05-02T11:52:26.879+0000] {dag.py:2726} INFO - Sync 1 DAGs
[2025-05-02T11:52:26.946+0000] {logging_mixin.py:149} INFO - [2025-05-02T11:52:26.945+0000] {dag.py:3490} INFO - Setting next_dagrun for data_pipeline to 2025-05-01T00:00:00+00:00, run_after=2025-06-01T00:00:00+00:00
[2025-05-02T11:52:27.055+0000] {processor.py:178} INFO - Processing /opt/airflow/dags/data-pipeline.py took 1.380 seconds
[2025-05-02T11:52:57.594+0000] {processor.py:156} INFO - Started process (PID=825) to work on /opt/airflow/dags/data-pipeline.py
[2025-05-02T11:52:57.597+0000] {processor.py:799} INFO - Processing file /opt/airflow/dags/data-pipeline.py for tasks to queue
[2025-05-02T11:52:57.599+0000] {logging_mixin.py:149} INFO - [2025-05-02T11:52:57.598+0000] {dagbag.py:541} INFO - Filling up the DagBag from /opt/airflow/dags/data-pipeline.py
[2025-05-02T11:52:58.686+0000] {processor.py:809} INFO - DAG(s) dict_keys(['data_pipeline']) retrieved from /opt/airflow/dags/data-pipeline.py
[2025-05-02T11:52:58.872+0000] {logging_mixin.py:149} INFO - [2025-05-02T11:52:58.857+0000] {dag.py:2726} INFO - Sync 1 DAGs
[2025-05-02T11:52:58.999+0000] {logging_mixin.py:149} INFO - [2025-05-02T11:52:58.999+0000] {dag.py:3490} INFO - Setting next_dagrun for data_pipeline to 2025-05-01T00:00:00+00:00, run_after=2025-06-01T00:00:00+00:00
[2025-05-02T11:52:59.064+0000] {processor.py:178} INFO - Processing /opt/airflow/dags/data-pipeline.py took 1.475 seconds
[2025-05-02T11:55:38.105+0000] {processor.py:156} INFO - Started process (PID=165) to work on /opt/airflow/dags/data-pipeline.py
[2025-05-02T11:55:38.110+0000] {processor.py:799} INFO - Processing file /opt/airflow/dags/data-pipeline.py for tasks to queue
[2025-05-02T11:55:38.112+0000] {logging_mixin.py:149} INFO - [2025-05-02T11:55:38.112+0000] {dagbag.py:541} INFO - Filling up the DagBag from /opt/airflow/dags/data-pipeline.py
[2025-05-02T11:55:43.255+0000] {processor.py:809} INFO - DAG(s) dict_keys(['data_pipeline']) retrieved from /opt/airflow/dags/data-pipeline.py
[2025-05-02T11:55:43.682+0000] {logging_mixin.py:149} INFO - [2025-05-02T11:55:43.682+0000] {manager.py:504} INFO - Created Permission View: can edit on DAG:data_pipeline
[2025-05-02T11:55:43.713+0000] {logging_mixin.py:149} INFO - [2025-05-02T11:55:43.713+0000] {manager.py:504} INFO - Created Permission View: can delete on DAG:data_pipeline
[2025-05-02T11:55:43.739+0000] {logging_mixin.py:149} INFO - [2025-05-02T11:55:43.738+0000] {manager.py:504} INFO - Created Permission View: can read on DAG:data_pipeline
[2025-05-02T11:55:43.741+0000] {logging_mixin.py:149} INFO - [2025-05-02T11:55:43.740+0000] {dag.py:2726} INFO - Sync 1 DAGs
[2025-05-02T11:55:43.773+0000] {logging_mixin.py:149} INFO - [2025-05-02T11:55:43.771+0000] {dag.py:2747} INFO - Creating ORM DAG for data_pipeline
[2025-05-02T11:55:43.799+0000] {logging_mixin.py:149} INFO - [2025-05-02T11:55:43.798+0000] {dag.py:3490} INFO - Setting next_dagrun for data_pipeline to 2025-05-01T00:00:00+00:00, run_after=2025-06-01T00:00:00+00:00
[2025-05-02T11:55:43.890+0000] {processor.py:178} INFO - Processing /opt/airflow/dags/data-pipeline.py took 5.792 seconds
[2025-05-02T11:56:14.336+0000] {processor.py:156} INFO - Started process (PID=200) to work on /opt/airflow/dags/data-pipeline.py
[2025-05-02T11:56:14.348+0000] {processor.py:799} INFO - Processing file /opt/airflow/dags/data-pipeline.py for tasks to queue
[2025-05-02T11:56:14.360+0000] {logging_mixin.py:149} INFO - [2025-05-02T11:56:14.359+0000] {dagbag.py:541} INFO - Filling up the DagBag from /opt/airflow/dags/data-pipeline.py
[2025-05-02T11:56:19.515+0000] {processor.py:809} INFO - DAG(s) dict_keys(['data_pipeline']) retrieved from /opt/airflow/dags/data-pipeline.py
[2025-05-02T11:56:19.615+0000] {logging_mixin.py:149} INFO - [2025-05-02T11:56:19.604+0000] {dag.py:2726} INFO - Sync 1 DAGs
[2025-05-02T11:56:19.679+0000] {logging_mixin.py:149} INFO - [2025-05-02T11:56:19.678+0000] {dag.py:3490} INFO - Setting next_dagrun for data_pipeline to 2025-05-01T00:00:00+00:00, run_after=2025-06-01T00:00:00+00:00
[2025-05-02T11:56:20.180+0000] {processor.py:178} INFO - Processing /opt/airflow/dags/data-pipeline.py took 5.874 seconds
[2025-05-02T11:56:50.666+0000] {processor.py:156} INFO - Started process (PID=234) to work on /opt/airflow/dags/data-pipeline.py
[2025-05-02T11:56:50.670+0000] {processor.py:799} INFO - Processing file /opt/airflow/dags/data-pipeline.py for tasks to queue
[2025-05-02T11:56:50.673+0000] {logging_mixin.py:149} INFO - [2025-05-02T11:56:50.672+0000] {dagbag.py:541} INFO - Filling up the DagBag from /opt/airflow/dags/data-pipeline.py
[2025-05-02T11:56:52.442+0000] {processor.py:809} INFO - DAG(s) dict_keys(['data_pipeline']) retrieved from /opt/airflow/dags/data-pipeline.py
[2025-05-02T11:56:52.520+0000] {logging_mixin.py:149} INFO - [2025-05-02T11:56:52.518+0000] {dag.py:2726} INFO - Sync 1 DAGs
[2025-05-02T11:56:52.601+0000] {logging_mixin.py:149} INFO - [2025-05-02T11:56:52.601+0000] {dag.py:3490} INFO - Setting next_dagrun for data_pipeline to 2025-05-01T00:00:00+00:00, run_after=2025-06-01T00:00:00+00:00
[2025-05-02T11:56:52.679+0000] {processor.py:178} INFO - Processing /opt/airflow/dags/data-pipeline.py took 2.057 seconds
[2025-05-02T11:57:23.291+0000] {processor.py:156} INFO - Started process (PID=270) to work on /opt/airflow/dags/data-pipeline.py
[2025-05-02T11:57:23.296+0000] {processor.py:799} INFO - Processing file /opt/airflow/dags/data-pipeline.py for tasks to queue
[2025-05-02T11:57:23.304+0000] {logging_mixin.py:149} INFO - [2025-05-02T11:57:23.303+0000] {dagbag.py:541} INFO - Filling up the DagBag from /opt/airflow/dags/data-pipeline.py
[2025-05-02T11:57:26.588+0000] {processor.py:809} INFO - DAG(s) dict_keys(['data_pipeline']) retrieved from /opt/airflow/dags/data-pipeline.py
[2025-05-02T11:57:26.683+0000] {logging_mixin.py:149} INFO - [2025-05-02T11:57:26.680+0000] {dag.py:2726} INFO - Sync 1 DAGs
[2025-05-02T11:57:26.745+0000] {logging_mixin.py:149} INFO - [2025-05-02T11:57:26.745+0000] {dag.py:3490} INFO - Setting next_dagrun for data_pipeline to 2025-05-01T00:00:00+00:00, run_after=2025-06-01T00:00:00+00:00
[2025-05-02T11:57:26.808+0000] {processor.py:178} INFO - Processing /opt/airflow/dags/data-pipeline.py took 3.544 seconds
[2025-05-02T11:57:57.545+0000] {processor.py:156} INFO - Started process (PID=397) to work on /opt/airflow/dags/data-pipeline.py
[2025-05-02T11:57:57.548+0000] {processor.py:799} INFO - Processing file /opt/airflow/dags/data-pipeline.py for tasks to queue
[2025-05-02T11:57:57.550+0000] {logging_mixin.py:149} INFO - [2025-05-02T11:57:57.549+0000] {dagbag.py:541} INFO - Filling up the DagBag from /opt/airflow/dags/data-pipeline.py
[2025-05-02T11:57:58.313+0000] {processor.py:809} INFO - DAG(s) dict_keys(['data_pipeline']) retrieved from /opt/airflow/dags/data-pipeline.py
[2025-05-02T11:57:58.376+0000] {logging_mixin.py:149} INFO - [2025-05-02T11:57:58.375+0000] {dag.py:2726} INFO - Sync 1 DAGs
[2025-05-02T11:57:58.438+0000] {logging_mixin.py:149} INFO - [2025-05-02T11:57:58.438+0000] {dag.py:3490} INFO - Setting next_dagrun for data_pipeline to 2025-05-01T00:00:00+00:00, run_after=2025-06-01T00:00:00+00:00
[2025-05-02T11:57:58.493+0000] {processor.py:178} INFO - Processing /opt/airflow/dags/data-pipeline.py took 0.957 seconds
[2025-05-02T11:58:28.957+0000] {processor.py:156} INFO - Started process (PID=420) to work on /opt/airflow/dags/data-pipeline.py
[2025-05-02T11:58:28.959+0000] {processor.py:799} INFO - Processing file /opt/airflow/dags/data-pipeline.py for tasks to queue
[2025-05-02T11:58:28.961+0000] {logging_mixin.py:149} INFO - [2025-05-02T11:58:28.961+0000] {dagbag.py:541} INFO - Filling up the DagBag from /opt/airflow/dags/data-pipeline.py
[2025-05-02T11:58:29.874+0000] {processor.py:809} INFO - DAG(s) dict_keys(['data_pipeline']) retrieved from /opt/airflow/dags/data-pipeline.py
[2025-05-02T11:58:30.135+0000] {logging_mixin.py:149} INFO - [2025-05-02T11:58:30.133+0000] {dag.py:2726} INFO - Sync 1 DAGs
[2025-05-02T11:58:30.325+0000] {logging_mixin.py:149} INFO - [2025-05-02T11:58:30.324+0000] {dag.py:3490} INFO - Setting next_dagrun for data_pipeline to 2025-05-01T00:00:00+00:00, run_after=2025-06-01T00:00:00+00:00
[2025-05-02T11:58:30.464+0000] {processor.py:178} INFO - Processing /opt/airflow/dags/data-pipeline.py took 1.518 seconds
[2025-05-02T11:59:01.265+0000] {processor.py:156} INFO - Started process (PID=454) to work on /opt/airflow/dags/data-pipeline.py
[2025-05-02T11:59:01.269+0000] {processor.py:799} INFO - Processing file /opt/airflow/dags/data-pipeline.py for tasks to queue
[2025-05-02T11:59:01.272+0000] {logging_mixin.py:149} INFO - [2025-05-02T11:59:01.271+0000] {dagbag.py:541} INFO - Filling up the DagBag from /opt/airflow/dags/data-pipeline.py
[2025-05-02T11:59:02.192+0000] {processor.py:809} INFO - DAG(s) dict_keys(['data_pipeline']) retrieved from /opt/airflow/dags/data-pipeline.py
[2025-05-02T11:59:02.292+0000] {logging_mixin.py:149} INFO - [2025-05-02T11:59:02.290+0000] {dag.py:2726} INFO - Sync 1 DAGs
[2025-05-02T11:59:02.364+0000] {logging_mixin.py:149} INFO - [2025-05-02T11:59:02.364+0000] {dag.py:3490} INFO - Setting next_dagrun for data_pipeline to 2025-05-01T00:00:00+00:00, run_after=2025-06-01T00:00:00+00:00
[2025-05-02T11:59:02.428+0000] {processor.py:178} INFO - Processing /opt/airflow/dags/data-pipeline.py took 1.175 seconds
[2025-05-02T11:59:32.935+0000] {processor.py:156} INFO - Started process (PID=488) to work on /opt/airflow/dags/data-pipeline.py
[2025-05-02T11:59:32.937+0000] {processor.py:799} INFO - Processing file /opt/airflow/dags/data-pipeline.py for tasks to queue
[2025-05-02T11:59:32.940+0000] {logging_mixin.py:149} INFO - [2025-05-02T11:59:32.939+0000] {dagbag.py:541} INFO - Filling up the DagBag from /opt/airflow/dags/data-pipeline.py
[2025-05-02T11:59:33.782+0000] {processor.py:809} INFO - DAG(s) dict_keys(['data_pipeline']) retrieved from /opt/airflow/dags/data-pipeline.py
[2025-05-02T11:59:33.848+0000] {logging_mixin.py:149} INFO - [2025-05-02T11:59:33.847+0000] {dag.py:2726} INFO - Sync 1 DAGs
[2025-05-02T11:59:33.910+0000] {logging_mixin.py:149} INFO - [2025-05-02T11:59:33.910+0000] {dag.py:3490} INFO - Setting next_dagrun for data_pipeline to 2025-05-01T00:00:00+00:00, run_after=2025-06-01T00:00:00+00:00
[2025-05-02T11:59:34.001+0000] {processor.py:178} INFO - Processing /opt/airflow/dags/data-pipeline.py took 1.072 seconds
[2025-05-02T12:00:04.509+0000] {processor.py:156} INFO - Started process (PID=522) to work on /opt/airflow/dags/data-pipeline.py
[2025-05-02T12:00:04.512+0000] {processor.py:799} INFO - Processing file /opt/airflow/dags/data-pipeline.py for tasks to queue
[2025-05-02T12:00:04.513+0000] {logging_mixin.py:149} INFO - [2025-05-02T12:00:04.513+0000] {dagbag.py:541} INFO - Filling up the DagBag from /opt/airflow/dags/data-pipeline.py
[2025-05-02T12:00:05.386+0000] {processor.py:809} INFO - DAG(s) dict_keys(['data_pipeline']) retrieved from /opt/airflow/dags/data-pipeline.py
[2025-05-02T12:00:05.490+0000] {logging_mixin.py:149} INFO - [2025-05-02T12:00:05.489+0000] {dag.py:2726} INFO - Sync 1 DAGs
[2025-05-02T12:00:05.612+0000] {logging_mixin.py:149} INFO - [2025-05-02T12:00:05.611+0000] {dag.py:3490} INFO - Setting next_dagrun for data_pipeline to 2025-05-01T00:00:00+00:00, run_after=2025-06-01T00:00:00+00:00
[2025-05-02T12:00:05.698+0000] {processor.py:178} INFO - Processing /opt/airflow/dags/data-pipeline.py took 1.196 seconds
[2025-05-02T12:01:51.153+0000] {processor.py:156} INFO - Started process (PID=165) to work on /opt/airflow/dags/data-pipeline.py
[2025-05-02T12:01:51.155+0000] {processor.py:799} INFO - Processing file /opt/airflow/dags/data-pipeline.py for tasks to queue
[2025-05-02T12:01:51.158+0000] {logging_mixin.py:149} INFO - [2025-05-02T12:01:51.157+0000] {dagbag.py:541} INFO - Filling up the DagBag from /opt/airflow/dags/data-pipeline.py
[2025-05-02T12:01:56.035+0000] {processor.py:809} INFO - DAG(s) dict_keys(['data_pipeline']) retrieved from /opt/airflow/dags/data-pipeline.py
[2025-05-02T12:01:56.580+0000] {logging_mixin.py:149} INFO - [2025-05-02T12:01:56.579+0000] {manager.py:504} INFO - Created Permission View: can delete on DAG:data_pipeline
[2025-05-02T12:01:56.613+0000] {logging_mixin.py:149} INFO - [2025-05-02T12:01:56.613+0000] {manager.py:504} INFO - Created Permission View: can read on DAG:data_pipeline
[2025-05-02T12:01:56.644+0000] {logging_mixin.py:149} INFO - [2025-05-02T12:01:56.644+0000] {manager.py:504} INFO - Created Permission View: can edit on DAG:data_pipeline
[2025-05-02T12:01:56.646+0000] {logging_mixin.py:149} INFO - [2025-05-02T12:01:56.645+0000] {dag.py:2726} INFO - Sync 1 DAGs
[2025-05-02T12:01:56.676+0000] {logging_mixin.py:149} INFO - [2025-05-02T12:01:56.675+0000] {dag.py:2747} INFO - Creating ORM DAG for data_pipeline
[2025-05-02T12:01:56.698+0000] {logging_mixin.py:149} INFO - [2025-05-02T12:01:56.698+0000] {dag.py:3490} INFO - Setting next_dagrun for data_pipeline to 2025-05-01T00:00:00+00:00, run_after=2025-06-01T00:00:00+00:00
[2025-05-02T12:01:56.756+0000] {processor.py:178} INFO - Processing /opt/airflow/dags/data-pipeline.py took 5.609 seconds
[2025-05-02T12:02:27.383+0000] {processor.py:156} INFO - Started process (PID=200) to work on /opt/airflow/dags/data-pipeline.py
[2025-05-02T12:02:27.393+0000] {processor.py:799} INFO - Processing file /opt/airflow/dags/data-pipeline.py for tasks to queue
[2025-05-02T12:02:27.395+0000] {logging_mixin.py:149} INFO - [2025-05-02T12:02:27.395+0000] {dagbag.py:541} INFO - Filling up the DagBag from /opt/airflow/dags/data-pipeline.py
[2025-05-02T12:02:33.646+0000] {processor.py:809} INFO - DAG(s) dict_keys(['data_pipeline']) retrieved from /opt/airflow/dags/data-pipeline.py
[2025-05-02T12:02:33.920+0000] {logging_mixin.py:149} INFO - [2025-05-02T12:02:33.917+0000] {dag.py:2726} INFO - Sync 1 DAGs
[2025-05-02T12:02:34.049+0000] {logging_mixin.py:149} INFO - [2025-05-02T12:02:34.048+0000] {dag.py:3490} INFO - Setting next_dagrun for data_pipeline to 2025-05-01T00:00:00+00:00, run_after=2025-06-01T00:00:00+00:00
[2025-05-02T12:02:34.673+0000] {processor.py:178} INFO - Processing /opt/airflow/dags/data-pipeline.py took 7.334 seconds
[2025-05-02T12:03:05.158+0000] {processor.py:156} INFO - Started process (PID=316) to work on /opt/airflow/dags/data-pipeline.py
[2025-05-02T12:03:05.161+0000] {processor.py:799} INFO - Processing file /opt/airflow/dags/data-pipeline.py for tasks to queue
[2025-05-02T12:03:05.162+0000] {logging_mixin.py:149} INFO - [2025-05-02T12:03:05.162+0000] {dagbag.py:541} INFO - Filling up the DagBag from /opt/airflow/dags/data-pipeline.py
[2025-05-02T12:03:07.124+0000] {processor.py:809} INFO - DAG(s) dict_keys(['data_pipeline']) retrieved from /opt/airflow/dags/data-pipeline.py
[2025-05-02T12:03:07.175+0000] {logging_mixin.py:149} INFO - [2025-05-02T12:03:07.174+0000] {dag.py:2726} INFO - Sync 1 DAGs
[2025-05-02T12:03:07.215+0000] {logging_mixin.py:149} INFO - [2025-05-02T12:03:07.215+0000] {dag.py:3490} INFO - Setting next_dagrun for data_pipeline to 2025-05-01T00:00:00+00:00, run_after=2025-06-01T00:00:00+00:00
[2025-05-02T12:03:07.280+0000] {processor.py:178} INFO - Processing /opt/airflow/dags/data-pipeline.py took 2.126 seconds
[2025-05-02T12:03:37.785+0000] {processor.py:156} INFO - Started process (PID=352) to work on /opt/airflow/dags/data-pipeline.py
[2025-05-02T12:03:37.787+0000] {processor.py:799} INFO - Processing file /opt/airflow/dags/data-pipeline.py for tasks to queue
[2025-05-02T12:03:37.791+0000] {logging_mixin.py:149} INFO - [2025-05-02T12:03:37.790+0000] {dagbag.py:541} INFO - Filling up the DagBag from /opt/airflow/dags/data-pipeline.py
[2025-05-02T12:03:39.748+0000] {processor.py:809} INFO - DAG(s) dict_keys(['data_pipeline']) retrieved from /opt/airflow/dags/data-pipeline.py
[2025-05-02T12:03:39.803+0000] {logging_mixin.py:149} INFO - [2025-05-02T12:03:39.802+0000] {dag.py:2726} INFO - Sync 1 DAGs
[2025-05-02T12:03:39.854+0000] {logging_mixin.py:149} INFO - [2025-05-02T12:03:39.854+0000] {dag.py:3490} INFO - Setting next_dagrun for data_pipeline to 2025-05-01T00:00:00+00:00, run_after=2025-06-01T00:00:00+00:00
[2025-05-02T12:03:39.931+0000] {processor.py:178} INFO - Processing /opt/airflow/dags/data-pipeline.py took 2.151 seconds
[2025-05-02T12:04:11.158+0000] {processor.py:156} INFO - Started process (PID=397) to work on /opt/airflow/dags/data-pipeline.py
[2025-05-02T12:04:11.201+0000] {processor.py:799} INFO - Processing file /opt/airflow/dags/data-pipeline.py for tasks to queue
[2025-05-02T12:04:11.204+0000] {logging_mixin.py:149} INFO - [2025-05-02T12:04:11.204+0000] {dagbag.py:541} INFO - Filling up the DagBag from /opt/airflow/dags/data-pipeline.py
[2025-05-02T12:04:12.319+0000] {processor.py:809} INFO - DAG(s) dict_keys(['data_pipeline']) retrieved from /opt/airflow/dags/data-pipeline.py
[2025-05-02T12:04:12.394+0000] {logging_mixin.py:149} INFO - [2025-05-02T12:04:12.392+0000] {dag.py:2726} INFO - Sync 1 DAGs
[2025-05-02T12:04:12.478+0000] {logging_mixin.py:149} INFO - [2025-05-02T12:04:12.478+0000] {dag.py:3490} INFO - Setting next_dagrun for data_pipeline to 2025-05-01T00:00:00+00:00, run_after=2025-06-01T00:00:00+00:00
[2025-05-02T12:04:12.549+0000] {processor.py:178} INFO - Processing /opt/airflow/dags/data-pipeline.py took 1.398 seconds
[2025-05-02T12:04:43.006+0000] {processor.py:156} INFO - Started process (PID=420) to work on /opt/airflow/dags/data-pipeline.py
[2025-05-02T12:04:43.009+0000] {processor.py:799} INFO - Processing file /opt/airflow/dags/data-pipeline.py for tasks to queue
[2025-05-02T12:04:43.012+0000] {logging_mixin.py:149} INFO - [2025-05-02T12:04:43.012+0000] {dagbag.py:541} INFO - Filling up the DagBag from /opt/airflow/dags/data-pipeline.py
[2025-05-02T12:04:44.207+0000] {processor.py:809} INFO - DAG(s) dict_keys(['data_pipeline']) retrieved from /opt/airflow/dags/data-pipeline.py
[2025-05-02T12:04:44.288+0000] {logging_mixin.py:149} INFO - [2025-05-02T12:04:44.286+0000] {dag.py:2726} INFO - Sync 1 DAGs
[2025-05-02T12:04:44.398+0000] {logging_mixin.py:149} INFO - [2025-05-02T12:04:44.398+0000] {dag.py:3490} INFO - Setting next_dagrun for data_pipeline to 2025-05-01T00:00:00+00:00, run_after=2025-06-01T00:00:00+00:00
[2025-05-02T12:04:44.495+0000] {processor.py:178} INFO - Processing /opt/airflow/dags/data-pipeline.py took 1.501 seconds
[2025-05-02T12:05:14.959+0000] {processor.py:156} INFO - Started process (PID=454) to work on /opt/airflow/dags/data-pipeline.py
[2025-05-02T12:05:14.961+0000] {processor.py:799} INFO - Processing file /opt/airflow/dags/data-pipeline.py for tasks to queue
[2025-05-02T12:05:14.963+0000] {logging_mixin.py:149} INFO - [2025-05-02T12:05:14.962+0000] {dagbag.py:541} INFO - Filling up the DagBag from /opt/airflow/dags/data-pipeline.py
[2025-05-02T12:05:15.883+0000] {processor.py:809} INFO - DAG(s) dict_keys(['data_pipeline']) retrieved from /opt/airflow/dags/data-pipeline.py
[2025-05-02T12:05:15.960+0000] {logging_mixin.py:149} INFO - [2025-05-02T12:05:15.958+0000] {dag.py:2726} INFO - Sync 1 DAGs
[2025-05-02T12:05:16.034+0000] {logging_mixin.py:149} INFO - [2025-05-02T12:05:16.033+0000] {dag.py:3490} INFO - Setting next_dagrun for data_pipeline to 2025-05-01T00:00:00+00:00, run_after=2025-06-01T00:00:00+00:00
[2025-05-02T12:05:16.095+0000] {processor.py:178} INFO - Processing /opt/airflow/dags/data-pipeline.py took 1.142 seconds
[2025-05-02T12:05:46.413+0000] {processor.py:156} INFO - Started process (PID=488) to work on /opt/airflow/dags/data-pipeline.py
[2025-05-02T12:05:46.416+0000] {processor.py:799} INFO - Processing file /opt/airflow/dags/data-pipeline.py for tasks to queue
[2025-05-02T12:05:46.420+0000] {logging_mixin.py:149} INFO - [2025-05-02T12:05:46.419+0000] {dagbag.py:541} INFO - Filling up the DagBag from /opt/airflow/dags/data-pipeline.py
[2025-05-02T12:05:47.424+0000] {processor.py:809} INFO - DAG(s) dict_keys(['data_pipeline']) retrieved from /opt/airflow/dags/data-pipeline.py
[2025-05-02T12:05:47.497+0000] {logging_mixin.py:149} INFO - [2025-05-02T12:05:47.496+0000] {dag.py:2726} INFO - Sync 1 DAGs
[2025-05-02T12:05:47.561+0000] {logging_mixin.py:149} INFO - [2025-05-02T12:05:47.561+0000] {dag.py:3490} INFO - Setting next_dagrun for data_pipeline to 2025-05-01T00:00:00+00:00, run_after=2025-06-01T00:00:00+00:00
[2025-05-02T12:05:47.625+0000] {processor.py:178} INFO - Processing /opt/airflow/dags/data-pipeline.py took 1.220 seconds
[2025-05-02T12:06:18.282+0000] {processor.py:156} INFO - Started process (PID=536) to work on /opt/airflow/dags/data-pipeline.py
[2025-05-02T12:06:18.285+0000] {processor.py:799} INFO - Processing file /opt/airflow/dags/data-pipeline.py for tasks to queue
[2025-05-02T12:06:18.287+0000] {logging_mixin.py:149} INFO - [2025-05-02T12:06:18.286+0000] {dagbag.py:541} INFO - Filling up the DagBag from /opt/airflow/dags/data-pipeline.py
[2025-05-02T12:06:19.290+0000] {processor.py:809} INFO - DAG(s) dict_keys(['data_pipeline']) retrieved from /opt/airflow/dags/data-pipeline.py
[2025-05-02T12:06:19.420+0000] {logging_mixin.py:149} INFO - [2025-05-02T12:06:19.419+0000] {dag.py:2726} INFO - Sync 1 DAGs
[2025-05-02T12:06:19.501+0000] {logging_mixin.py:149} INFO - [2025-05-02T12:06:19.501+0000] {dag.py:3490} INFO - Setting next_dagrun for data_pipeline to 2025-05-01T00:00:00+00:00, run_after=2025-06-01T00:00:00+00:00
[2025-05-02T12:06:19.566+0000] {processor.py:178} INFO - Processing /opt/airflow/dags/data-pipeline.py took 1.289 seconds
[2025-05-02T12:14:35.144+0000] {processor.py:156} INFO - Started process (PID=165) to work on /opt/airflow/dags/data-pipeline.py
[2025-05-02T12:14:35.149+0000] {processor.py:799} INFO - Processing file /opt/airflow/dags/data-pipeline.py for tasks to queue
[2025-05-02T12:14:35.152+0000] {logging_mixin.py:149} INFO - [2025-05-02T12:14:35.151+0000] {dagbag.py:541} INFO - Filling up the DagBag from /opt/airflow/dags/data-pipeline.py
[2025-05-02T12:14:45.794+0000] {processor.py:809} INFO - DAG(s) dict_keys(['data_pipeline']) retrieved from /opt/airflow/dags/data-pipeline.py
[2025-05-02T12:14:46.894+0000] {logging_mixin.py:149} INFO - [2025-05-02T12:14:46.893+0000] {manager.py:504} INFO - Created Permission View: can delete on DAG:data_pipeline
[2025-05-02T12:14:46.962+0000] {logging_mixin.py:149} INFO - [2025-05-02T12:14:46.962+0000] {manager.py:504} INFO - Created Permission View: can read on DAG:data_pipeline
[2025-05-02T12:14:47.025+0000] {logging_mixin.py:149} INFO - [2025-05-02T12:14:47.025+0000] {manager.py:504} INFO - Created Permission View: can edit on DAG:data_pipeline
[2025-05-02T12:14:47.029+0000] {logging_mixin.py:149} INFO - [2025-05-02T12:14:47.027+0000] {dag.py:2726} INFO - Sync 1 DAGs
[2025-05-02T12:14:47.198+0000] {logging_mixin.py:149} INFO - [2025-05-02T12:14:47.187+0000] {dag.py:2747} INFO - Creating ORM DAG for data_pipeline
[2025-05-02T12:14:47.292+0000] {logging_mixin.py:149} INFO - [2025-05-02T12:14:47.291+0000] {dag.py:3490} INFO - Setting next_dagrun for data_pipeline to 2025-05-01T00:00:00+00:00, run_after=2025-06-01T00:00:00+00:00
[2025-05-02T12:14:47.482+0000] {processor.py:178} INFO - Processing /opt/airflow/dags/data-pipeline.py took 12.351 seconds
[2025-05-02T12:15:17.932+0000] {processor.py:156} INFO - Started process (PID=200) to work on /opt/airflow/dags/data-pipeline.py
[2025-05-02T12:15:17.946+0000] {processor.py:799} INFO - Processing file /opt/airflow/dags/data-pipeline.py for tasks to queue
[2025-05-02T12:15:17.949+0000] {logging_mixin.py:149} INFO - [2025-05-02T12:15:17.948+0000] {dagbag.py:541} INFO - Filling up the DagBag from /opt/airflow/dags/data-pipeline.py
[2025-05-02T12:15:22.754+0000] {processor.py:809} INFO - DAG(s) dict_keys(['data_pipeline']) retrieved from /opt/airflow/dags/data-pipeline.py
[2025-05-02T12:15:22.904+0000] {logging_mixin.py:149} INFO - [2025-05-02T12:15:22.901+0000] {dag.py:2726} INFO - Sync 1 DAGs
[2025-05-02T12:15:23.040+0000] {logging_mixin.py:149} INFO - [2025-05-02T12:15:23.040+0000] {dag.py:3490} INFO - Setting next_dagrun for data_pipeline to 2025-05-01T00:00:00+00:00, run_after=2025-06-01T00:00:00+00:00
[2025-05-02T12:15:23.133+0000] {processor.py:178} INFO - Processing /opt/airflow/dags/data-pipeline.py took 5.258 seconds
[2025-05-02T12:15:53.803+0000] {processor.py:156} INFO - Started process (PID=234) to work on /opt/airflow/dags/data-pipeline.py
[2025-05-02T12:15:53.809+0000] {processor.py:799} INFO - Processing file /opt/airflow/dags/data-pipeline.py for tasks to queue
[2025-05-02T12:15:53.814+0000] {logging_mixin.py:149} INFO - [2025-05-02T12:15:53.814+0000] {dagbag.py:541} INFO - Filling up the DagBag from /opt/airflow/dags/data-pipeline.py
[2025-05-02T12:15:58.552+0000] {processor.py:809} INFO - DAG(s) dict_keys(['data_pipeline']) retrieved from /opt/airflow/dags/data-pipeline.py
[2025-05-02T12:15:59.744+0000] {logging_mixin.py:149} INFO - [2025-05-02T12:15:59.740+0000] {dag.py:2726} INFO - Sync 1 DAGs
[2025-05-02T12:15:59.911+0000] {logging_mixin.py:149} INFO - [2025-05-02T12:15:59.911+0000] {dag.py:3490} INFO - Setting next_dagrun for data_pipeline to 2025-05-01T00:00:00+00:00, run_after=2025-06-01T00:00:00+00:00
[2025-05-02T12:16:00.011+0000] {processor.py:178} INFO - Processing /opt/airflow/dags/data-pipeline.py took 6.232 seconds
[2025-05-02T12:16:30.483+0000] {processor.py:156} INFO - Started process (PID=268) to work on /opt/airflow/dags/data-pipeline.py
[2025-05-02T12:16:30.488+0000] {processor.py:799} INFO - Processing file /opt/airflow/dags/data-pipeline.py for tasks to queue
[2025-05-02T12:16:30.495+0000] {logging_mixin.py:149} INFO - [2025-05-02T12:16:30.495+0000] {dagbag.py:541} INFO - Filling up the DagBag from /opt/airflow/dags/data-pipeline.py
[2025-05-02T12:16:32.878+0000] {processor.py:809} INFO - DAG(s) dict_keys(['data_pipeline']) retrieved from /opt/airflow/dags/data-pipeline.py
[2025-05-02T12:16:32.979+0000] {logging_mixin.py:149} INFO - [2025-05-02T12:16:32.977+0000] {dag.py:2726} INFO - Sync 1 DAGs
[2025-05-02T12:16:33.109+0000] {logging_mixin.py:149} INFO - [2025-05-02T12:16:33.107+0000] {dag.py:3490} INFO - Setting next_dagrun for data_pipeline to 2025-05-01T00:00:00+00:00, run_after=2025-06-01T00:00:00+00:00
[2025-05-02T12:16:33.212+0000] {processor.py:178} INFO - Processing /opt/airflow/dags/data-pipeline.py took 2.771 seconds
[2025-05-02T12:17:05.987+0000] {processor.py:156} INFO - Started process (PID=304) to work on /opt/airflow/dags/data-pipeline.py
[2025-05-02T12:17:05.991+0000] {processor.py:799} INFO - Processing file /opt/airflow/dags/data-pipeline.py for tasks to queue
[2025-05-02T12:17:05.997+0000] {logging_mixin.py:149} INFO - [2025-05-02T12:17:05.996+0000] {dagbag.py:541} INFO - Filling up the DagBag from /opt/airflow/dags/data-pipeline.py
[2025-05-02T12:17:09.994+0000] {processor.py:809} INFO - DAG(s) dict_keys(['data_pipeline']) retrieved from /opt/airflow/dags/data-pipeline.py
[2025-05-02T12:17:10.295+0000] {logging_mixin.py:149} INFO - [2025-05-02T12:17:10.293+0000] {dag.py:2726} INFO - Sync 1 DAGs
[2025-05-02T12:17:10.542+0000] {logging_mixin.py:149} INFO - [2025-05-02T12:17:10.541+0000] {dag.py:3490} INFO - Setting next_dagrun for data_pipeline to 2025-05-01T00:00:00+00:00, run_after=2025-06-01T00:00:00+00:00
[2025-05-02T12:17:10.682+0000] {processor.py:178} INFO - Processing /opt/airflow/dags/data-pipeline.py took 4.720 seconds
[2025-05-02T12:17:41.438+0000] {processor.py:156} INFO - Started process (PID=420) to work on /opt/airflow/dags/data-pipeline.py
[2025-05-02T12:17:41.441+0000] {processor.py:799} INFO - Processing file /opt/airflow/dags/data-pipeline.py for tasks to queue
[2025-05-02T12:17:41.444+0000] {logging_mixin.py:149} INFO - [2025-05-02T12:17:41.443+0000] {dagbag.py:541} INFO - Filling up the DagBag from /opt/airflow/dags/data-pipeline.py
[2025-05-02T12:17:42.664+0000] {processor.py:809} INFO - DAG(s) dict_keys(['data_pipeline']) retrieved from /opt/airflow/dags/data-pipeline.py
[2025-05-02T12:17:42.754+0000] {logging_mixin.py:149} INFO - [2025-05-02T12:17:42.753+0000] {dag.py:2726} INFO - Sync 1 DAGs
[2025-05-02T12:17:42.834+0000] {logging_mixin.py:149} INFO - [2025-05-02T12:17:42.834+0000] {dag.py:3490} INFO - Setting next_dagrun for data_pipeline to 2025-05-01T00:00:00+00:00, run_after=2025-06-01T00:00:00+00:00
[2025-05-02T12:17:42.912+0000] {processor.py:178} INFO - Processing /opt/airflow/dags/data-pipeline.py took 1.485 seconds
[2025-05-02T12:18:13.500+0000] {processor.py:156} INFO - Started process (PID=454) to work on /opt/airflow/dags/data-pipeline.py
[2025-05-02T12:18:13.503+0000] {processor.py:799} INFO - Processing file /opt/airflow/dags/data-pipeline.py for tasks to queue
[2025-05-02T12:18:13.505+0000] {logging_mixin.py:149} INFO - [2025-05-02T12:18:13.505+0000] {dagbag.py:541} INFO - Filling up the DagBag from /opt/airflow/dags/data-pipeline.py
[2025-05-02T12:18:14.843+0000] {processor.py:809} INFO - DAG(s) dict_keys(['data_pipeline']) retrieved from /opt/airflow/dags/data-pipeline.py
[2025-05-02T12:18:14.948+0000] {logging_mixin.py:149} INFO - [2025-05-02T12:18:14.946+0000] {dag.py:2726} INFO - Sync 1 DAGs
[2025-05-02T12:18:15.054+0000] {logging_mixin.py:149} INFO - [2025-05-02T12:18:15.054+0000] {dag.py:3490} INFO - Setting next_dagrun for data_pipeline to 2025-05-01T00:00:00+00:00, run_after=2025-06-01T00:00:00+00:00
[2025-05-02T12:18:15.149+0000] {processor.py:178} INFO - Processing /opt/airflow/dags/data-pipeline.py took 1.658 seconds
[2025-05-02T12:18:45.777+0000] {processor.py:156} INFO - Started process (PID=488) to work on /opt/airflow/dags/data-pipeline.py
[2025-05-02T12:18:45.782+0000] {processor.py:799} INFO - Processing file /opt/airflow/dags/data-pipeline.py for tasks to queue
[2025-05-02T12:18:45.790+0000] {logging_mixin.py:149} INFO - [2025-05-02T12:18:45.786+0000] {dagbag.py:541} INFO - Filling up the DagBag from /opt/airflow/dags/data-pipeline.py
[2025-05-02T12:18:47.130+0000] {processor.py:809} INFO - DAG(s) dict_keys(['data_pipeline']) retrieved from /opt/airflow/dags/data-pipeline.py
[2025-05-02T12:18:47.264+0000] {logging_mixin.py:149} INFO - [2025-05-02T12:18:47.262+0000] {dag.py:2726} INFO - Sync 1 DAGs
[2025-05-02T12:18:47.388+0000] {logging_mixin.py:149} INFO - [2025-05-02T12:18:47.387+0000] {dag.py:3490} INFO - Setting next_dagrun for data_pipeline to 2025-05-01T00:00:00+00:00, run_after=2025-06-01T00:00:00+00:00
[2025-05-02T12:18:47.512+0000] {processor.py:178} INFO - Processing /opt/airflow/dags/data-pipeline.py took 1.748 seconds
[2025-05-02T12:19:18.104+0000] {processor.py:156} INFO - Started process (PID=522) to work on /opt/airflow/dags/data-pipeline.py
[2025-05-02T12:19:18.107+0000] {processor.py:799} INFO - Processing file /opt/airflow/dags/data-pipeline.py for tasks to queue
[2025-05-02T12:19:18.110+0000] {logging_mixin.py:149} INFO - [2025-05-02T12:19:18.109+0000] {dagbag.py:541} INFO - Filling up the DagBag from /opt/airflow/dags/data-pipeline.py
[2025-05-02T12:19:19.291+0000] {processor.py:809} INFO - DAG(s) dict_keys(['data_pipeline']) retrieved from /opt/airflow/dags/data-pipeline.py
[2025-05-02T12:19:19.367+0000] {logging_mixin.py:149} INFO - [2025-05-02T12:19:19.366+0000] {dag.py:2726} INFO - Sync 1 DAGs
[2025-05-02T12:19:19.455+0000] {logging_mixin.py:149} INFO - [2025-05-02T12:19:19.455+0000] {dag.py:3490} INFO - Setting next_dagrun for data_pipeline to 2025-05-01T00:00:00+00:00, run_after=2025-06-01T00:00:00+00:00
[2025-05-02T12:19:19.534+0000] {processor.py:178} INFO - Processing /opt/airflow/dags/data-pipeline.py took 1.437 seconds
[2025-05-02T12:19:50.290+0000] {processor.py:156} INFO - Started process (PID=556) to work on /opt/airflow/dags/data-pipeline.py
[2025-05-02T12:19:50.293+0000] {processor.py:799} INFO - Processing file /opt/airflow/dags/data-pipeline.py for tasks to queue
[2025-05-02T12:19:50.297+0000] {logging_mixin.py:149} INFO - [2025-05-02T12:19:50.296+0000] {dagbag.py:541} INFO - Filling up the DagBag from /opt/airflow/dags/data-pipeline.py
[2025-05-02T12:19:51.473+0000] {processor.py:809} INFO - DAG(s) dict_keys(['data_pipeline']) retrieved from /opt/airflow/dags/data-pipeline.py
[2025-05-02T12:19:51.634+0000] {logging_mixin.py:149} INFO - [2025-05-02T12:19:51.633+0000] {dag.py:2726} INFO - Sync 1 DAGs
[2025-05-02T12:19:51.713+0000] {logging_mixin.py:149} INFO - [2025-05-02T12:19:51.712+0000] {dag.py:3490} INFO - Setting next_dagrun for data_pipeline to 2025-05-01T00:00:00+00:00, run_after=2025-06-01T00:00:00+00:00
[2025-05-02T12:19:51.795+0000] {processor.py:178} INFO - Processing /opt/airflow/dags/data-pipeline.py took 1.516 seconds
[2025-05-02T12:20:22.379+0000] {processor.py:156} INFO - Started process (PID=590) to work on /opt/airflow/dags/data-pipeline.py
[2025-05-02T12:20:22.382+0000] {processor.py:799} INFO - Processing file /opt/airflow/dags/data-pipeline.py for tasks to queue
[2025-05-02T12:20:22.387+0000] {logging_mixin.py:149} INFO - [2025-05-02T12:20:22.386+0000] {dagbag.py:541} INFO - Filling up the DagBag from /opt/airflow/dags/data-pipeline.py
[2025-05-02T12:20:23.700+0000] {processor.py:809} INFO - DAG(s) dict_keys(['data_pipeline']) retrieved from /opt/airflow/dags/data-pipeline.py
[2025-05-02T12:20:23.791+0000] {logging_mixin.py:149} INFO - [2025-05-02T12:20:23.790+0000] {dag.py:2726} INFO - Sync 1 DAGs
[2025-05-02T12:20:23.884+0000] {logging_mixin.py:149} INFO - [2025-05-02T12:20:23.884+0000] {dag.py:3490} INFO - Setting next_dagrun for data_pipeline to 2025-05-01T00:00:00+00:00, run_after=2025-06-01T00:00:00+00:00
[2025-05-02T12:20:23.965+0000] {processor.py:178} INFO - Processing /opt/airflow/dags/data-pipeline.py took 1.599 seconds
[2025-05-02T12:20:54.492+0000] {processor.py:156} INFO - Started process (PID=624) to work on /opt/airflow/dags/data-pipeline.py
[2025-05-02T12:20:54.495+0000] {processor.py:799} INFO - Processing file /opt/airflow/dags/data-pipeline.py for tasks to queue
[2025-05-02T12:20:54.500+0000] {logging_mixin.py:149} INFO - [2025-05-02T12:20:54.498+0000] {dagbag.py:541} INFO - Filling up the DagBag from /opt/airflow/dags/data-pipeline.py
[2025-05-02T12:20:55.695+0000] {processor.py:809} INFO - DAG(s) dict_keys(['data_pipeline']) retrieved from /opt/airflow/dags/data-pipeline.py
[2025-05-02T12:20:55.773+0000] {logging_mixin.py:149} INFO - [2025-05-02T12:20:55.771+0000] {dag.py:2726} INFO - Sync 1 DAGs
[2025-05-02T12:20:55.857+0000] {logging_mixin.py:149} INFO - [2025-05-02T12:20:55.856+0000] {dag.py:3490} INFO - Setting next_dagrun for data_pipeline to 2025-05-01T00:00:00+00:00, run_after=2025-06-01T00:00:00+00:00
[2025-05-02T12:20:55.934+0000] {processor.py:178} INFO - Processing /opt/airflow/dags/data-pipeline.py took 1.449 seconds
[2025-05-02T12:21:26.538+0000] {processor.py:156} INFO - Started process (PID=658) to work on /opt/airflow/dags/data-pipeline.py
[2025-05-02T12:21:26.541+0000] {processor.py:799} INFO - Processing file /opt/airflow/dags/data-pipeline.py for tasks to queue
[2025-05-02T12:21:26.543+0000] {logging_mixin.py:149} INFO - [2025-05-02T12:21:26.542+0000] {dagbag.py:541} INFO - Filling up the DagBag from /opt/airflow/dags/data-pipeline.py
[2025-05-02T12:21:28.075+0000] {processor.py:809} INFO - DAG(s) dict_keys(['data_pipeline']) retrieved from /opt/airflow/dags/data-pipeline.py
[2025-05-02T12:21:28.156+0000] {logging_mixin.py:149} INFO - [2025-05-02T12:21:28.155+0000] {dag.py:2726} INFO - Sync 1 DAGs
[2025-05-02T12:21:28.253+0000] {logging_mixin.py:149} INFO - [2025-05-02T12:21:28.253+0000] {dag.py:3490} INFO - Setting next_dagrun for data_pipeline to 2025-05-01T00:00:00+00:00, run_after=2025-06-01T00:00:00+00:00
[2025-05-02T12:21:28.363+0000] {processor.py:178} INFO - Processing /opt/airflow/dags/data-pipeline.py took 1.833 seconds
[2025-05-02T12:21:58.992+0000] {processor.py:156} INFO - Started process (PID=692) to work on /opt/airflow/dags/data-pipeline.py
[2025-05-02T12:21:58.995+0000] {processor.py:799} INFO - Processing file /opt/airflow/dags/data-pipeline.py for tasks to queue
[2025-05-02T12:21:58.997+0000] {logging_mixin.py:149} INFO - [2025-05-02T12:21:58.996+0000] {dagbag.py:541} INFO - Filling up the DagBag from /opt/airflow/dags/data-pipeline.py
[2025-05-02T12:22:00.164+0000] {processor.py:809} INFO - DAG(s) dict_keys(['data_pipeline']) retrieved from /opt/airflow/dags/data-pipeline.py
[2025-05-02T12:22:00.255+0000] {logging_mixin.py:149} INFO - [2025-05-02T12:22:00.254+0000] {dag.py:2726} INFO - Sync 1 DAGs
[2025-05-02T12:22:00.395+0000] {logging_mixin.py:149} INFO - [2025-05-02T12:22:00.395+0000] {dag.py:3490} INFO - Setting next_dagrun for data_pipeline to 2025-05-01T00:00:00+00:00, run_after=2025-06-01T00:00:00+00:00
[2025-05-02T12:22:00.490+0000] {processor.py:178} INFO - Processing /opt/airflow/dags/data-pipeline.py took 1.507 seconds
[2025-05-02T12:22:31.026+0000] {processor.py:156} INFO - Started process (PID=726) to work on /opt/airflow/dags/data-pipeline.py
[2025-05-02T12:22:31.028+0000] {processor.py:799} INFO - Processing file /opt/airflow/dags/data-pipeline.py for tasks to queue
[2025-05-02T12:22:31.031+0000] {logging_mixin.py:149} INFO - [2025-05-02T12:22:31.030+0000] {dagbag.py:541} INFO - Filling up the DagBag from /opt/airflow/dags/data-pipeline.py
[2025-05-02T12:22:32.153+0000] {processor.py:809} INFO - DAG(s) dict_keys(['data_pipeline']) retrieved from /opt/airflow/dags/data-pipeline.py
[2025-05-02T12:22:32.237+0000] {logging_mixin.py:149} INFO - [2025-05-02T12:22:32.235+0000] {dag.py:2726} INFO - Sync 1 DAGs
[2025-05-02T12:22:32.315+0000] {logging_mixin.py:149} INFO - [2025-05-02T12:22:32.315+0000] {dag.py:3490} INFO - Setting next_dagrun for data_pipeline to 2025-05-01T00:00:00+00:00, run_after=2025-06-01T00:00:00+00:00
[2025-05-02T12:22:32.391+0000] {processor.py:178} INFO - Processing /opt/airflow/dags/data-pipeline.py took 1.374 seconds
[2025-05-02T12:23:02.999+0000] {processor.py:156} INFO - Started process (PID=760) to work on /opt/airflow/dags/data-pipeline.py
[2025-05-02T12:23:03.002+0000] {processor.py:799} INFO - Processing file /opt/airflow/dags/data-pipeline.py for tasks to queue
[2025-05-02T12:23:03.005+0000] {logging_mixin.py:149} INFO - [2025-05-02T12:23:03.005+0000] {dagbag.py:541} INFO - Filling up the DagBag from /opt/airflow/dags/data-pipeline.py
[2025-05-02T12:23:04.149+0000] {processor.py:809} INFO - DAG(s) dict_keys(['data_pipeline']) retrieved from /opt/airflow/dags/data-pipeline.py
[2025-05-02T12:23:04.238+0000] {logging_mixin.py:149} INFO - [2025-05-02T12:23:04.236+0000] {dag.py:2726} INFO - Sync 1 DAGs
[2025-05-02T12:23:04.339+0000] {logging_mixin.py:149} INFO - [2025-05-02T12:23:04.339+0000] {dag.py:3490} INFO - Setting next_dagrun for data_pipeline to 2025-05-01T00:00:00+00:00, run_after=2025-06-01T00:00:00+00:00
[2025-05-02T12:23:04.433+0000] {processor.py:178} INFO - Processing /opt/airflow/dags/data-pipeline.py took 1.440 seconds
[2025-05-02T12:23:35.006+0000] {processor.py:156} INFO - Started process (PID=794) to work on /opt/airflow/dags/data-pipeline.py
[2025-05-02T12:23:35.009+0000] {processor.py:799} INFO - Processing file /opt/airflow/dags/data-pipeline.py for tasks to queue
[2025-05-02T12:23:35.012+0000] {logging_mixin.py:149} INFO - [2025-05-02T12:23:35.012+0000] {dagbag.py:541} INFO - Filling up the DagBag from /opt/airflow/dags/data-pipeline.py
[2025-05-02T12:23:36.169+0000] {processor.py:809} INFO - DAG(s) dict_keys(['data_pipeline']) retrieved from /opt/airflow/dags/data-pipeline.py
[2025-05-02T12:23:36.253+0000] {logging_mixin.py:149} INFO - [2025-05-02T12:23:36.251+0000] {dag.py:2726} INFO - Sync 1 DAGs
[2025-05-02T12:23:36.328+0000] {logging_mixin.py:149} INFO - [2025-05-02T12:23:36.328+0000] {dag.py:3490} INFO - Setting next_dagrun for data_pipeline to 2025-05-01T00:00:00+00:00, run_after=2025-06-01T00:00:00+00:00
[2025-05-02T12:23:36.399+0000] {processor.py:178} INFO - Processing /opt/airflow/dags/data-pipeline.py took 1.399 seconds
[2025-05-02T12:24:06.948+0000] {processor.py:156} INFO - Started process (PID=828) to work on /opt/airflow/dags/data-pipeline.py
[2025-05-02T12:24:06.951+0000] {processor.py:799} INFO - Processing file /opt/airflow/dags/data-pipeline.py for tasks to queue
[2025-05-02T12:24:06.954+0000] {logging_mixin.py:149} INFO - [2025-05-02T12:24:06.954+0000] {dagbag.py:541} INFO - Filling up the DagBag from /opt/airflow/dags/data-pipeline.py
[2025-05-02T12:24:08.426+0000] {processor.py:809} INFO - DAG(s) dict_keys(['data_pipeline']) retrieved from /opt/airflow/dags/data-pipeline.py
[2025-05-02T12:24:08.528+0000] {logging_mixin.py:149} INFO - [2025-05-02T12:24:08.527+0000] {dag.py:2726} INFO - Sync 1 DAGs
[2025-05-02T12:24:08.610+0000] {logging_mixin.py:149} INFO - [2025-05-02T12:24:08.610+0000] {dag.py:3490} INFO - Setting next_dagrun for data_pipeline to 2025-05-01T00:00:00+00:00, run_after=2025-06-01T00:00:00+00:00
[2025-05-02T12:24:08.685+0000] {processor.py:178} INFO - Processing /opt/airflow/dags/data-pipeline.py took 1.747 seconds
[2025-05-02T12:24:39.381+0000] {processor.py:156} INFO - Started process (PID=862) to work on /opt/airflow/dags/data-pipeline.py
[2025-05-02T12:24:39.384+0000] {processor.py:799} INFO - Processing file /opt/airflow/dags/data-pipeline.py for tasks to queue
[2025-05-02T12:24:39.387+0000] {logging_mixin.py:149} INFO - [2025-05-02T12:24:39.386+0000] {dagbag.py:541} INFO - Filling up the DagBag from /opt/airflow/dags/data-pipeline.py
[2025-05-02T12:24:40.582+0000] {processor.py:809} INFO - DAG(s) dict_keys(['data_pipeline']) retrieved from /opt/airflow/dags/data-pipeline.py
[2025-05-02T12:24:40.734+0000] {logging_mixin.py:149} INFO - [2025-05-02T12:24:40.733+0000] {dag.py:2726} INFO - Sync 1 DAGs
[2025-05-02T12:24:40.830+0000] {logging_mixin.py:149} INFO - [2025-05-02T12:24:40.830+0000] {dag.py:3490} INFO - Setting next_dagrun for data_pipeline to 2025-05-01T00:00:00+00:00, run_after=2025-06-01T00:00:00+00:00
[2025-05-02T12:24:40.916+0000] {processor.py:178} INFO - Processing /opt/airflow/dags/data-pipeline.py took 1.543 seconds
[2025-05-02T12:25:11.417+0000] {processor.py:156} INFO - Started process (PID=896) to work on /opt/airflow/dags/data-pipeline.py
[2025-05-02T12:25:11.421+0000] {processor.py:799} INFO - Processing file /opt/airflow/dags/data-pipeline.py for tasks to queue
[2025-05-02T12:25:11.425+0000] {logging_mixin.py:149} INFO - [2025-05-02T12:25:11.424+0000] {dagbag.py:541} INFO - Filling up the DagBag from /opt/airflow/dags/data-pipeline.py
[2025-05-02T12:25:12.664+0000] {processor.py:809} INFO - DAG(s) dict_keys(['data_pipeline']) retrieved from /opt/airflow/dags/data-pipeline.py
[2025-05-02T12:25:12.824+0000] {logging_mixin.py:149} INFO - [2025-05-02T12:25:12.822+0000] {dag.py:2726} INFO - Sync 1 DAGs
[2025-05-02T12:25:12.921+0000] {logging_mixin.py:149} INFO - [2025-05-02T12:25:12.921+0000] {dag.py:3490} INFO - Setting next_dagrun for data_pipeline to 2025-05-01T00:00:00+00:00, run_after=2025-06-01T00:00:00+00:00
[2025-05-02T12:25:13.008+0000] {processor.py:178} INFO - Processing /opt/airflow/dags/data-pipeline.py took 1.606 seconds
[2025-05-02T12:25:43.662+0000] {processor.py:156} INFO - Started process (PID=930) to work on /opt/airflow/dags/data-pipeline.py
[2025-05-02T12:25:43.665+0000] {processor.py:799} INFO - Processing file /opt/airflow/dags/data-pipeline.py for tasks to queue
[2025-05-02T12:25:43.668+0000] {logging_mixin.py:149} INFO - [2025-05-02T12:25:43.668+0000] {dagbag.py:541} INFO - Filling up the DagBag from /opt/airflow/dags/data-pipeline.py
[2025-05-02T12:25:44.937+0000] {processor.py:809} INFO - DAG(s) dict_keys(['data_pipeline']) retrieved from /opt/airflow/dags/data-pipeline.py
[2025-05-02T12:25:45.043+0000] {logging_mixin.py:149} INFO - [2025-05-02T12:25:45.042+0000] {dag.py:2726} INFO - Sync 1 DAGs
[2025-05-02T12:25:45.138+0000] {logging_mixin.py:149} INFO - [2025-05-02T12:25:45.138+0000] {dag.py:3490} INFO - Setting next_dagrun for data_pipeline to 2025-05-01T00:00:00+00:00, run_after=2025-06-01T00:00:00+00:00
[2025-05-02T12:25:45.218+0000] {processor.py:178} INFO - Processing /opt/airflow/dags/data-pipeline.py took 1.565 seconds
[2025-05-02T12:26:15.837+0000] {processor.py:156} INFO - Started process (PID=964) to work on /opt/airflow/dags/data-pipeline.py
[2025-05-02T12:26:15.840+0000] {processor.py:799} INFO - Processing file /opt/airflow/dags/data-pipeline.py for tasks to queue
[2025-05-02T12:26:15.844+0000] {logging_mixin.py:149} INFO - [2025-05-02T12:26:15.843+0000] {dagbag.py:541} INFO - Filling up the DagBag from /opt/airflow/dags/data-pipeline.py
[2025-05-02T12:26:16.936+0000] {processor.py:809} INFO - DAG(s) dict_keys(['data_pipeline']) retrieved from /opt/airflow/dags/data-pipeline.py
[2025-05-02T12:26:17.024+0000] {logging_mixin.py:149} INFO - [2025-05-02T12:26:17.022+0000] {dag.py:2726} INFO - Sync 1 DAGs
[2025-05-02T12:26:17.116+0000] {logging_mixin.py:149} INFO - [2025-05-02T12:26:17.116+0000] {dag.py:3490} INFO - Setting next_dagrun for data_pipeline to 2025-05-01T00:00:00+00:00, run_after=2025-06-01T00:00:00+00:00
[2025-05-02T12:26:17.275+0000] {processor.py:178} INFO - Processing /opt/airflow/dags/data-pipeline.py took 1.447 seconds
[2025-05-02T12:26:47.905+0000] {processor.py:156} INFO - Started process (PID=998) to work on /opt/airflow/dags/data-pipeline.py
[2025-05-02T12:26:47.909+0000] {processor.py:799} INFO - Processing file /opt/airflow/dags/data-pipeline.py for tasks to queue
[2025-05-02T12:26:47.913+0000] {logging_mixin.py:149} INFO - [2025-05-02T12:26:47.912+0000] {dagbag.py:541} INFO - Filling up the DagBag from /opt/airflow/dags/data-pipeline.py
[2025-05-02T12:26:49.164+0000] {processor.py:809} INFO - DAG(s) dict_keys(['data_pipeline']) retrieved from /opt/airflow/dags/data-pipeline.py
[2025-05-02T12:26:49.297+0000] {logging_mixin.py:149} INFO - [2025-05-02T12:26:49.295+0000] {dag.py:2726} INFO - Sync 1 DAGs
[2025-05-02T12:26:49.377+0000] {logging_mixin.py:149} INFO - [2025-05-02T12:26:49.376+0000] {dag.py:3490} INFO - Setting next_dagrun for data_pipeline to 2025-05-01T00:00:00+00:00, run_after=2025-06-01T00:00:00+00:00
[2025-05-02T12:26:49.458+0000] {processor.py:178} INFO - Processing /opt/airflow/dags/data-pipeline.py took 1.566 seconds
[2025-05-02T12:27:20.044+0000] {processor.py:156} INFO - Started process (PID=1032) to work on /opt/airflow/dags/data-pipeline.py
[2025-05-02T12:27:20.047+0000] {processor.py:799} INFO - Processing file /opt/airflow/dags/data-pipeline.py for tasks to queue
[2025-05-02T12:27:20.049+0000] {logging_mixin.py:149} INFO - [2025-05-02T12:27:20.049+0000] {dagbag.py:541} INFO - Filling up the DagBag from /opt/airflow/dags/data-pipeline.py
[2025-05-02T12:27:21.376+0000] {processor.py:809} INFO - DAG(s) dict_keys(['data_pipeline']) retrieved from /opt/airflow/dags/data-pipeline.py
[2025-05-02T12:27:21.463+0000] {logging_mixin.py:149} INFO - [2025-05-02T12:27:21.461+0000] {dag.py:2726} INFO - Sync 1 DAGs
[2025-05-02T12:27:21.538+0000] {logging_mixin.py:149} INFO - [2025-05-02T12:27:21.538+0000] {dag.py:3490} INFO - Setting next_dagrun for data_pipeline to 2025-05-01T00:00:00+00:00, run_after=2025-06-01T00:00:00+00:00
[2025-05-02T12:27:21.609+0000] {processor.py:178} INFO - Processing /opt/airflow/dags/data-pipeline.py took 1.583 seconds
[2025-05-02T12:27:52.190+0000] {processor.py:156} INFO - Started process (PID=1066) to work on /opt/airflow/dags/data-pipeline.py
[2025-05-02T12:27:52.193+0000] {processor.py:799} INFO - Processing file /opt/airflow/dags/data-pipeline.py for tasks to queue
[2025-05-02T12:27:52.197+0000] {logging_mixin.py:149} INFO - [2025-05-02T12:27:52.195+0000] {dagbag.py:541} INFO - Filling up the DagBag from /opt/airflow/dags/data-pipeline.py
[2025-05-02T12:27:53.434+0000] {processor.py:809} INFO - DAG(s) dict_keys(['data_pipeline']) retrieved from /opt/airflow/dags/data-pipeline.py
[2025-05-02T12:27:53.560+0000] {logging_mixin.py:149} INFO - [2025-05-02T12:27:53.559+0000] {dag.py:2726} INFO - Sync 1 DAGs
[2025-05-02T12:27:53.644+0000] {logging_mixin.py:149} INFO - [2025-05-02T12:27:53.644+0000] {dag.py:3490} INFO - Setting next_dagrun for data_pipeline to 2025-05-01T00:00:00+00:00, run_after=2025-06-01T00:00:00+00:00
[2025-05-02T12:27:53.753+0000] {processor.py:178} INFO - Processing /opt/airflow/dags/data-pipeline.py took 1.569 seconds
[2025-05-02T12:28:24.398+0000] {processor.py:156} INFO - Started process (PID=1100) to work on /opt/airflow/dags/data-pipeline.py
[2025-05-02T12:28:24.401+0000] {processor.py:799} INFO - Processing file /opt/airflow/dags/data-pipeline.py for tasks to queue
[2025-05-02T12:28:24.404+0000] {logging_mixin.py:149} INFO - [2025-05-02T12:28:24.403+0000] {dagbag.py:541} INFO - Filling up the DagBag from /opt/airflow/dags/data-pipeline.py
[2025-05-02T12:28:25.674+0000] {processor.py:809} INFO - DAG(s) dict_keys(['data_pipeline']) retrieved from /opt/airflow/dags/data-pipeline.py
[2025-05-02T12:28:25.794+0000] {logging_mixin.py:149} INFO - [2025-05-02T12:28:25.793+0000] {dag.py:2726} INFO - Sync 1 DAGs
[2025-05-02T12:28:25.881+0000] {logging_mixin.py:149} INFO - [2025-05-02T12:28:25.881+0000] {dag.py:3490} INFO - Setting next_dagrun for data_pipeline to 2025-05-01T00:00:00+00:00, run_after=2025-06-01T00:00:00+00:00
[2025-05-02T12:28:25.964+0000] {processor.py:178} INFO - Processing /opt/airflow/dags/data-pipeline.py took 1.580 seconds
[2025-05-02T12:28:56.585+0000] {processor.py:156} INFO - Started process (PID=1134) to work on /opt/airflow/dags/data-pipeline.py
[2025-05-02T12:28:56.588+0000] {processor.py:799} INFO - Processing file /opt/airflow/dags/data-pipeline.py for tasks to queue
[2025-05-02T12:28:56.590+0000] {logging_mixin.py:149} INFO - [2025-05-02T12:28:56.590+0000] {dagbag.py:541} INFO - Filling up the DagBag from /opt/airflow/dags/data-pipeline.py
[2025-05-02T12:28:58.205+0000] {processor.py:809} INFO - DAG(s) dict_keys(['data_pipeline']) retrieved from /opt/airflow/dags/data-pipeline.py
[2025-05-02T12:28:58.278+0000] {logging_mixin.py:149} INFO - [2025-05-02T12:28:58.277+0000] {dag.py:2726} INFO - Sync 1 DAGs
[2025-05-02T12:28:58.347+0000] {logging_mixin.py:149} INFO - [2025-05-02T12:28:58.347+0000] {dag.py:3490} INFO - Setting next_dagrun for data_pipeline to 2025-05-01T00:00:00+00:00, run_after=2025-06-01T00:00:00+00:00
[2025-05-02T12:28:58.463+0000] {processor.py:178} INFO - Processing /opt/airflow/dags/data-pipeline.py took 1.886 seconds
[2025-05-02T12:29:29.105+0000] {processor.py:156} INFO - Started process (PID=1168) to work on /opt/airflow/dags/data-pipeline.py
[2025-05-02T12:29:29.108+0000] {processor.py:799} INFO - Processing file /opt/airflow/dags/data-pipeline.py for tasks to queue
[2025-05-02T12:29:29.111+0000] {logging_mixin.py:149} INFO - [2025-05-02T12:29:29.110+0000] {dagbag.py:541} INFO - Filling up the DagBag from /opt/airflow/dags/data-pipeline.py
[2025-05-02T12:29:30.298+0000] {processor.py:809} INFO - DAG(s) dict_keys(['data_pipeline']) retrieved from /opt/airflow/dags/data-pipeline.py
[2025-05-02T12:29:30.369+0000] {logging_mixin.py:149} INFO - [2025-05-02T12:29:30.367+0000] {dag.py:2726} INFO - Sync 1 DAGs
[2025-05-02T12:29:30.440+0000] {logging_mixin.py:149} INFO - [2025-05-02T12:29:30.440+0000] {dag.py:3490} INFO - Setting next_dagrun for data_pipeline to 2025-05-01T00:00:00+00:00, run_after=2025-06-01T00:00:00+00:00
[2025-05-02T12:29:30.564+0000] {processor.py:178} INFO - Processing /opt/airflow/dags/data-pipeline.py took 1.467 seconds
[2025-05-02T12:30:01.301+0000] {processor.py:156} INFO - Started process (PID=1202) to work on /opt/airflow/dags/data-pipeline.py
[2025-05-02T12:30:01.307+0000] {processor.py:799} INFO - Processing file /opt/airflow/dags/data-pipeline.py for tasks to queue
[2025-05-02T12:30:01.311+0000] {logging_mixin.py:149} INFO - [2025-05-02T12:30:01.310+0000] {dagbag.py:541} INFO - Filling up the DagBag from /opt/airflow/dags/data-pipeline.py
[2025-05-02T12:30:03.179+0000] {processor.py:809} INFO - DAG(s) dict_keys(['data_pipeline']) retrieved from /opt/airflow/dags/data-pipeline.py
[2025-05-02T12:30:03.344+0000] {logging_mixin.py:149} INFO - [2025-05-02T12:30:03.342+0000] {dag.py:2726} INFO - Sync 1 DAGs
[2025-05-02T12:30:03.461+0000] {logging_mixin.py:149} INFO - [2025-05-02T12:30:03.460+0000] {dag.py:3490} INFO - Setting next_dagrun for data_pipeline to 2025-05-01T00:00:00+00:00, run_after=2025-06-01T00:00:00+00:00
[2025-05-02T12:30:03.588+0000] {processor.py:178} INFO - Processing /opt/airflow/dags/data-pipeline.py took 2.300 seconds
[2025-05-02T12:30:34.210+0000] {processor.py:156} INFO - Started process (PID=1236) to work on /opt/airflow/dags/data-pipeline.py
[2025-05-02T12:30:34.216+0000] {processor.py:799} INFO - Processing file /opt/airflow/dags/data-pipeline.py for tasks to queue
[2025-05-02T12:30:34.219+0000] {logging_mixin.py:149} INFO - [2025-05-02T12:30:34.218+0000] {dagbag.py:541} INFO - Filling up the DagBag from /opt/airflow/dags/data-pipeline.py
[2025-05-02T12:30:35.706+0000] {processor.py:809} INFO - DAG(s) dict_keys(['data_pipeline']) retrieved from /opt/airflow/dags/data-pipeline.py
[2025-05-02T12:30:35.817+0000] {logging_mixin.py:149} INFO - [2025-05-02T12:30:35.816+0000] {dag.py:2726} INFO - Sync 1 DAGs
[2025-05-02T12:30:35.920+0000] {logging_mixin.py:149} INFO - [2025-05-02T12:30:35.920+0000] {dag.py:3490} INFO - Setting next_dagrun for data_pipeline to 2025-05-01T00:00:00+00:00, run_after=2025-06-01T00:00:00+00:00
[2025-05-02T12:30:36.051+0000] {processor.py:178} INFO - Processing /opt/airflow/dags/data-pipeline.py took 1.849 seconds
[2025-05-02T12:31:06.740+0000] {processor.py:156} INFO - Started process (PID=1270) to work on /opt/airflow/dags/data-pipeline.py
[2025-05-02T12:31:06.743+0000] {processor.py:799} INFO - Processing file /opt/airflow/dags/data-pipeline.py for tasks to queue
[2025-05-02T12:31:06.746+0000] {logging_mixin.py:149} INFO - [2025-05-02T12:31:06.745+0000] {dagbag.py:541} INFO - Filling up the DagBag from /opt/airflow/dags/data-pipeline.py
[2025-05-02T12:31:08.289+0000] {processor.py:809} INFO - DAG(s) dict_keys(['data_pipeline']) retrieved from /opt/airflow/dags/data-pipeline.py
[2025-05-02T12:31:08.377+0000] {logging_mixin.py:149} INFO - [2025-05-02T12:31:08.376+0000] {dag.py:2726} INFO - Sync 1 DAGs
[2025-05-02T12:31:08.461+0000] {logging_mixin.py:149} INFO - [2025-05-02T12:31:08.460+0000] {dag.py:3490} INFO - Setting next_dagrun for data_pipeline to 2025-05-01T00:00:00+00:00, run_after=2025-06-01T00:00:00+00:00
[2025-05-02T12:31:08.551+0000] {processor.py:178} INFO - Processing /opt/airflow/dags/data-pipeline.py took 1.825 seconds
[2025-05-02T12:31:39.283+0000] {processor.py:156} INFO - Started process (PID=1304) to work on /opt/airflow/dags/data-pipeline.py
[2025-05-02T12:31:39.285+0000] {processor.py:799} INFO - Processing file /opt/airflow/dags/data-pipeline.py for tasks to queue
[2025-05-02T12:31:39.288+0000] {logging_mixin.py:149} INFO - [2025-05-02T12:31:39.287+0000] {dagbag.py:541} INFO - Filling up the DagBag from /opt/airflow/dags/data-pipeline.py
[2025-05-02T12:31:40.657+0000] {processor.py:809} INFO - DAG(s) dict_keys(['data_pipeline']) retrieved from /opt/airflow/dags/data-pipeline.py
[2025-05-02T12:31:40.747+0000] {logging_mixin.py:149} INFO - [2025-05-02T12:31:40.745+0000] {dag.py:2726} INFO - Sync 1 DAGs
[2025-05-02T12:31:40.902+0000] {logging_mixin.py:149} INFO - [2025-05-02T12:31:40.901+0000] {dag.py:3490} INFO - Setting next_dagrun for data_pipeline to 2025-05-01T00:00:00+00:00, run_after=2025-06-01T00:00:00+00:00
[2025-05-02T12:31:41.060+0000] {processor.py:178} INFO - Processing /opt/airflow/dags/data-pipeline.py took 1.784 seconds
[2025-05-02T12:32:11.661+0000] {processor.py:156} INFO - Started process (PID=1338) to work on /opt/airflow/dags/data-pipeline.py
[2025-05-02T12:32:11.664+0000] {processor.py:799} INFO - Processing file /opt/airflow/dags/data-pipeline.py for tasks to queue
[2025-05-02T12:32:11.667+0000] {logging_mixin.py:149} INFO - [2025-05-02T12:32:11.667+0000] {dagbag.py:541} INFO - Filling up the DagBag from /opt/airflow/dags/data-pipeline.py
[2025-05-02T12:32:13.052+0000] {processor.py:809} INFO - DAG(s) dict_keys(['data_pipeline']) retrieved from /opt/airflow/dags/data-pipeline.py
[2025-05-02T12:32:13.148+0000] {logging_mixin.py:149} INFO - [2025-05-02T12:32:13.147+0000] {dag.py:2726} INFO - Sync 1 DAGs
[2025-05-02T12:32:13.264+0000] {logging_mixin.py:149} INFO - [2025-05-02T12:32:13.263+0000] {dag.py:3490} INFO - Setting next_dagrun for data_pipeline to 2025-05-01T00:00:00+00:00, run_after=2025-06-01T00:00:00+00:00
[2025-05-02T12:32:13.345+0000] {processor.py:178} INFO - Processing /opt/airflow/dags/data-pipeline.py took 1.693 seconds
[2025-05-02T12:32:43.982+0000] {processor.py:156} INFO - Started process (PID=1372) to work on /opt/airflow/dags/data-pipeline.py
[2025-05-02T12:32:43.986+0000] {processor.py:799} INFO - Processing file /opt/airflow/dags/data-pipeline.py for tasks to queue
[2025-05-02T12:32:43.990+0000] {logging_mixin.py:149} INFO - [2025-05-02T12:32:43.989+0000] {dagbag.py:541} INFO - Filling up the DagBag from /opt/airflow/dags/data-pipeline.py
[2025-05-02T12:32:45.463+0000] {processor.py:809} INFO - DAG(s) dict_keys(['data_pipeline']) retrieved from /opt/airflow/dags/data-pipeline.py
[2025-05-02T12:32:45.553+0000] {logging_mixin.py:149} INFO - [2025-05-02T12:32:45.551+0000] {dag.py:2726} INFO - Sync 1 DAGs
[2025-05-02T12:32:45.655+0000] {logging_mixin.py:149} INFO - [2025-05-02T12:32:45.654+0000] {dag.py:3490} INFO - Setting next_dagrun for data_pipeline to 2025-05-01T00:00:00+00:00, run_after=2025-06-01T00:00:00+00:00
[2025-05-02T12:32:45.753+0000] {processor.py:178} INFO - Processing /opt/airflow/dags/data-pipeline.py took 1.782 seconds
[2025-05-02T12:33:16.345+0000] {processor.py:156} INFO - Started process (PID=1406) to work on /opt/airflow/dags/data-pipeline.py
[2025-05-02T12:33:16.347+0000] {processor.py:799} INFO - Processing file /opt/airflow/dags/data-pipeline.py for tasks to queue
[2025-05-02T12:33:16.350+0000] {logging_mixin.py:149} INFO - [2025-05-02T12:33:16.350+0000] {dagbag.py:541} INFO - Filling up the DagBag from /opt/airflow/dags/data-pipeline.py
[2025-05-02T12:33:17.748+0000] {processor.py:809} INFO - DAG(s) dict_keys(['data_pipeline']) retrieved from /opt/airflow/dags/data-pipeline.py
[2025-05-02T12:33:17.880+0000] {logging_mixin.py:149} INFO - [2025-05-02T12:33:17.878+0000] {dag.py:2726} INFO - Sync 1 DAGs
[2025-05-02T12:33:18.051+0000] {logging_mixin.py:149} INFO - [2025-05-02T12:33:18.051+0000] {dag.py:3490} INFO - Setting next_dagrun for data_pipeline to 2025-05-01T00:00:00+00:00, run_after=2025-06-01T00:00:00+00:00
[2025-05-02T12:33:18.192+0000] {processor.py:178} INFO - Processing /opt/airflow/dags/data-pipeline.py took 1.856 seconds
[2025-05-02T12:33:48.832+0000] {processor.py:156} INFO - Started process (PID=1440) to work on /opt/airflow/dags/data-pipeline.py
[2025-05-02T12:33:48.835+0000] {processor.py:799} INFO - Processing file /opt/airflow/dags/data-pipeline.py for tasks to queue
[2025-05-02T12:33:48.838+0000] {logging_mixin.py:149} INFO - [2025-05-02T12:33:48.838+0000] {dagbag.py:541} INFO - Filling up the DagBag from /opt/airflow/dags/data-pipeline.py
[2025-05-02T12:33:49.997+0000] {processor.py:809} INFO - DAG(s) dict_keys(['data_pipeline']) retrieved from /opt/airflow/dags/data-pipeline.py
[2025-05-02T12:33:50.079+0000] {logging_mixin.py:149} INFO - [2025-05-02T12:33:50.078+0000] {dag.py:2726} INFO - Sync 1 DAGs
[2025-05-02T12:33:50.172+0000] {logging_mixin.py:149} INFO - [2025-05-02T12:33:50.171+0000] {dag.py:3490} INFO - Setting next_dagrun for data_pipeline to 2025-05-01T00:00:00+00:00, run_after=2025-06-01T00:00:00+00:00
[2025-05-02T12:33:50.283+0000] {processor.py:178} INFO - Processing /opt/airflow/dags/data-pipeline.py took 1.457 seconds
[2025-05-02T12:34:20.747+0000] {processor.py:156} INFO - Started process (PID=1474) to work on /opt/airflow/dags/data-pipeline.py
[2025-05-02T12:34:20.751+0000] {processor.py:799} INFO - Processing file /opt/airflow/dags/data-pipeline.py for tasks to queue
[2025-05-02T12:34:20.753+0000] {logging_mixin.py:149} INFO - [2025-05-02T12:34:20.753+0000] {dagbag.py:541} INFO - Filling up the DagBag from /opt/airflow/dags/data-pipeline.py
[2025-05-02T12:34:22.005+0000] {processor.py:809} INFO - DAG(s) dict_keys(['data_pipeline']) retrieved from /opt/airflow/dags/data-pipeline.py
[2025-05-02T12:34:22.159+0000] {logging_mixin.py:149} INFO - [2025-05-02T12:34:22.158+0000] {dag.py:2726} INFO - Sync 1 DAGs
[2025-05-02T12:34:22.238+0000] {logging_mixin.py:149} INFO - [2025-05-02T12:34:22.238+0000] {dag.py:3490} INFO - Setting next_dagrun for data_pipeline to 2025-05-01T00:00:00+00:00, run_after=2025-06-01T00:00:00+00:00
[2025-05-02T12:34:22.326+0000] {processor.py:178} INFO - Processing /opt/airflow/dags/data-pipeline.py took 1.586 seconds
[2025-05-02T12:34:52.924+0000] {processor.py:156} INFO - Started process (PID=1508) to work on /opt/airflow/dags/data-pipeline.py
[2025-05-02T12:34:52.927+0000] {processor.py:799} INFO - Processing file /opt/airflow/dags/data-pipeline.py for tasks to queue
[2025-05-02T12:34:52.930+0000] {logging_mixin.py:149} INFO - [2025-05-02T12:34:52.929+0000] {dagbag.py:541} INFO - Filling up the DagBag from /opt/airflow/dags/data-pipeline.py
[2025-05-02T12:34:54.208+0000] {processor.py:809} INFO - DAG(s) dict_keys(['data_pipeline']) retrieved from /opt/airflow/dags/data-pipeline.py
[2025-05-02T12:34:54.310+0000] {logging_mixin.py:149} INFO - [2025-05-02T12:34:54.308+0000] {dag.py:2726} INFO - Sync 1 DAGs
[2025-05-02T12:34:54.401+0000] {logging_mixin.py:149} INFO - [2025-05-02T12:34:54.401+0000] {dag.py:3490} INFO - Setting next_dagrun for data_pipeline to 2025-05-01T00:00:00+00:00, run_after=2025-06-01T00:00:00+00:00
[2025-05-02T12:34:54.473+0000] {processor.py:178} INFO - Processing /opt/airflow/dags/data-pipeline.py took 1.561 seconds
[2025-05-02T12:35:24.952+0000] {processor.py:156} INFO - Started process (PID=1542) to work on /opt/airflow/dags/data-pipeline.py
[2025-05-02T12:35:24.956+0000] {processor.py:799} INFO - Processing file /opt/airflow/dags/data-pipeline.py for tasks to queue
[2025-05-02T12:35:24.958+0000] {logging_mixin.py:149} INFO - [2025-05-02T12:35:24.958+0000] {dagbag.py:541} INFO - Filling up the DagBag from /opt/airflow/dags/data-pipeline.py
[2025-05-02T12:35:26.111+0000] {processor.py:809} INFO - DAG(s) dict_keys(['data_pipeline']) retrieved from /opt/airflow/dags/data-pipeline.py
[2025-05-02T12:35:26.243+0000] {logging_mixin.py:149} INFO - [2025-05-02T12:35:26.242+0000] {dag.py:2726} INFO - Sync 1 DAGs
[2025-05-02T12:35:26.322+0000] {logging_mixin.py:149} INFO - [2025-05-02T12:35:26.322+0000] {dag.py:3490} INFO - Setting next_dagrun for data_pipeline to 2025-05-01T00:00:00+00:00, run_after=2025-06-01T00:00:00+00:00
[2025-05-02T12:35:26.419+0000] {processor.py:178} INFO - Processing /opt/airflow/dags/data-pipeline.py took 1.475 seconds
[2025-05-02T12:35:56.944+0000] {processor.py:156} INFO - Started process (PID=1576) to work on /opt/airflow/dags/data-pipeline.py
[2025-05-02T12:35:56.946+0000] {processor.py:799} INFO - Processing file /opt/airflow/dags/data-pipeline.py for tasks to queue
[2025-05-02T12:35:56.948+0000] {logging_mixin.py:149} INFO - [2025-05-02T12:35:56.948+0000] {dagbag.py:541} INFO - Filling up the DagBag from /opt/airflow/dags/data-pipeline.py
[2025-05-02T12:35:58.611+0000] {processor.py:809} INFO - DAG(s) dict_keys(['data_pipeline']) retrieved from /opt/airflow/dags/data-pipeline.py
[2025-05-02T12:35:58.696+0000] {logging_mixin.py:149} INFO - [2025-05-02T12:35:58.695+0000] {dag.py:2726} INFO - Sync 1 DAGs
[2025-05-02T12:35:58.842+0000] {logging_mixin.py:149} INFO - [2025-05-02T12:35:58.841+0000] {dag.py:3490} INFO - Setting next_dagrun for data_pipeline to 2025-05-01T00:00:00+00:00, run_after=2025-06-01T00:00:00+00:00
[2025-05-02T12:35:58.927+0000] {processor.py:178} INFO - Processing /opt/airflow/dags/data-pipeline.py took 1.990 seconds
[2025-05-02T12:36:29.376+0000] {processor.py:156} INFO - Started process (PID=1610) to work on /opt/airflow/dags/data-pipeline.py
[2025-05-02T12:36:29.379+0000] {processor.py:799} INFO - Processing file /opt/airflow/dags/data-pipeline.py for tasks to queue
[2025-05-02T12:36:29.382+0000] {logging_mixin.py:149} INFO - [2025-05-02T12:36:29.381+0000] {dagbag.py:541} INFO - Filling up the DagBag from /opt/airflow/dags/data-pipeline.py
[2025-05-02T12:36:30.663+0000] {processor.py:809} INFO - DAG(s) dict_keys(['data_pipeline']) retrieved from /opt/airflow/dags/data-pipeline.py
[2025-05-02T12:36:30.738+0000] {logging_mixin.py:149} INFO - [2025-05-02T12:36:30.736+0000] {dag.py:2726} INFO - Sync 1 DAGs
[2025-05-02T12:36:30.814+0000] {logging_mixin.py:149} INFO - [2025-05-02T12:36:30.814+0000] {dag.py:3490} INFO - Setting next_dagrun for data_pipeline to 2025-05-01T00:00:00+00:00, run_after=2025-06-01T00:00:00+00:00
[2025-05-02T12:36:30.886+0000] {processor.py:178} INFO - Processing /opt/airflow/dags/data-pipeline.py took 1.525 seconds
[2025-05-02T12:37:01.556+0000] {processor.py:156} INFO - Started process (PID=1644) to work on /opt/airflow/dags/data-pipeline.py
[2025-05-02T12:37:01.559+0000] {processor.py:799} INFO - Processing file /opt/airflow/dags/data-pipeline.py for tasks to queue
[2025-05-02T12:37:01.562+0000] {logging_mixin.py:149} INFO - [2025-05-02T12:37:01.561+0000] {dagbag.py:541} INFO - Filling up the DagBag from /opt/airflow/dags/data-pipeline.py
[2025-05-02T12:37:02.823+0000] {processor.py:809} INFO - DAG(s) dict_keys(['data_pipeline']) retrieved from /opt/airflow/dags/data-pipeline.py
[2025-05-02T12:37:02.914+0000] {logging_mixin.py:149} INFO - [2025-05-02T12:37:02.913+0000] {dag.py:2726} INFO - Sync 1 DAGs
[2025-05-02T12:37:03.025+0000] {logging_mixin.py:149} INFO - [2025-05-02T12:37:03.025+0000] {dag.py:3490} INFO - Setting next_dagrun for data_pipeline to 2025-05-01T00:00:00+00:00, run_after=2025-06-01T00:00:00+00:00
[2025-05-02T12:37:03.106+0000] {processor.py:178} INFO - Processing /opt/airflow/dags/data-pipeline.py took 1.560 seconds
[2025-05-02T12:37:33.699+0000] {processor.py:156} INFO - Started process (PID=1678) to work on /opt/airflow/dags/data-pipeline.py
[2025-05-02T12:37:33.702+0000] {processor.py:799} INFO - Processing file /opt/airflow/dags/data-pipeline.py for tasks to queue
[2025-05-02T12:37:33.706+0000] {logging_mixin.py:149} INFO - [2025-05-02T12:37:33.705+0000] {dagbag.py:541} INFO - Filling up the DagBag from /opt/airflow/dags/data-pipeline.py
[2025-05-02T12:37:35.076+0000] {processor.py:809} INFO - DAG(s) dict_keys(['data_pipeline']) retrieved from /opt/airflow/dags/data-pipeline.py
[2025-05-02T12:37:35.195+0000] {logging_mixin.py:149} INFO - [2025-05-02T12:37:35.194+0000] {dag.py:2726} INFO - Sync 1 DAGs
[2025-05-02T12:37:35.268+0000] {logging_mixin.py:149} INFO - [2025-05-02T12:37:35.268+0000] {dag.py:3490} INFO - Setting next_dagrun for data_pipeline to 2025-05-01T00:00:00+00:00, run_after=2025-06-01T00:00:00+00:00
[2025-05-02T12:37:35.410+0000] {processor.py:178} INFO - Processing /opt/airflow/dags/data-pipeline.py took 1.723 seconds
[2025-05-02T12:38:05.937+0000] {processor.py:156} INFO - Started process (PID=1712) to work on /opt/airflow/dags/data-pipeline.py
[2025-05-02T12:38:05.940+0000] {processor.py:799} INFO - Processing file /opt/airflow/dags/data-pipeline.py for tasks to queue
[2025-05-02T12:38:05.943+0000] {logging_mixin.py:149} INFO - [2025-05-02T12:38:05.942+0000] {dagbag.py:541} INFO - Filling up the DagBag from /opt/airflow/dags/data-pipeline.py
[2025-05-02T12:38:07.223+0000] {processor.py:809} INFO - DAG(s) dict_keys(['data_pipeline']) retrieved from /opt/airflow/dags/data-pipeline.py
[2025-05-02T12:38:07.324+0000] {logging_mixin.py:149} INFO - [2025-05-02T12:38:07.322+0000] {dag.py:2726} INFO - Sync 1 DAGs
[2025-05-02T12:38:07.422+0000] {logging_mixin.py:149} INFO - [2025-05-02T12:38:07.421+0000] {dag.py:3490} INFO - Setting next_dagrun for data_pipeline to 2025-05-01T00:00:00+00:00, run_after=2025-06-01T00:00:00+00:00
[2025-05-02T12:38:07.502+0000] {processor.py:178} INFO - Processing /opt/airflow/dags/data-pipeline.py took 1.579 seconds
[2025-05-02T12:38:38.120+0000] {processor.py:156} INFO - Started process (PID=1746) to work on /opt/airflow/dags/data-pipeline.py
[2025-05-02T12:38:38.124+0000] {processor.py:799} INFO - Processing file /opt/airflow/dags/data-pipeline.py for tasks to queue
[2025-05-02T12:38:38.128+0000] {logging_mixin.py:149} INFO - [2025-05-02T12:38:38.127+0000] {dagbag.py:541} INFO - Filling up the DagBag from /opt/airflow/dags/data-pipeline.py
[2025-05-02T12:38:39.910+0000] {processor.py:809} INFO - DAG(s) dict_keys(['data_pipeline']) retrieved from /opt/airflow/dags/data-pipeline.py
[2025-05-02T12:38:40.050+0000] {logging_mixin.py:149} INFO - [2025-05-02T12:38:40.048+0000] {dag.py:2726} INFO - Sync 1 DAGs
[2025-05-02T12:38:40.168+0000] {logging_mixin.py:149} INFO - [2025-05-02T12:38:40.167+0000] {dag.py:3490} INFO - Setting next_dagrun for data_pipeline to 2025-05-01T00:00:00+00:00, run_after=2025-06-01T00:00:00+00:00
[2025-05-02T12:38:40.267+0000] {processor.py:178} INFO - Processing /opt/airflow/dags/data-pipeline.py took 2.157 seconds
[2025-05-02T12:39:11.198+0000] {processor.py:156} INFO - Started process (PID=1780) to work on /opt/airflow/dags/data-pipeline.py
[2025-05-02T12:39:11.208+0000] {processor.py:799} INFO - Processing file /opt/airflow/dags/data-pipeline.py for tasks to queue
[2025-05-02T12:39:11.213+0000] {logging_mixin.py:149} INFO - [2025-05-02T12:39:11.212+0000] {dagbag.py:541} INFO - Filling up the DagBag from /opt/airflow/dags/data-pipeline.py
[2025-05-02T12:39:13.210+0000] {processor.py:809} INFO - DAG(s) dict_keys(['data_pipeline']) retrieved from /opt/airflow/dags/data-pipeline.py
[2025-05-02T12:39:13.368+0000] {logging_mixin.py:149} INFO - [2025-05-02T12:39:13.367+0000] {dag.py:2726} INFO - Sync 1 DAGs
[2025-05-02T12:39:13.491+0000] {logging_mixin.py:149} INFO - [2025-05-02T12:39:13.490+0000] {dag.py:3490} INFO - Setting next_dagrun for data_pipeline to 2025-05-01T00:00:00+00:00, run_after=2025-06-01T00:00:00+00:00
[2025-05-02T12:39:13.586+0000] {processor.py:178} INFO - Processing /opt/airflow/dags/data-pipeline.py took 2.443 seconds
[2025-05-02T12:39:43.804+0000] {processor.py:156} INFO - Started process (PID=1814) to work on /opt/airflow/dags/data-pipeline.py
[2025-05-02T12:39:43.813+0000] {processor.py:799} INFO - Processing file /opt/airflow/dags/data-pipeline.py for tasks to queue
[2025-05-02T12:39:43.816+0000] {logging_mixin.py:149} INFO - [2025-05-02T12:39:43.816+0000] {dagbag.py:541} INFO - Filling up the DagBag from /opt/airflow/dags/data-pipeline.py
[2025-05-02T12:39:45.395+0000] {processor.py:809} INFO - DAG(s) dict_keys(['data_pipeline']) retrieved from /opt/airflow/dags/data-pipeline.py
[2025-05-02T12:39:45.497+0000] {logging_mixin.py:149} INFO - [2025-05-02T12:39:45.496+0000] {dag.py:2726} INFO - Sync 1 DAGs
[2025-05-02T12:39:45.586+0000] {logging_mixin.py:149} INFO - [2025-05-02T12:39:45.586+0000] {dag.py:3490} INFO - Setting next_dagrun for data_pipeline to 2025-05-01T00:00:00+00:00, run_after=2025-06-01T00:00:00+00:00
[2025-05-02T12:39:45.686+0000] {processor.py:178} INFO - Processing /opt/airflow/dags/data-pipeline.py took 1.896 seconds
[2025-05-02T12:40:15.834+0000] {processor.py:156} INFO - Started process (PID=1845) to work on /opt/airflow/dags/data-pipeline.py
[2025-05-02T12:40:15.836+0000] {processor.py:799} INFO - Processing file /opt/airflow/dags/data-pipeline.py for tasks to queue
[2025-05-02T12:40:15.838+0000] {logging_mixin.py:149} INFO - [2025-05-02T12:40:15.838+0000] {dagbag.py:541} INFO - Filling up the DagBag from /opt/airflow/dags/data-pipeline.py
[2025-05-02T12:40:17.070+0000] {processor.py:809} INFO - DAG(s) dict_keys(['data_pipeline']) retrieved from /opt/airflow/dags/data-pipeline.py
[2025-05-02T12:40:17.177+0000] {logging_mixin.py:149} INFO - [2025-05-02T12:40:17.172+0000] {dag.py:2726} INFO - Sync 1 DAGs
[2025-05-02T12:40:17.284+0000] {logging_mixin.py:149} INFO - [2025-05-02T12:40:17.284+0000] {dag.py:3490} INFO - Setting next_dagrun for data_pipeline to 2025-05-01T00:00:00+00:00, run_after=2025-06-01T00:00:00+00:00
[2025-05-02T12:40:17.375+0000] {processor.py:178} INFO - Processing /opt/airflow/dags/data-pipeline.py took 1.549 seconds
[2025-05-02T12:40:47.505+0000] {processor.py:156} INFO - Started process (PID=1879) to work on /opt/airflow/dags/data-pipeline.py
[2025-05-02T12:40:47.510+0000] {processor.py:799} INFO - Processing file /opt/airflow/dags/data-pipeline.py for tasks to queue
[2025-05-02T12:40:47.512+0000] {logging_mixin.py:149} INFO - [2025-05-02T12:40:47.512+0000] {dagbag.py:541} INFO - Filling up the DagBag from /opt/airflow/dags/data-pipeline.py
[2025-05-02T12:40:48.907+0000] {processor.py:809} INFO - DAG(s) dict_keys(['data_pipeline']) retrieved from /opt/airflow/dags/data-pipeline.py
[2025-05-02T12:40:48.988+0000] {logging_mixin.py:149} INFO - [2025-05-02T12:40:48.987+0000] {dag.py:2726} INFO - Sync 1 DAGs
[2025-05-02T12:40:49.083+0000] {logging_mixin.py:149} INFO - [2025-05-02T12:40:49.083+0000] {dag.py:3490} INFO - Setting next_dagrun for data_pipeline to 2025-05-01T00:00:00+00:00, run_after=2025-06-01T00:00:00+00:00
[2025-05-02T12:40:49.164+0000] {processor.py:178} INFO - Processing /opt/airflow/dags/data-pipeline.py took 1.667 seconds
[2025-05-02T12:41:19.373+0000] {processor.py:156} INFO - Started process (PID=1913) to work on /opt/airflow/dags/data-pipeline.py
[2025-05-02T12:41:19.377+0000] {processor.py:799} INFO - Processing file /opt/airflow/dags/data-pipeline.py for tasks to queue
[2025-05-02T12:41:19.379+0000] {logging_mixin.py:149} INFO - [2025-05-02T12:41:19.379+0000] {dagbag.py:541} INFO - Filling up the DagBag from /opt/airflow/dags/data-pipeline.py
[2025-05-02T12:41:20.516+0000] {processor.py:809} INFO - DAG(s) dict_keys(['data_pipeline']) retrieved from /opt/airflow/dags/data-pipeline.py
[2025-05-02T12:41:20.686+0000] {logging_mixin.py:149} INFO - [2025-05-02T12:41:20.685+0000] {dag.py:2726} INFO - Sync 1 DAGs
[2025-05-02T12:41:20.771+0000] {logging_mixin.py:149} INFO - [2025-05-02T12:41:20.771+0000] {dag.py:3490} INFO - Setting next_dagrun for data_pipeline to 2025-05-01T00:00:00+00:00, run_after=2025-06-01T00:00:00+00:00
[2025-05-02T12:41:20.849+0000] {processor.py:178} INFO - Processing /opt/airflow/dags/data-pipeline.py took 1.486 seconds
[2025-05-02T12:41:51.211+0000] {processor.py:156} INFO - Started process (PID=1947) to work on /opt/airflow/dags/data-pipeline.py
[2025-05-02T12:41:51.214+0000] {processor.py:799} INFO - Processing file /opt/airflow/dags/data-pipeline.py for tasks to queue
[2025-05-02T12:41:51.216+0000] {logging_mixin.py:149} INFO - [2025-05-02T12:41:51.216+0000] {dagbag.py:541} INFO - Filling up the DagBag from /opt/airflow/dags/data-pipeline.py
[2025-05-02T12:41:52.375+0000] {processor.py:809} INFO - DAG(s) dict_keys(['data_pipeline']) retrieved from /opt/airflow/dags/data-pipeline.py
[2025-05-02T12:41:52.468+0000] {logging_mixin.py:149} INFO - [2025-05-02T12:41:52.462+0000] {dag.py:2726} INFO - Sync 1 DAGs
[2025-05-02T12:41:52.560+0000] {logging_mixin.py:149} INFO - [2025-05-02T12:41:52.559+0000] {dag.py:3490} INFO - Setting next_dagrun for data_pipeline to 2025-05-01T00:00:00+00:00, run_after=2025-06-01T00:00:00+00:00
[2025-05-02T12:41:52.647+0000] {processor.py:178} INFO - Processing /opt/airflow/dags/data-pipeline.py took 1.466 seconds
[2025-05-02T12:42:22.904+0000] {processor.py:156} INFO - Started process (PID=1981) to work on /opt/airflow/dags/data-pipeline.py
[2025-05-02T12:42:22.907+0000] {processor.py:799} INFO - Processing file /opt/airflow/dags/data-pipeline.py for tasks to queue
[2025-05-02T12:42:22.909+0000] {logging_mixin.py:149} INFO - [2025-05-02T12:42:22.908+0000] {dagbag.py:541} INFO - Filling up the DagBag from /opt/airflow/dags/data-pipeline.py
[2025-05-02T12:42:24.010+0000] {processor.py:809} INFO - DAG(s) dict_keys(['data_pipeline']) retrieved from /opt/airflow/dags/data-pipeline.py
[2025-05-02T12:42:24.099+0000] {logging_mixin.py:149} INFO - [2025-05-02T12:42:24.097+0000] {dag.py:2726} INFO - Sync 1 DAGs
[2025-05-02T12:42:24.180+0000] {logging_mixin.py:149} INFO - [2025-05-02T12:42:24.180+0000] {dag.py:3490} INFO - Setting next_dagrun for data_pipeline to 2025-05-01T00:00:00+00:00, run_after=2025-06-01T00:00:00+00:00
[2025-05-02T12:42:24.269+0000] {processor.py:178} INFO - Processing /opt/airflow/dags/data-pipeline.py took 1.374 seconds
[2025-05-02T12:42:54.494+0000] {processor.py:156} INFO - Started process (PID=2015) to work on /opt/airflow/dags/data-pipeline.py
[2025-05-02T12:42:54.497+0000] {processor.py:799} INFO - Processing file /opt/airflow/dags/data-pipeline.py for tasks to queue
[2025-05-02T12:42:54.499+0000] {logging_mixin.py:149} INFO - [2025-05-02T12:42:54.499+0000] {dagbag.py:541} INFO - Filling up the DagBag from /opt/airflow/dags/data-pipeline.py
[2025-05-02T12:42:55.576+0000] {processor.py:809} INFO - DAG(s) dict_keys(['data_pipeline']) retrieved from /opt/airflow/dags/data-pipeline.py
[2025-05-02T12:42:55.662+0000] {logging_mixin.py:149} INFO - [2025-05-02T12:42:55.660+0000] {dag.py:2726} INFO - Sync 1 DAGs
[2025-05-02T12:43:01.144+0000] {logging_mixin.py:149} INFO - [2025-05-02T12:43:01.144+0000] {dag.py:3490} INFO - Setting next_dagrun for data_pipeline to 2025-05-01T00:00:00+00:00, run_after=2025-06-01T00:00:00+00:00
[2025-05-02T12:43:01.226+0000] {processor.py:178} INFO - Processing /opt/airflow/dags/data-pipeline.py took 6.746 seconds
[2025-05-02T12:43:31.825+0000] {processor.py:156} INFO - Started process (PID=2066) to work on /opt/airflow/dags/data-pipeline.py
[2025-05-02T12:43:31.827+0000] {processor.py:799} INFO - Processing file /opt/airflow/dags/data-pipeline.py for tasks to queue
[2025-05-02T12:43:31.830+0000] {logging_mixin.py:149} INFO - [2025-05-02T12:43:31.830+0000] {dagbag.py:541} INFO - Filling up the DagBag from /opt/airflow/dags/data-pipeline.py
[2025-05-02T12:43:32.799+0000] {processor.py:809} INFO - DAG(s) dict_keys(['data_pipeline']) retrieved from /opt/airflow/dags/data-pipeline.py
[2025-05-02T12:43:32.948+0000] {logging_mixin.py:149} INFO - [2025-05-02T12:43:32.947+0000] {dag.py:2726} INFO - Sync 1 DAGs
[2025-05-02T12:43:33.033+0000] {logging_mixin.py:149} INFO - [2025-05-02T12:43:33.033+0000] {dag.py:3490} INFO - Setting next_dagrun for data_pipeline to 2025-05-01T00:00:00+00:00, run_after=2025-06-01T00:00:00+00:00
[2025-05-02T12:43:33.105+0000] {processor.py:178} INFO - Processing /opt/airflow/dags/data-pipeline.py took 1.287 seconds
[2025-05-02T12:44:03.647+0000] {processor.py:156} INFO - Started process (PID=2100) to work on /opt/airflow/dags/data-pipeline.py
[2025-05-02T12:44:03.650+0000] {processor.py:799} INFO - Processing file /opt/airflow/dags/data-pipeline.py for tasks to queue
[2025-05-02T12:44:03.654+0000] {logging_mixin.py:149} INFO - [2025-05-02T12:44:03.654+0000] {dagbag.py:541} INFO - Filling up the DagBag from /opt/airflow/dags/data-pipeline.py
[2025-05-02T12:44:04.742+0000] {processor.py:809} INFO - DAG(s) dict_keys(['data_pipeline']) retrieved from /opt/airflow/dags/data-pipeline.py
[2025-05-02T12:44:04.827+0000] {logging_mixin.py:149} INFO - [2025-05-02T12:44:04.826+0000] {dag.py:2726} INFO - Sync 1 DAGs
[2025-05-02T12:44:04.908+0000] {logging_mixin.py:149} INFO - [2025-05-02T12:44:04.907+0000] {dag.py:3490} INFO - Setting next_dagrun for data_pipeline to 2025-05-01T00:00:00+00:00, run_after=2025-06-01T00:00:00+00:00
[2025-05-02T12:44:04.988+0000] {processor.py:178} INFO - Processing /opt/airflow/dags/data-pipeline.py took 1.353 seconds
[2025-05-02T12:44:35.227+0000] {processor.py:156} INFO - Started process (PID=2134) to work on /opt/airflow/dags/data-pipeline.py
[2025-05-02T12:44:35.229+0000] {processor.py:799} INFO - Processing file /opt/airflow/dags/data-pipeline.py for tasks to queue
[2025-05-02T12:44:35.232+0000] {logging_mixin.py:149} INFO - [2025-05-02T12:44:35.231+0000] {dagbag.py:541} INFO - Filling up the DagBag from /opt/airflow/dags/data-pipeline.py
[2025-05-02T12:44:36.289+0000] {processor.py:809} INFO - DAG(s) dict_keys(['data_pipeline']) retrieved from /opt/airflow/dags/data-pipeline.py
[2025-05-02T12:44:36.366+0000] {logging_mixin.py:149} INFO - [2025-05-02T12:44:36.365+0000] {dag.py:2726} INFO - Sync 1 DAGs
[2025-05-02T12:44:36.452+0000] {logging_mixin.py:149} INFO - [2025-05-02T12:44:36.452+0000] {dag.py:3490} INFO - Setting next_dagrun for data_pipeline to 2025-05-01T00:00:00+00:00, run_after=2025-06-01T00:00:00+00:00
[2025-05-02T12:44:36.525+0000] {processor.py:178} INFO - Processing /opt/airflow/dags/data-pipeline.py took 1.305 seconds
[2025-05-02T12:45:07.105+0000] {processor.py:156} INFO - Started process (PID=2168) to work on /opt/airflow/dags/data-pipeline.py
[2025-05-02T12:45:07.108+0000] {processor.py:799} INFO - Processing file /opt/airflow/dags/data-pipeline.py for tasks to queue
[2025-05-02T12:45:07.110+0000] {logging_mixin.py:149} INFO - [2025-05-02T12:45:07.110+0000] {dagbag.py:541} INFO - Filling up the DagBag from /opt/airflow/dags/data-pipeline.py
[2025-05-02T12:45:08.248+0000] {processor.py:809} INFO - DAG(s) dict_keys(['data_pipeline']) retrieved from /opt/airflow/dags/data-pipeline.py
[2025-05-02T12:45:08.352+0000] {logging_mixin.py:149} INFO - [2025-05-02T12:45:08.351+0000] {dag.py:2726} INFO - Sync 1 DAGs
[2025-05-02T12:45:08.491+0000] {logging_mixin.py:149} INFO - [2025-05-02T12:45:08.490+0000] {dag.py:3490} INFO - Setting next_dagrun for data_pipeline to 2025-05-01T00:00:00+00:00, run_after=2025-06-01T00:00:00+00:00
[2025-05-02T12:45:08.623+0000] {processor.py:178} INFO - Processing /opt/airflow/dags/data-pipeline.py took 1.525 seconds
[2025-05-02T12:45:39.269+0000] {processor.py:156} INFO - Started process (PID=2202) to work on /opt/airflow/dags/data-pipeline.py
[2025-05-02T12:45:39.271+0000] {processor.py:799} INFO - Processing file /opt/airflow/dags/data-pipeline.py for tasks to queue
[2025-05-02T12:45:39.274+0000] {logging_mixin.py:149} INFO - [2025-05-02T12:45:39.273+0000] {dagbag.py:541} INFO - Filling up the DagBag from /opt/airflow/dags/data-pipeline.py
[2025-05-02T12:45:40.254+0000] {processor.py:809} INFO - DAG(s) dict_keys(['data_pipeline']) retrieved from /opt/airflow/dags/data-pipeline.py
[2025-05-02T12:45:40.402+0000] {logging_mixin.py:149} INFO - [2025-05-02T12:45:40.401+0000] {dag.py:2726} INFO - Sync 1 DAGs
[2025-05-02T12:45:40.490+0000] {logging_mixin.py:149} INFO - [2025-05-02T12:45:40.490+0000] {dag.py:3490} INFO - Setting next_dagrun for data_pipeline to 2025-05-01T00:00:00+00:00, run_after=2025-06-01T00:00:00+00:00
[2025-05-02T12:45:40.567+0000] {processor.py:178} INFO - Processing /opt/airflow/dags/data-pipeline.py took 1.305 seconds
[2025-05-02T12:46:11.144+0000] {processor.py:156} INFO - Started process (PID=2236) to work on /opt/airflow/dags/data-pipeline.py
[2025-05-02T12:46:11.147+0000] {processor.py:799} INFO - Processing file /opt/airflow/dags/data-pipeline.py for tasks to queue
[2025-05-02T12:46:11.150+0000] {logging_mixin.py:149} INFO - [2025-05-02T12:46:11.149+0000] {dagbag.py:541} INFO - Filling up the DagBag from /opt/airflow/dags/data-pipeline.py
[2025-05-02T12:46:12.259+0000] {processor.py:809} INFO - DAG(s) dict_keys(['data_pipeline']) retrieved from /opt/airflow/dags/data-pipeline.py
[2025-05-02T12:46:12.353+0000] {logging_mixin.py:149} INFO - [2025-05-02T12:46:12.351+0000] {dag.py:2726} INFO - Sync 1 DAGs
[2025-05-02T12:46:12.674+0000] {logging_mixin.py:149} INFO - [2025-05-02T12:46:12.674+0000] {dag.py:3490} INFO - Setting next_dagrun for data_pipeline to 2025-05-01T00:00:00+00:00, run_after=2025-06-01T00:00:00+00:00
[2025-05-02T12:46:12.762+0000] {processor.py:178} INFO - Processing /opt/airflow/dags/data-pipeline.py took 1.626 seconds
[2025-05-02T12:46:43.614+0000] {processor.py:156} INFO - Started process (PID=2270) to work on /opt/airflow/dags/data-pipeline.py
[2025-05-02T12:46:43.616+0000] {processor.py:799} INFO - Processing file /opt/airflow/dags/data-pipeline.py for tasks to queue
[2025-05-02T12:46:43.619+0000] {logging_mixin.py:149} INFO - [2025-05-02T12:46:43.618+0000] {dagbag.py:541} INFO - Filling up the DagBag from /opt/airflow/dags/data-pipeline.py
[2025-05-02T12:46:44.661+0000] {processor.py:809} INFO - DAG(s) dict_keys(['data_pipeline']) retrieved from /opt/airflow/dags/data-pipeline.py
[2025-05-02T12:46:44.741+0000] {logging_mixin.py:149} INFO - [2025-05-02T12:46:44.740+0000] {dag.py:2726} INFO - Sync 1 DAGs
[2025-05-02T12:46:44.830+0000] {logging_mixin.py:149} INFO - [2025-05-02T12:46:44.829+0000] {dag.py:3490} INFO - Setting next_dagrun for data_pipeline to 2025-05-01T00:00:00+00:00, run_after=2025-06-01T00:00:00+00:00
[2025-05-02T12:46:44.902+0000] {processor.py:178} INFO - Processing /opt/airflow/dags/data-pipeline.py took 1.295 seconds
[2025-05-02T12:47:15.401+0000] {processor.py:156} INFO - Started process (PID=2304) to work on /opt/airflow/dags/data-pipeline.py
[2025-05-02T12:47:15.409+0000] {processor.py:799} INFO - Processing file /opt/airflow/dags/data-pipeline.py for tasks to queue
[2025-05-02T12:47:15.412+0000] {logging_mixin.py:149} INFO - [2025-05-02T12:47:15.412+0000] {dagbag.py:541} INFO - Filling up the DagBag from /opt/airflow/dags/data-pipeline.py
[2025-05-02T12:47:16.477+0000] {processor.py:809} INFO - DAG(s) dict_keys(['data_pipeline']) retrieved from /opt/airflow/dags/data-pipeline.py
[2025-05-02T12:47:16.551+0000] {logging_mixin.py:149} INFO - [2025-05-02T12:47:16.550+0000] {dag.py:2726} INFO - Sync 1 DAGs
[2025-05-02T12:47:16.622+0000] {logging_mixin.py:149} INFO - [2025-05-02T12:47:16.622+0000] {dag.py:3490} INFO - Setting next_dagrun for data_pipeline to 2025-05-01T00:00:00+00:00, run_after=2025-06-01T00:00:00+00:00
[2025-05-02T12:47:16.762+0000] {processor.py:178} INFO - Processing /opt/airflow/dags/data-pipeline.py took 1.370 seconds
[2025-05-02T12:47:47.152+0000] {processor.py:156} INFO - Started process (PID=2338) to work on /opt/airflow/dags/data-pipeline.py
[2025-05-02T12:47:47.155+0000] {processor.py:799} INFO - Processing file /opt/airflow/dags/data-pipeline.py for tasks to queue
[2025-05-02T12:47:47.158+0000] {logging_mixin.py:149} INFO - [2025-05-02T12:47:47.157+0000] {dagbag.py:541} INFO - Filling up the DagBag from /opt/airflow/dags/data-pipeline.py
[2025-05-02T12:47:48.191+0000] {processor.py:809} INFO - DAG(s) dict_keys(['data_pipeline']) retrieved from /opt/airflow/dags/data-pipeline.py
[2025-05-02T12:47:48.327+0000] {logging_mixin.py:149} INFO - [2025-05-02T12:47:48.326+0000] {dag.py:2726} INFO - Sync 1 DAGs
[2025-05-02T12:47:48.766+0000] {logging_mixin.py:149} INFO - [2025-05-02T12:47:48.765+0000] {dag.py:3490} INFO - Setting next_dagrun for data_pipeline to 2025-05-01T00:00:00+00:00, run_after=2025-06-01T00:00:00+00:00
[2025-05-02T12:47:48.921+0000] {processor.py:178} INFO - Processing /opt/airflow/dags/data-pipeline.py took 1.777 seconds
[2025-05-02T12:48:19.088+0000] {processor.py:156} INFO - Started process (PID=2372) to work on /opt/airflow/dags/data-pipeline.py
[2025-05-02T12:48:19.091+0000] {processor.py:799} INFO - Processing file /opt/airflow/dags/data-pipeline.py for tasks to queue
[2025-05-02T12:48:19.094+0000] {logging_mixin.py:149} INFO - [2025-05-02T12:48:19.093+0000] {dagbag.py:541} INFO - Filling up the DagBag from /opt/airflow/dags/data-pipeline.py
[2025-05-02T12:48:20.176+0000] {processor.py:809} INFO - DAG(s) dict_keys(['data_pipeline']) retrieved from /opt/airflow/dags/data-pipeline.py
[2025-05-02T12:48:20.250+0000] {logging_mixin.py:149} INFO - [2025-05-02T12:48:20.248+0000] {dag.py:2726} INFO - Sync 1 DAGs
[2025-05-02T12:48:20.327+0000] {logging_mixin.py:149} INFO - [2025-05-02T12:48:20.326+0000] {dag.py:3490} INFO - Setting next_dagrun for data_pipeline to 2025-05-01T00:00:00+00:00, run_after=2025-06-01T00:00:00+00:00
[2025-05-02T12:48:20.416+0000] {processor.py:178} INFO - Processing /opt/airflow/dags/data-pipeline.py took 1.336 seconds
[2025-05-02T12:48:50.950+0000] {processor.py:156} INFO - Started process (PID=2406) to work on /opt/airflow/dags/data-pipeline.py
[2025-05-02T12:48:50.953+0000] {processor.py:799} INFO - Processing file /opt/airflow/dags/data-pipeline.py for tasks to queue
[2025-05-02T12:48:50.955+0000] {logging_mixin.py:149} INFO - [2025-05-02T12:48:50.954+0000] {dagbag.py:541} INFO - Filling up the DagBag from /opt/airflow/dags/data-pipeline.py
[2025-05-02T12:48:52.038+0000] {processor.py:809} INFO - DAG(s) dict_keys(['data_pipeline']) retrieved from /opt/airflow/dags/data-pipeline.py
[2025-05-02T12:48:52.132+0000] {logging_mixin.py:149} INFO - [2025-05-02T12:48:52.131+0000] {dag.py:2726} INFO - Sync 1 DAGs
[2025-05-02T12:48:52.202+0000] {logging_mixin.py:149} INFO - [2025-05-02T12:48:52.202+0000] {dag.py:3490} INFO - Setting next_dagrun for data_pipeline to 2025-05-01T00:00:00+00:00, run_after=2025-06-01T00:00:00+00:00
[2025-05-02T12:48:52.274+0000] {processor.py:178} INFO - Processing /opt/airflow/dags/data-pipeline.py took 1.332 seconds
[2025-05-02T12:49:22.599+0000] {processor.py:156} INFO - Started process (PID=2440) to work on /opt/airflow/dags/data-pipeline.py
[2025-05-02T12:49:22.601+0000] {processor.py:799} INFO - Processing file /opt/airflow/dags/data-pipeline.py for tasks to queue
[2025-05-02T12:49:22.604+0000] {logging_mixin.py:149} INFO - [2025-05-02T12:49:22.603+0000] {dagbag.py:541} INFO - Filling up the DagBag from /opt/airflow/dags/data-pipeline.py
[2025-05-02T12:49:23.563+0000] {processor.py:809} INFO - DAG(s) dict_keys(['data_pipeline']) retrieved from /opt/airflow/dags/data-pipeline.py
[2025-05-02T12:49:23.709+0000] {logging_mixin.py:149} INFO - [2025-05-02T12:49:23.707+0000] {dag.py:2726} INFO - Sync 1 DAGs
[2025-05-02T12:49:24.002+0000] {logging_mixin.py:149} INFO - [2025-05-02T12:49:24.001+0000] {dag.py:3490} INFO - Setting next_dagrun for data_pipeline to 2025-05-01T00:00:00+00:00, run_after=2025-06-01T00:00:00+00:00
[2025-05-02T12:49:24.069+0000] {processor.py:178} INFO - Processing /opt/airflow/dags/data-pipeline.py took 1.477 seconds
[2025-05-02T12:49:55.091+0000] {processor.py:156} INFO - Started process (PID=2474) to work on /opt/airflow/dags/data-pipeline.py
[2025-05-02T12:49:55.093+0000] {processor.py:799} INFO - Processing file /opt/airflow/dags/data-pipeline.py for tasks to queue
[2025-05-02T12:49:55.096+0000] {logging_mixin.py:149} INFO - [2025-05-02T12:49:55.095+0000] {dagbag.py:541} INFO - Filling up the DagBag from /opt/airflow/dags/data-pipeline.py
[2025-05-02T12:49:56.199+0000] {processor.py:809} INFO - DAG(s) dict_keys(['data_pipeline']) retrieved from /opt/airflow/dags/data-pipeline.py
[2025-05-02T12:49:56.275+0000] {logging_mixin.py:149} INFO - [2025-05-02T12:49:56.274+0000] {dag.py:2726} INFO - Sync 1 DAGs
[2025-05-02T12:49:56.343+0000] {logging_mixin.py:149} INFO - [2025-05-02T12:49:56.342+0000] {dag.py:3490} INFO - Setting next_dagrun for data_pipeline to 2025-05-01T00:00:00+00:00, run_after=2025-06-01T00:00:00+00:00
[2025-05-02T12:49:56.501+0000] {processor.py:178} INFO - Processing /opt/airflow/dags/data-pipeline.py took 1.419 seconds
[2025-05-02T12:50:27.077+0000] {processor.py:156} INFO - Started process (PID=2508) to work on /opt/airflow/dags/data-pipeline.py
[2025-05-02T12:50:27.080+0000] {processor.py:799} INFO - Processing file /opt/airflow/dags/data-pipeline.py for tasks to queue
[2025-05-02T12:50:27.082+0000] {logging_mixin.py:149} INFO - [2025-05-02T12:50:27.082+0000] {dagbag.py:541} INFO - Filling up the DagBag from /opt/airflow/dags/data-pipeline.py
[2025-05-02T12:50:28.111+0000] {processor.py:809} INFO - DAG(s) dict_keys(['data_pipeline']) retrieved from /opt/airflow/dags/data-pipeline.py
[2025-05-02T12:50:28.171+0000] {logging_mixin.py:149} INFO - [2025-05-02T12:50:28.170+0000] {dag.py:2726} INFO - Sync 1 DAGs
[2025-05-02T12:50:28.245+0000] {logging_mixin.py:149} INFO - [2025-05-02T12:50:28.245+0000] {dag.py:3490} INFO - Setting next_dagrun for data_pipeline to 2025-05-01T00:00:00+00:00, run_after=2025-06-01T00:00:00+00:00
[2025-05-02T12:50:28.319+0000] {processor.py:178} INFO - Processing /opt/airflow/dags/data-pipeline.py took 1.249 seconds
[2025-05-02T12:50:59.027+0000] {processor.py:156} INFO - Started process (PID=2542) to work on /opt/airflow/dags/data-pipeline.py
[2025-05-02T12:50:59.030+0000] {processor.py:799} INFO - Processing file /opt/airflow/dags/data-pipeline.py for tasks to queue
[2025-05-02T12:50:59.033+0000] {logging_mixin.py:149} INFO - [2025-05-02T12:50:59.032+0000] {dagbag.py:541} INFO - Filling up the DagBag from /opt/airflow/dags/data-pipeline.py
[2025-05-02T12:51:00.202+0000] {processor.py:809} INFO - DAG(s) dict_keys(['data_pipeline']) retrieved from /opt/airflow/dags/data-pipeline.py
[2025-05-02T12:51:00.290+0000] {logging_mixin.py:149} INFO - [2025-05-02T12:51:00.289+0000] {dag.py:2726} INFO - Sync 1 DAGs
[2025-05-02T12:51:00.705+0000] {logging_mixin.py:149} INFO - [2025-05-02T12:51:00.705+0000] {dag.py:3490} INFO - Setting next_dagrun for data_pipeline to 2025-05-01T00:00:00+00:00, run_after=2025-06-01T00:00:00+00:00
[2025-05-02T12:51:00.781+0000] {processor.py:178} INFO - Processing /opt/airflow/dags/data-pipeline.py took 1.772 seconds
[2025-05-02T12:51:31.479+0000] {processor.py:156} INFO - Started process (PID=2576) to work on /opt/airflow/dags/data-pipeline.py
[2025-05-02T12:51:31.482+0000] {processor.py:799} INFO - Processing file /opt/airflow/dags/data-pipeline.py for tasks to queue
[2025-05-02T12:51:31.484+0000] {logging_mixin.py:149} INFO - [2025-05-02T12:51:31.484+0000] {dagbag.py:541} INFO - Filling up the DagBag from /opt/airflow/dags/data-pipeline.py
[2025-05-02T12:51:32.658+0000] {processor.py:809} INFO - DAG(s) dict_keys(['data_pipeline']) retrieved from /opt/airflow/dags/data-pipeline.py
[2025-05-02T12:51:32.817+0000] {logging_mixin.py:149} INFO - [2025-05-02T12:51:32.816+0000] {dag.py:2726} INFO - Sync 1 DAGs
[2025-05-02T12:51:32.888+0000] {logging_mixin.py:149} INFO - [2025-05-02T12:51:32.887+0000] {dag.py:3490} INFO - Setting next_dagrun for data_pipeline to 2025-05-01T00:00:00+00:00, run_after=2025-06-01T00:00:00+00:00
[2025-05-02T12:51:32.955+0000] {processor.py:178} INFO - Processing /opt/airflow/dags/data-pipeline.py took 1.484 seconds
[2025-05-02T12:52:03.445+0000] {processor.py:156} INFO - Started process (PID=2610) to work on /opt/airflow/dags/data-pipeline.py
[2025-05-02T12:52:03.448+0000] {processor.py:799} INFO - Processing file /opt/airflow/dags/data-pipeline.py for tasks to queue
[2025-05-02T12:52:03.450+0000] {logging_mixin.py:149} INFO - [2025-05-02T12:52:03.450+0000] {dagbag.py:541} INFO - Filling up the DagBag from /opt/airflow/dags/data-pipeline.py
[2025-05-02T12:52:04.625+0000] {processor.py:809} INFO - DAG(s) dict_keys(['data_pipeline']) retrieved from /opt/airflow/dags/data-pipeline.py
[2025-05-02T12:52:04.788+0000] {logging_mixin.py:149} INFO - [2025-05-02T12:52:04.787+0000] {dag.py:2726} INFO - Sync 1 DAGs
[2025-05-02T12:52:04.860+0000] {logging_mixin.py:149} INFO - [2025-05-02T12:52:04.860+0000] {dag.py:3490} INFO - Setting next_dagrun for data_pipeline to 2025-05-01T00:00:00+00:00, run_after=2025-06-01T00:00:00+00:00
[2025-05-02T12:52:04.933+0000] {processor.py:178} INFO - Processing /opt/airflow/dags/data-pipeline.py took 1.496 seconds
[2025-05-02T12:52:35.467+0000] {processor.py:156} INFO - Started process (PID=2644) to work on /opt/airflow/dags/data-pipeline.py
[2025-05-02T12:52:35.470+0000] {processor.py:799} INFO - Processing file /opt/airflow/dags/data-pipeline.py for tasks to queue
[2025-05-02T12:52:35.473+0000] {logging_mixin.py:149} INFO - [2025-05-02T12:52:35.472+0000] {dagbag.py:541} INFO - Filling up the DagBag from /opt/airflow/dags/data-pipeline.py
[2025-05-02T12:52:36.617+0000] {processor.py:809} INFO - DAG(s) dict_keys(['data_pipeline']) retrieved from /opt/airflow/dags/data-pipeline.py
[2025-05-02T12:52:36.762+0000] {logging_mixin.py:149} INFO - [2025-05-02T12:52:36.760+0000] {dag.py:2726} INFO - Sync 1 DAGs
[2025-05-02T12:52:37.054+0000] {logging_mixin.py:149} INFO - [2025-05-02T12:52:37.053+0000] {dag.py:3490} INFO - Setting next_dagrun for data_pipeline to 2025-05-01T00:00:00+00:00, run_after=2025-06-01T00:00:00+00:00
[2025-05-02T12:52:37.185+0000] {processor.py:178} INFO - Processing /opt/airflow/dags/data-pipeline.py took 1.728 seconds
[2025-05-02T12:53:07.759+0000] {processor.py:156} INFO - Started process (PID=2678) to work on /opt/airflow/dags/data-pipeline.py
[2025-05-02T12:53:07.762+0000] {processor.py:799} INFO - Processing file /opt/airflow/dags/data-pipeline.py for tasks to queue
[2025-05-02T12:53:07.765+0000] {logging_mixin.py:149} INFO - [2025-05-02T12:53:07.764+0000] {dagbag.py:541} INFO - Filling up the DagBag from /opt/airflow/dags/data-pipeline.py
[2025-05-02T12:53:08.828+0000] {processor.py:809} INFO - DAG(s) dict_keys(['data_pipeline']) retrieved from /opt/airflow/dags/data-pipeline.py
[2025-05-02T12:53:08.956+0000] {logging_mixin.py:149} INFO - [2025-05-02T12:53:08.954+0000] {dag.py:2726} INFO - Sync 1 DAGs
[2025-05-02T12:53:09.065+0000] {logging_mixin.py:149} INFO - [2025-05-02T12:53:09.064+0000] {dag.py:3490} INFO - Setting next_dagrun for data_pipeline to 2025-05-01T00:00:00+00:00, run_after=2025-06-01T00:00:00+00:00
[2025-05-02T12:53:09.154+0000] {processor.py:178} INFO - Processing /opt/airflow/dags/data-pipeline.py took 1.405 seconds
[2025-05-02T12:53:39.674+0000] {processor.py:156} INFO - Started process (PID=2712) to work on /opt/airflow/dags/data-pipeline.py
[2025-05-02T12:53:39.676+0000] {processor.py:799} INFO - Processing file /opt/airflow/dags/data-pipeline.py for tasks to queue
[2025-05-02T12:53:39.678+0000] {logging_mixin.py:149} INFO - [2025-05-02T12:53:39.678+0000] {dagbag.py:541} INFO - Filling up the DagBag from /opt/airflow/dags/data-pipeline.py
[2025-05-02T12:53:40.633+0000] {processor.py:809} INFO - DAG(s) dict_keys(['data_pipeline']) retrieved from /opt/airflow/dags/data-pipeline.py
[2025-05-02T12:53:40.775+0000] {logging_mixin.py:149} INFO - [2025-05-02T12:53:40.774+0000] {dag.py:2726} INFO - Sync 1 DAGs
[2025-05-02T12:53:40.850+0000] {logging_mixin.py:149} INFO - [2025-05-02T12:53:40.850+0000] {dag.py:3490} INFO - Setting next_dagrun for data_pipeline to 2025-05-01T00:00:00+00:00, run_after=2025-06-01T00:00:00+00:00
[2025-05-02T12:53:40.998+0000] {processor.py:178} INFO - Processing /opt/airflow/dags/data-pipeline.py took 1.331 seconds
[2025-05-02T12:54:11.545+0000] {processor.py:156} INFO - Started process (PID=2746) to work on /opt/airflow/dags/data-pipeline.py
[2025-05-02T12:54:11.548+0000] {processor.py:799} INFO - Processing file /opt/airflow/dags/data-pipeline.py for tasks to queue
[2025-05-02T12:54:11.550+0000] {logging_mixin.py:149} INFO - [2025-05-02T12:54:11.550+0000] {dagbag.py:541} INFO - Filling up the DagBag from /opt/airflow/dags/data-pipeline.py
[2025-05-02T12:54:12.566+0000] {processor.py:809} INFO - DAG(s) dict_keys(['data_pipeline']) retrieved from /opt/airflow/dags/data-pipeline.py
[2025-05-02T12:54:12.654+0000] {logging_mixin.py:149} INFO - [2025-05-02T12:54:12.652+0000] {dag.py:2726} INFO - Sync 1 DAGs
[2025-05-02T12:54:12.978+0000] {logging_mixin.py:149} INFO - [2025-05-02T12:54:12.978+0000] {dag.py:3490} INFO - Setting next_dagrun for data_pipeline to 2025-05-01T00:00:00+00:00, run_after=2025-06-01T00:00:00+00:00
[2025-05-02T12:54:13.049+0000] {processor.py:178} INFO - Processing /opt/airflow/dags/data-pipeline.py took 1.512 seconds
[2025-05-02T12:54:43.632+0000] {processor.py:156} INFO - Started process (PID=2780) to work on /opt/airflow/dags/data-pipeline.py
[2025-05-02T12:54:43.634+0000] {processor.py:799} INFO - Processing file /opt/airflow/dags/data-pipeline.py for tasks to queue
[2025-05-02T12:54:43.636+0000] {logging_mixin.py:149} INFO - [2025-05-02T12:54:43.636+0000] {dagbag.py:541} INFO - Filling up the DagBag from /opt/airflow/dags/data-pipeline.py
[2025-05-02T12:54:44.696+0000] {processor.py:809} INFO - DAG(s) dict_keys(['data_pipeline']) retrieved from /opt/airflow/dags/data-pipeline.py
[2025-05-02T12:54:44.768+0000] {logging_mixin.py:149} INFO - [2025-05-02T12:54:44.767+0000] {dag.py:2726} INFO - Sync 1 DAGs
[2025-05-02T12:54:44.840+0000] {logging_mixin.py:149} INFO - [2025-05-02T12:54:44.840+0000] {dag.py:3490} INFO - Setting next_dagrun for data_pipeline to 2025-05-01T00:00:00+00:00, run_after=2025-06-01T00:00:00+00:00
[2025-05-02T12:54:44.912+0000] {processor.py:178} INFO - Processing /opt/airflow/dags/data-pipeline.py took 1.288 seconds
[2025-05-02T12:55:15.481+0000] {processor.py:156} INFO - Started process (PID=2814) to work on /opt/airflow/dags/data-pipeline.py
[2025-05-02T12:55:15.483+0000] {processor.py:799} INFO - Processing file /opt/airflow/dags/data-pipeline.py for tasks to queue
[2025-05-02T12:55:15.486+0000] {logging_mixin.py:149} INFO - [2025-05-02T12:55:15.485+0000] {dagbag.py:541} INFO - Filling up the DagBag from /opt/airflow/dags/data-pipeline.py
[2025-05-02T12:55:16.645+0000] {processor.py:809} INFO - DAG(s) dict_keys(['data_pipeline']) retrieved from /opt/airflow/dags/data-pipeline.py
[2025-05-02T12:55:16.725+0000] {logging_mixin.py:149} INFO - [2025-05-02T12:55:16.724+0000] {dag.py:2726} INFO - Sync 1 DAGs
[2025-05-02T12:55:16.795+0000] {logging_mixin.py:149} INFO - [2025-05-02T12:55:16.795+0000] {dag.py:3490} INFO - Setting next_dagrun for data_pipeline to 2025-05-01T00:00:00+00:00, run_after=2025-06-01T00:00:00+00:00
[2025-05-02T12:55:16.863+0000] {processor.py:178} INFO - Processing /opt/airflow/dags/data-pipeline.py took 1.390 seconds
[2025-05-02T12:55:47.247+0000] {processor.py:156} INFO - Started process (PID=2848) to work on /opt/airflow/dags/data-pipeline.py
[2025-05-02T12:55:47.274+0000] {processor.py:799} INFO - Processing file /opt/airflow/dags/data-pipeline.py for tasks to queue
[2025-05-02T12:55:47.295+0000] {logging_mixin.py:149} INFO - [2025-05-02T12:55:47.295+0000] {dagbag.py:541} INFO - Filling up the DagBag from /opt/airflow/dags/data-pipeline.py
[2025-05-02T12:55:48.404+0000] {processor.py:809} INFO - DAG(s) dict_keys(['data_pipeline']) retrieved from /opt/airflow/dags/data-pipeline.py
[2025-05-02T12:55:48.477+0000] {logging_mixin.py:149} INFO - [2025-05-02T12:55:48.476+0000] {dag.py:2726} INFO - Sync 1 DAGs
[2025-05-02T12:55:48.799+0000] {logging_mixin.py:149} INFO - [2025-05-02T12:55:48.799+0000] {dag.py:3490} INFO - Setting next_dagrun for data_pipeline to 2025-05-01T00:00:00+00:00, run_after=2025-06-01T00:00:00+00:00
[2025-05-02T12:55:48.953+0000] {processor.py:178} INFO - Processing /opt/airflow/dags/data-pipeline.py took 1.725 seconds
[2025-05-02T12:56:19.333+0000] {processor.py:156} INFO - Started process (PID=2882) to work on /opt/airflow/dags/data-pipeline.py
[2025-05-02T12:56:19.336+0000] {processor.py:799} INFO - Processing file /opt/airflow/dags/data-pipeline.py for tasks to queue
[2025-05-02T12:56:19.339+0000] {logging_mixin.py:149} INFO - [2025-05-02T12:56:19.338+0000] {dagbag.py:541} INFO - Filling up the DagBag from /opt/airflow/dags/data-pipeline.py
[2025-05-02T12:56:20.354+0000] {processor.py:809} INFO - DAG(s) dict_keys(['data_pipeline']) retrieved from /opt/airflow/dags/data-pipeline.py
[2025-05-02T12:56:20.431+0000] {logging_mixin.py:149} INFO - [2025-05-02T12:56:20.430+0000] {dag.py:2726} INFO - Sync 1 DAGs
[2025-05-02T12:56:20.523+0000] {logging_mixin.py:149} INFO - [2025-05-02T12:56:20.522+0000] {dag.py:3490} INFO - Setting next_dagrun for data_pipeline to 2025-05-01T00:00:00+00:00, run_after=2025-06-01T00:00:00+00:00
[2025-05-02T12:56:20.599+0000] {processor.py:178} INFO - Processing /opt/airflow/dags/data-pipeline.py took 1.275 seconds
[2025-05-02T13:07:22.320+0000] {processor.py:156} INFO - Started process (PID=2902) to work on /opt/airflow/dags/data-pipeline.py
[2025-05-02T13:07:22.330+0000] {processor.py:799} INFO - Processing file /opt/airflow/dags/data-pipeline.py for tasks to queue
[2025-05-02T13:07:22.334+0000] {logging_mixin.py:149} INFO - [2025-05-02T13:07:22.333+0000] {dagbag.py:541} INFO - Filling up the DagBag from /opt/airflow/dags/data-pipeline.py
[2025-05-02T13:07:35.412+0000] {processor.py:809} INFO - DAG(s) dict_keys(['data_pipeline']) retrieved from /opt/airflow/dags/data-pipeline.py
[2025-05-02T13:07:35.709+0000] {logging_mixin.py:149} INFO - [2025-05-02T13:07:35.707+0000] {dag.py:2726} INFO - Sync 1 DAGs
[2025-05-02T13:07:35.840+0000] {logging_mixin.py:149} INFO - [2025-05-02T13:07:35.839+0000] {dag.py:3490} INFO - Setting next_dagrun for data_pipeline to 2025-05-01T00:00:00+00:00, run_after=2025-06-01T00:00:00+00:00
[2025-05-02T13:07:35.934+0000] {processor.py:178} INFO - Processing /opt/airflow/dags/data-pipeline.py took 13.630 seconds
[2025-05-02T13:08:06.348+0000] {processor.py:156} INFO - Started process (PID=2938) to work on /opt/airflow/dags/data-pipeline.py
[2025-05-02T13:08:06.352+0000] {processor.py:799} INFO - Processing file /opt/airflow/dags/data-pipeline.py for tasks to queue
[2025-05-02T13:08:06.356+0000] {logging_mixin.py:149} INFO - [2025-05-02T13:08:06.355+0000] {dagbag.py:541} INFO - Filling up the DagBag from /opt/airflow/dags/data-pipeline.py
[2025-05-02T13:08:07.683+0000] {processor.py:809} INFO - DAG(s) dict_keys(['data_pipeline']) retrieved from /opt/airflow/dags/data-pipeline.py
[2025-05-02T13:08:07.756+0000] {logging_mixin.py:149} INFO - [2025-05-02T13:08:07.755+0000] {dag.py:2726} INFO - Sync 1 DAGs
[2025-05-02T13:08:09.384+0000] {logging_mixin.py:149} INFO - [2025-05-02T13:08:09.384+0000] {dag.py:3490} INFO - Setting next_dagrun for data_pipeline to 2025-05-01T00:00:00+00:00, run_after=2025-06-01T00:00:00+00:00
[2025-05-02T13:08:09.479+0000] {processor.py:178} INFO - Processing /opt/airflow/dags/data-pipeline.py took 3.152 seconds
[2025-05-02T13:08:40.037+0000] {processor.py:156} INFO - Started process (PID=2972) to work on /opt/airflow/dags/data-pipeline.py
[2025-05-02T13:08:40.041+0000] {processor.py:799} INFO - Processing file /opt/airflow/dags/data-pipeline.py for tasks to queue
[2025-05-02T13:08:40.044+0000] {logging_mixin.py:149} INFO - [2025-05-02T13:08:40.043+0000] {dagbag.py:541} INFO - Filling up the DagBag from /opt/airflow/dags/data-pipeline.py
[2025-05-02T13:08:41.511+0000] {processor.py:809} INFO - DAG(s) dict_keys(['data_pipeline']) retrieved from /opt/airflow/dags/data-pipeline.py
[2025-05-02T13:08:41.613+0000] {logging_mixin.py:149} INFO - [2025-05-02T13:08:41.612+0000] {dag.py:2726} INFO - Sync 1 DAGs
[2025-05-02T13:08:41.675+0000] {logging_mixin.py:149} INFO - [2025-05-02T13:08:41.675+0000] {dag.py:3490} INFO - Setting next_dagrun for data_pipeline to 2025-05-01T00:00:00+00:00, run_after=2025-06-01T00:00:00+00:00
[2025-05-02T13:08:41.751+0000] {processor.py:178} INFO - Processing /opt/airflow/dags/data-pipeline.py took 1.729 seconds
[2025-05-02T13:09:12.368+0000] {processor.py:156} INFO - Started process (PID=3004) to work on /opt/airflow/dags/data-pipeline.py
[2025-05-02T13:09:12.371+0000] {processor.py:799} INFO - Processing file /opt/airflow/dags/data-pipeline.py for tasks to queue
[2025-05-02T13:09:12.373+0000] {logging_mixin.py:149} INFO - [2025-05-02T13:09:12.373+0000] {dagbag.py:541} INFO - Filling up the DagBag from /opt/airflow/dags/data-pipeline.py
[2025-05-02T13:09:13.509+0000] {processor.py:809} INFO - DAG(s) dict_keys(['data_pipeline']) retrieved from /opt/airflow/dags/data-pipeline.py
[2025-05-02T13:09:13.591+0000] {logging_mixin.py:149} INFO - [2025-05-02T13:09:13.590+0000] {dag.py:2726} INFO - Sync 1 DAGs
[2025-05-02T13:09:13.665+0000] {logging_mixin.py:149} INFO - [2025-05-02T13:09:13.665+0000] {dag.py:3490} INFO - Setting next_dagrun for data_pipeline to 2025-05-01T00:00:00+00:00, run_after=2025-06-01T00:00:00+00:00
[2025-05-02T13:09:13.753+0000] {processor.py:178} INFO - Processing /opt/airflow/dags/data-pipeline.py took 1.393 seconds
[2025-05-02T13:09:44.426+0000] {processor.py:156} INFO - Started process (PID=3040) to work on /opt/airflow/dags/data-pipeline.py
[2025-05-02T13:09:44.431+0000] {processor.py:799} INFO - Processing file /opt/airflow/dags/data-pipeline.py for tasks to queue
[2025-05-02T13:09:44.436+0000] {logging_mixin.py:149} INFO - [2025-05-02T13:09:44.435+0000] {dagbag.py:541} INFO - Filling up the DagBag from /opt/airflow/dags/data-pipeline.py
[2025-05-02T13:09:45.649+0000] {processor.py:809} INFO - DAG(s) dict_keys(['data_pipeline']) retrieved from /opt/airflow/dags/data-pipeline.py
[2025-05-02T13:09:45.724+0000] {logging_mixin.py:149} INFO - [2025-05-02T13:09:45.723+0000] {dag.py:2726} INFO - Sync 1 DAGs
[2025-05-02T13:09:46.139+0000] {logging_mixin.py:149} INFO - [2025-05-02T13:09:46.139+0000] {dag.py:3490} INFO - Setting next_dagrun for data_pipeline to 2025-05-01T00:00:00+00:00, run_after=2025-06-01T00:00:00+00:00
[2025-05-02T13:09:46.278+0000] {processor.py:178} INFO - Processing /opt/airflow/dags/data-pipeline.py took 1.862 seconds
[2025-05-02T13:10:16.830+0000] {processor.py:156} INFO - Started process (PID=3074) to work on /opt/airflow/dags/data-pipeline.py
[2025-05-02T13:10:16.833+0000] {processor.py:799} INFO - Processing file /opt/airflow/dags/data-pipeline.py for tasks to queue
[2025-05-02T13:10:16.837+0000] {logging_mixin.py:149} INFO - [2025-05-02T13:10:16.836+0000] {dagbag.py:541} INFO - Filling up the DagBag from /opt/airflow/dags/data-pipeline.py
[2025-05-02T13:10:18.013+0000] {processor.py:809} INFO - DAG(s) dict_keys(['data_pipeline']) retrieved from /opt/airflow/dags/data-pipeline.py
[2025-05-02T13:10:18.086+0000] {logging_mixin.py:149} INFO - [2025-05-02T13:10:18.085+0000] {dag.py:2726} INFO - Sync 1 DAGs
[2025-05-02T13:10:18.159+0000] {logging_mixin.py:149} INFO - [2025-05-02T13:10:18.158+0000] {dag.py:3490} INFO - Setting next_dagrun for data_pipeline to 2025-05-01T00:00:00+00:00, run_after=2025-06-01T00:00:00+00:00
[2025-05-02T13:10:18.232+0000] {processor.py:178} INFO - Processing /opt/airflow/dags/data-pipeline.py took 1.410 seconds
[2025-05-02T13:10:48.753+0000] {processor.py:156} INFO - Started process (PID=3108) to work on /opt/airflow/dags/data-pipeline.py
[2025-05-02T13:10:48.756+0000] {processor.py:799} INFO - Processing file /opt/airflow/dags/data-pipeline.py for tasks to queue
[2025-05-02T13:10:48.759+0000] {logging_mixin.py:149} INFO - [2025-05-02T13:10:48.758+0000] {dagbag.py:541} INFO - Filling up the DagBag from /opt/airflow/dags/data-pipeline.py
[2025-05-02T13:10:50.037+0000] {processor.py:809} INFO - DAG(s) dict_keys(['data_pipeline']) retrieved from /opt/airflow/dags/data-pipeline.py
[2025-05-02T13:10:50.118+0000] {logging_mixin.py:149} INFO - [2025-05-02T13:10:50.117+0000] {dag.py:2726} INFO - Sync 1 DAGs
[2025-05-02T13:10:50.183+0000] {logging_mixin.py:149} INFO - [2025-05-02T13:10:50.182+0000] {dag.py:3490} INFO - Setting next_dagrun for data_pipeline to 2025-05-01T00:00:00+00:00, run_after=2025-06-01T00:00:00+00:00
[2025-05-02T13:10:50.320+0000] {processor.py:178} INFO - Processing /opt/airflow/dags/data-pipeline.py took 1.579 seconds
[2025-05-02T13:11:20.820+0000] {processor.py:156} INFO - Started process (PID=3142) to work on /opt/airflow/dags/data-pipeline.py
[2025-05-02T13:11:20.824+0000] {processor.py:799} INFO - Processing file /opt/airflow/dags/data-pipeline.py for tasks to queue
[2025-05-02T13:11:20.828+0000] {logging_mixin.py:149} INFO - [2025-05-02T13:11:20.827+0000] {dagbag.py:541} INFO - Filling up the DagBag from /opt/airflow/dags/data-pipeline.py
[2025-05-02T13:11:22.094+0000] {processor.py:809} INFO - DAG(s) dict_keys(['data_pipeline']) retrieved from /opt/airflow/dags/data-pipeline.py
[2025-05-02T13:11:22.160+0000] {logging_mixin.py:149} INFO - [2025-05-02T13:11:22.159+0000] {dag.py:2726} INFO - Sync 1 DAGs
[2025-05-02T13:11:22.573+0000] {logging_mixin.py:149} INFO - [2025-05-02T13:11:22.573+0000] {dag.py:3490} INFO - Setting next_dagrun for data_pipeline to 2025-05-01T00:00:00+00:00, run_after=2025-06-01T00:00:00+00:00
[2025-05-02T13:11:22.659+0000] {processor.py:178} INFO - Processing /opt/airflow/dags/data-pipeline.py took 1.855 seconds
[2025-05-02T13:11:53.180+0000] {processor.py:156} INFO - Started process (PID=3176) to work on /opt/airflow/dags/data-pipeline.py
[2025-05-02T13:11:53.183+0000] {processor.py:799} INFO - Processing file /opt/airflow/dags/data-pipeline.py for tasks to queue
[2025-05-02T13:11:53.185+0000] {logging_mixin.py:149} INFO - [2025-05-02T13:11:53.185+0000] {dagbag.py:541} INFO - Filling up the DagBag from /opt/airflow/dags/data-pipeline.py
[2025-05-02T13:11:54.633+0000] {processor.py:809} INFO - DAG(s) dict_keys(['data_pipeline']) retrieved from /opt/airflow/dags/data-pipeline.py
[2025-05-02T13:11:54.711+0000] {logging_mixin.py:149} INFO - [2025-05-02T13:11:54.710+0000] {dag.py:2726} INFO - Sync 1 DAGs
[2025-05-02T13:11:54.786+0000] {logging_mixin.py:149} INFO - [2025-05-02T13:11:54.785+0000] {dag.py:3490} INFO - Setting next_dagrun for data_pipeline to 2025-05-01T00:00:00+00:00, run_after=2025-06-01T00:00:00+00:00
[2025-05-02T13:11:54.859+0000] {processor.py:178} INFO - Processing /opt/airflow/dags/data-pipeline.py took 1.685 seconds
[2025-05-02T13:12:25.520+0000] {processor.py:156} INFO - Started process (PID=3210) to work on /opt/airflow/dags/data-pipeline.py
[2025-05-02T13:12:25.523+0000] {processor.py:799} INFO - Processing file /opt/airflow/dags/data-pipeline.py for tasks to queue
[2025-05-02T13:12:25.526+0000] {logging_mixin.py:149} INFO - [2025-05-02T13:12:25.526+0000] {dagbag.py:541} INFO - Filling up the DagBag from /opt/airflow/dags/data-pipeline.py
[2025-05-02T13:12:26.868+0000] {processor.py:809} INFO - DAG(s) dict_keys(['data_pipeline']) retrieved from /opt/airflow/dags/data-pipeline.py
[2025-05-02T13:12:26.950+0000] {logging_mixin.py:149} INFO - [2025-05-02T13:12:26.948+0000] {dag.py:2726} INFO - Sync 1 DAGs
[2025-05-02T13:12:27.042+0000] {logging_mixin.py:149} INFO - [2025-05-02T13:12:27.042+0000] {dag.py:3490} INFO - Setting next_dagrun for data_pipeline to 2025-05-01T00:00:00+00:00, run_after=2025-06-01T00:00:00+00:00
[2025-05-02T13:12:27.127+0000] {processor.py:178} INFO - Processing /opt/airflow/dags/data-pipeline.py took 1.614 seconds
[2025-05-02T13:12:57.733+0000] {processor.py:156} INFO - Started process (PID=3244) to work on /opt/airflow/dags/data-pipeline.py
[2025-05-02T13:12:57.736+0000] {processor.py:799} INFO - Processing file /opt/airflow/dags/data-pipeline.py for tasks to queue
[2025-05-02T13:12:57.739+0000] {logging_mixin.py:149} INFO - [2025-05-02T13:12:57.738+0000] {dagbag.py:541} INFO - Filling up the DagBag from /opt/airflow/dags/data-pipeline.py
[2025-05-02T13:12:58.905+0000] {processor.py:809} INFO - DAG(s) dict_keys(['data_pipeline']) retrieved from /opt/airflow/dags/data-pipeline.py
[2025-05-02T13:12:58.984+0000] {logging_mixin.py:149} INFO - [2025-05-02T13:12:58.983+0000] {dag.py:2726} INFO - Sync 1 DAGs
[2025-05-02T13:12:59.354+0000] {logging_mixin.py:149} INFO - [2025-05-02T13:12:59.354+0000] {dag.py:3490} INFO - Setting next_dagrun for data_pipeline to 2025-05-01T00:00:00+00:00, run_after=2025-06-01T00:00:00+00:00
[2025-05-02T13:12:59.433+0000] {processor.py:178} INFO - Processing /opt/airflow/dags/data-pipeline.py took 1.709 seconds
[2025-05-02T13:13:30.044+0000] {processor.py:156} INFO - Started process (PID=3278) to work on /opt/airflow/dags/data-pipeline.py
[2025-05-02T13:13:30.047+0000] {processor.py:799} INFO - Processing file /opt/airflow/dags/data-pipeline.py for tasks to queue
[2025-05-02T13:13:30.050+0000] {logging_mixin.py:149} INFO - [2025-05-02T13:13:30.049+0000] {dagbag.py:541} INFO - Filling up the DagBag from /opt/airflow/dags/data-pipeline.py
[2025-05-02T13:13:31.369+0000] {processor.py:809} INFO - DAG(s) dict_keys(['data_pipeline']) retrieved from /opt/airflow/dags/data-pipeline.py
[2025-05-02T13:13:31.454+0000] {logging_mixin.py:149} INFO - [2025-05-02T13:13:31.452+0000] {dag.py:2726} INFO - Sync 1 DAGs
[2025-05-02T13:13:31.559+0000] {logging_mixin.py:149} INFO - [2025-05-02T13:13:31.558+0000] {dag.py:3490} INFO - Setting next_dagrun for data_pipeline to 2025-05-01T00:00:00+00:00, run_after=2025-06-01T00:00:00+00:00
[2025-05-02T13:13:31.669+0000] {processor.py:178} INFO - Processing /opt/airflow/dags/data-pipeline.py took 1.635 seconds
[2025-05-02T13:14:02.225+0000] {processor.py:156} INFO - Started process (PID=3312) to work on /opt/airflow/dags/data-pipeline.py
[2025-05-02T13:14:02.229+0000] {processor.py:799} INFO - Processing file /opt/airflow/dags/data-pipeline.py for tasks to queue
[2025-05-02T13:14:02.233+0000] {logging_mixin.py:149} INFO - [2025-05-02T13:14:02.232+0000] {dagbag.py:541} INFO - Filling up the DagBag from /opt/airflow/dags/data-pipeline.py
[2025-05-02T13:14:03.458+0000] {processor.py:809} INFO - DAG(s) dict_keys(['data_pipeline']) retrieved from /opt/airflow/dags/data-pipeline.py
[2025-05-02T13:14:03.630+0000] {logging_mixin.py:149} INFO - [2025-05-02T13:14:03.629+0000] {dag.py:2726} INFO - Sync 1 DAGs
[2025-05-02T13:14:03.730+0000] {logging_mixin.py:149} INFO - [2025-05-02T13:14:03.729+0000] {dag.py:3490} INFO - Setting next_dagrun for data_pipeline to 2025-05-01T00:00:00+00:00, run_after=2025-06-01T00:00:00+00:00
[2025-05-02T13:14:03.810+0000] {processor.py:178} INFO - Processing /opt/airflow/dags/data-pipeline.py took 1.596 seconds
[2025-05-02T13:14:34.409+0000] {processor.py:156} INFO - Started process (PID=3346) to work on /opt/airflow/dags/data-pipeline.py
[2025-05-02T13:14:34.412+0000] {processor.py:799} INFO - Processing file /opt/airflow/dags/data-pipeline.py for tasks to queue
[2025-05-02T13:14:34.417+0000] {logging_mixin.py:149} INFO - [2025-05-02T13:14:34.416+0000] {dagbag.py:541} INFO - Filling up the DagBag from /opt/airflow/dags/data-pipeline.py
[2025-05-02T13:14:35.760+0000] {processor.py:809} INFO - DAG(s) dict_keys(['data_pipeline']) retrieved from /opt/airflow/dags/data-pipeline.py
[2025-05-02T13:14:35.957+0000] {logging_mixin.py:149} INFO - [2025-05-02T13:14:35.955+0000] {dag.py:2726} INFO - Sync 1 DAGs
[2025-05-02T13:14:36.478+0000] {logging_mixin.py:149} INFO - [2025-05-02T13:14:36.478+0000] {dag.py:3490} INFO - Setting next_dagrun for data_pipeline to 2025-05-01T00:00:00+00:00, run_after=2025-06-01T00:00:00+00:00
[2025-05-02T13:14:36.562+0000] {processor.py:178} INFO - Processing /opt/airflow/dags/data-pipeline.py took 2.161 seconds
[2025-05-02T13:15:07.318+0000] {processor.py:156} INFO - Started process (PID=3394) to work on /opt/airflow/dags/data-pipeline.py
[2025-05-02T13:15:07.354+0000] {processor.py:799} INFO - Processing file /opt/airflow/dags/data-pipeline.py for tasks to queue
[2025-05-02T13:15:07.362+0000] {logging_mixin.py:149} INFO - [2025-05-02T13:15:07.361+0000] {dagbag.py:541} INFO - Filling up the DagBag from /opt/airflow/dags/data-pipeline.py
[2025-05-02T13:15:08.830+0000] {processor.py:809} INFO - DAG(s) dict_keys(['data_pipeline']) retrieved from /opt/airflow/dags/data-pipeline.py
[2025-05-02T13:15:08.904+0000] {logging_mixin.py:149} INFO - [2025-05-02T13:15:08.902+0000] {dag.py:2726} INFO - Sync 1 DAGs
[2025-05-02T13:15:09.040+0000] {logging_mixin.py:149} INFO - [2025-05-02T13:15:09.038+0000] {dag.py:3490} INFO - Setting next_dagrun for data_pipeline to 2025-05-01T00:00:00+00:00, run_after=2025-06-01T00:00:00+00:00
[2025-05-02T13:15:09.241+0000] {processor.py:178} INFO - Processing /opt/airflow/dags/data-pipeline.py took 1.976 seconds
[2025-05-02T13:15:39.756+0000] {processor.py:156} INFO - Started process (PID=3453) to work on /opt/airflow/dags/data-pipeline.py
[2025-05-02T13:15:39.759+0000] {processor.py:799} INFO - Processing file /opt/airflow/dags/data-pipeline.py for tasks to queue
[2025-05-02T13:15:39.761+0000] {logging_mixin.py:149} INFO - [2025-05-02T13:15:39.761+0000] {dagbag.py:541} INFO - Filling up the DagBag from /opt/airflow/dags/data-pipeline.py
[2025-05-02T13:15:40.915+0000] {processor.py:809} INFO - DAG(s) dict_keys(['data_pipeline']) retrieved from /opt/airflow/dags/data-pipeline.py
[2025-05-02T13:15:41.063+0000] {logging_mixin.py:149} INFO - [2025-05-02T13:15:41.062+0000] {dag.py:2726} INFO - Sync 1 DAGs
[2025-05-02T13:15:41.207+0000] {logging_mixin.py:149} INFO - [2025-05-02T13:15:41.206+0000] {dag.py:3490} INFO - Setting next_dagrun for data_pipeline to 2025-05-01T00:00:00+00:00, run_after=2025-06-01T00:00:00+00:00
[2025-05-02T13:15:41.319+0000] {processor.py:178} INFO - Processing /opt/airflow/dags/data-pipeline.py took 1.571 seconds
[2025-05-02T13:16:11.911+0000] {processor.py:156} INFO - Started process (PID=3490) to work on /opt/airflow/dags/data-pipeline.py
[2025-05-02T13:16:11.914+0000] {processor.py:799} INFO - Processing file /opt/airflow/dags/data-pipeline.py for tasks to queue
[2025-05-02T13:16:11.918+0000] {logging_mixin.py:149} INFO - [2025-05-02T13:16:11.917+0000] {dagbag.py:541} INFO - Filling up the DagBag from /opt/airflow/dags/data-pipeline.py
[2025-05-02T13:16:13.011+0000] {processor.py:809} INFO - DAG(s) dict_keys(['data_pipeline']) retrieved from /opt/airflow/dags/data-pipeline.py
[2025-05-02T13:16:13.099+0000] {logging_mixin.py:149} INFO - [2025-05-02T13:16:13.097+0000] {dag.py:2726} INFO - Sync 1 DAGs
[2025-05-02T13:16:13.872+0000] {logging_mixin.py:149} INFO - [2025-05-02T13:16:13.870+0000] {dag.py:3490} INFO - Setting next_dagrun for data_pipeline to 2025-05-01T00:00:00+00:00, run_after=2025-06-01T00:00:00+00:00
[2025-05-02T13:16:13.986+0000] {processor.py:178} INFO - Processing /opt/airflow/dags/data-pipeline.py took 2.085 seconds
[2025-05-02T13:16:44.568+0000] {processor.py:156} INFO - Started process (PID=3524) to work on /opt/airflow/dags/data-pipeline.py
[2025-05-02T13:16:44.571+0000] {processor.py:799} INFO - Processing file /opt/airflow/dags/data-pipeline.py for tasks to queue
[2025-05-02T13:16:44.574+0000] {logging_mixin.py:149} INFO - [2025-05-02T13:16:44.573+0000] {dagbag.py:541} INFO - Filling up the DagBag from /opt/airflow/dags/data-pipeline.py
[2025-05-02T13:16:46.043+0000] {processor.py:809} INFO - DAG(s) dict_keys(['data_pipeline']) retrieved from /opt/airflow/dags/data-pipeline.py
[2025-05-02T13:16:46.440+0000] {logging_mixin.py:149} INFO - [2025-05-02T13:16:46.143+0000] {dag.py:2726} INFO - Sync 1 DAGs
[2025-05-02T13:16:46.526+0000] {logging_mixin.py:149} INFO - [2025-05-02T13:16:46.526+0000] {dag.py:3490} INFO - Setting next_dagrun for data_pipeline to 2025-05-01T00:00:00+00:00, run_after=2025-06-01T00:00:00+00:00
[2025-05-02T13:16:46.601+0000] {processor.py:178} INFO - Processing /opt/airflow/dags/data-pipeline.py took 2.046 seconds
[2025-05-02T13:17:17.293+0000] {processor.py:156} INFO - Started process (PID=3558) to work on /opt/airflow/dags/data-pipeline.py
[2025-05-02T13:17:17.305+0000] {processor.py:799} INFO - Processing file /opt/airflow/dags/data-pipeline.py for tasks to queue
[2025-05-02T13:17:17.308+0000] {logging_mixin.py:149} INFO - [2025-05-02T13:17:17.307+0000] {dagbag.py:541} INFO - Filling up the DagBag from /opt/airflow/dags/data-pipeline.py
[2025-05-02T13:17:18.435+0000] {processor.py:809} INFO - DAG(s) dict_keys(['data_pipeline']) retrieved from /opt/airflow/dags/data-pipeline.py
[2025-05-02T13:17:18.521+0000] {logging_mixin.py:149} INFO - [2025-05-02T13:17:18.518+0000] {dag.py:2726} INFO - Sync 1 DAGs
[2025-05-02T13:17:18.611+0000] {logging_mixin.py:149} INFO - [2025-05-02T13:17:18.611+0000] {dag.py:3490} INFO - Setting next_dagrun for data_pipeline to 2025-05-01T00:00:00+00:00, run_after=2025-06-01T00:00:00+00:00
[2025-05-02T13:17:18.697+0000] {processor.py:178} INFO - Processing /opt/airflow/dags/data-pipeline.py took 1.415 seconds
[2025-05-02T13:17:49.453+0000] {processor.py:156} INFO - Started process (PID=3592) to work on /opt/airflow/dags/data-pipeline.py
[2025-05-02T13:17:49.457+0000] {processor.py:799} INFO - Processing file /opt/airflow/dags/data-pipeline.py for tasks to queue
[2025-05-02T13:17:49.459+0000] {logging_mixin.py:149} INFO - [2025-05-02T13:17:49.459+0000] {dagbag.py:541} INFO - Filling up the DagBag from /opt/airflow/dags/data-pipeline.py
[2025-05-02T13:17:50.915+0000] {processor.py:809} INFO - DAG(s) dict_keys(['data_pipeline']) retrieved from /opt/airflow/dags/data-pipeline.py
[2025-05-02T13:17:51.016+0000] {logging_mixin.py:149} INFO - [2025-05-02T13:17:51.015+0000] {dag.py:2726} INFO - Sync 1 DAGs
[2025-05-02T13:17:52.407+0000] {logging_mixin.py:149} INFO - [2025-05-02T13:17:52.407+0000] {dag.py:3490} INFO - Setting next_dagrun for data_pipeline to 2025-05-01T00:00:00+00:00, run_after=2025-06-01T00:00:00+00:00
[2025-05-02T13:17:52.502+0000] {processor.py:178} INFO - Processing /opt/airflow/dags/data-pipeline.py took 3.056 seconds
[2025-05-02T13:18:23.349+0000] {processor.py:156} INFO - Started process (PID=3626) to work on /opt/airflow/dags/data-pipeline.py
[2025-05-02T13:18:23.351+0000] {processor.py:799} INFO - Processing file /opt/airflow/dags/data-pipeline.py for tasks to queue
[2025-05-02T13:18:23.354+0000] {logging_mixin.py:149} INFO - [2025-05-02T13:18:23.354+0000] {dagbag.py:541} INFO - Filling up the DagBag from /opt/airflow/dags/data-pipeline.py
[2025-05-02T13:18:24.753+0000] {processor.py:809} INFO - DAG(s) dict_keys(['data_pipeline']) retrieved from /opt/airflow/dags/data-pipeline.py
[2025-05-02T13:18:25.313+0000] {logging_mixin.py:149} INFO - [2025-05-02T13:18:24.849+0000] {dag.py:2726} INFO - Sync 1 DAGs
[2025-05-02T13:18:25.566+0000] {logging_mixin.py:149} INFO - [2025-05-02T13:18:25.565+0000] {dag.py:3490} INFO - Setting next_dagrun for data_pipeline to 2025-05-01T00:00:00+00:00, run_after=2025-06-01T00:00:00+00:00
[2025-05-02T13:18:25.703+0000] {processor.py:178} INFO - Processing /opt/airflow/dags/data-pipeline.py took 2.361 seconds
[2025-05-02T13:18:56.334+0000] {processor.py:156} INFO - Started process (PID=3660) to work on /opt/airflow/dags/data-pipeline.py
[2025-05-02T13:18:56.336+0000] {processor.py:799} INFO - Processing file /opt/airflow/dags/data-pipeline.py for tasks to queue
[2025-05-02T13:18:56.337+0000] {logging_mixin.py:149} INFO - [2025-05-02T13:18:56.337+0000] {dagbag.py:541} INFO - Filling up the DagBag from /opt/airflow/dags/data-pipeline.py
[2025-05-02T13:18:57.802+0000] {processor.py:809} INFO - DAG(s) dict_keys(['data_pipeline']) retrieved from /opt/airflow/dags/data-pipeline.py
[2025-05-02T13:18:57.884+0000] {logging_mixin.py:149} INFO - [2025-05-02T13:18:57.883+0000] {dag.py:2726} INFO - Sync 1 DAGs
[2025-05-02T13:18:57.971+0000] {logging_mixin.py:149} INFO - [2025-05-02T13:18:57.971+0000] {dag.py:3490} INFO - Setting next_dagrun for data_pipeline to 2025-05-01T00:00:00+00:00, run_after=2025-06-01T00:00:00+00:00
[2025-05-02T13:18:58.066+0000] {processor.py:178} INFO - Processing /opt/airflow/dags/data-pipeline.py took 1.741 seconds
[2025-05-02T13:19:28.774+0000] {processor.py:156} INFO - Started process (PID=3694) to work on /opt/airflow/dags/data-pipeline.py
[2025-05-02T13:19:28.778+0000] {processor.py:799} INFO - Processing file /opt/airflow/dags/data-pipeline.py for tasks to queue
[2025-05-02T13:19:28.780+0000] {logging_mixin.py:149} INFO - [2025-05-02T13:19:28.780+0000] {dagbag.py:541} INFO - Filling up the DagBag from /opt/airflow/dags/data-pipeline.py
[2025-05-02T13:19:30.152+0000] {processor.py:809} INFO - DAG(s) dict_keys(['data_pipeline']) retrieved from /opt/airflow/dags/data-pipeline.py
[2025-05-02T13:19:30.240+0000] {logging_mixin.py:149} INFO - [2025-05-02T13:19:30.239+0000] {dag.py:2726} INFO - Sync 1 DAGs
[2025-05-02T13:19:30.595+0000] {logging_mixin.py:149} INFO - [2025-05-02T13:19:30.595+0000] {dag.py:3490} INFO - Setting next_dagrun for data_pipeline to 2025-05-01T00:00:00+00:00, run_after=2025-06-01T00:00:00+00:00
[2025-05-02T13:19:30.670+0000] {processor.py:178} INFO - Processing /opt/airflow/dags/data-pipeline.py took 1.905 seconds
[2025-05-02T13:20:01.143+0000] {processor.py:156} INFO - Started process (PID=3728) to work on /opt/airflow/dags/data-pipeline.py
[2025-05-02T13:20:01.146+0000] {processor.py:799} INFO - Processing file /opt/airflow/dags/data-pipeline.py for tasks to queue
[2025-05-02T13:20:01.149+0000] {logging_mixin.py:149} INFO - [2025-05-02T13:20:01.148+0000] {dagbag.py:541} INFO - Filling up the DagBag from /opt/airflow/dags/data-pipeline.py
[2025-05-02T13:20:02.478+0000] {processor.py:809} INFO - DAG(s) dict_keys(['data_pipeline']) retrieved from /opt/airflow/dags/data-pipeline.py
[2025-05-02T13:20:02.860+0000] {logging_mixin.py:149} INFO - [2025-05-02T13:20:02.554+0000] {dag.py:2726} INFO - Sync 1 DAGs
[2025-05-02T13:20:02.947+0000] {logging_mixin.py:149} INFO - [2025-05-02T13:20:02.947+0000] {dag.py:3490} INFO - Setting next_dagrun for data_pipeline to 2025-05-01T00:00:00+00:00, run_after=2025-06-01T00:00:00+00:00
[2025-05-02T13:20:03.021+0000] {processor.py:178} INFO - Processing /opt/airflow/dags/data-pipeline.py took 1.885 seconds
[2025-05-02T13:20:33.582+0000] {processor.py:156} INFO - Started process (PID=3762) to work on /opt/airflow/dags/data-pipeline.py
[2025-05-02T13:20:33.584+0000] {processor.py:799} INFO - Processing file /opt/airflow/dags/data-pipeline.py for tasks to queue
[2025-05-02T13:20:33.588+0000] {logging_mixin.py:149} INFO - [2025-05-02T13:20:33.587+0000] {dagbag.py:541} INFO - Filling up the DagBag from /opt/airflow/dags/data-pipeline.py
[2025-05-02T13:20:34.863+0000] {processor.py:809} INFO - DAG(s) dict_keys(['data_pipeline']) retrieved from /opt/airflow/dags/data-pipeline.py
[2025-05-02T13:20:34.928+0000] {logging_mixin.py:149} INFO - [2025-05-02T13:20:34.927+0000] {dag.py:2726} INFO - Sync 1 DAGs
[2025-05-02T13:20:35.003+0000] {logging_mixin.py:149} INFO - [2025-05-02T13:20:35.002+0000] {dag.py:3490} INFO - Setting next_dagrun for data_pipeline to 2025-05-01T00:00:00+00:00, run_after=2025-06-01T00:00:00+00:00
[2025-05-02T13:20:35.086+0000] {processor.py:178} INFO - Processing /opt/airflow/dags/data-pipeline.py took 1.511 seconds
[2025-05-02T13:21:05.712+0000] {processor.py:156} INFO - Started process (PID=3796) to work on /opt/airflow/dags/data-pipeline.py
[2025-05-02T13:21:05.715+0000] {processor.py:799} INFO - Processing file /opt/airflow/dags/data-pipeline.py for tasks to queue
[2025-05-02T13:21:05.717+0000] {logging_mixin.py:149} INFO - [2025-05-02T13:21:05.717+0000] {dagbag.py:541} INFO - Filling up the DagBag from /opt/airflow/dags/data-pipeline.py
[2025-05-02T13:21:06.962+0000] {processor.py:809} INFO - DAG(s) dict_keys(['data_pipeline']) retrieved from /opt/airflow/dags/data-pipeline.py
[2025-05-02T13:21:07.102+0000] {logging_mixin.py:149} INFO - [2025-05-02T13:21:07.100+0000] {dag.py:2726} INFO - Sync 1 DAGs
[2025-05-02T13:21:07.476+0000] {logging_mixin.py:149} INFO - [2025-05-02T13:21:07.475+0000] {dag.py:3490} INFO - Setting next_dagrun for data_pipeline to 2025-05-01T00:00:00+00:00, run_after=2025-06-01T00:00:00+00:00
[2025-05-02T13:21:07.568+0000] {processor.py:178} INFO - Processing /opt/airflow/dags/data-pipeline.py took 1.864 seconds
[2025-05-02T13:21:38.219+0000] {processor.py:156} INFO - Started process (PID=3830) to work on /opt/airflow/dags/data-pipeline.py
[2025-05-02T13:21:38.222+0000] {processor.py:799} INFO - Processing file /opt/airflow/dags/data-pipeline.py for tasks to queue
[2025-05-02T13:21:38.225+0000] {logging_mixin.py:149} INFO - [2025-05-02T13:21:38.225+0000] {dagbag.py:541} INFO - Filling up the DagBag from /opt/airflow/dags/data-pipeline.py
[2025-05-02T13:21:39.539+0000] {processor.py:809} INFO - DAG(s) dict_keys(['data_pipeline']) retrieved from /opt/airflow/dags/data-pipeline.py
[2025-05-02T13:21:40.012+0000] {logging_mixin.py:149} INFO - [2025-05-02T13:21:39.703+0000] {dag.py:2726} INFO - Sync 1 DAGs
[2025-05-02T13:21:40.099+0000] {logging_mixin.py:149} INFO - [2025-05-02T13:21:40.099+0000] {dag.py:3490} INFO - Setting next_dagrun for data_pipeline to 2025-05-01T00:00:00+00:00, run_after=2025-06-01T00:00:00+00:00
[2025-05-02T13:21:40.181+0000] {processor.py:178} INFO - Processing /opt/airflow/dags/data-pipeline.py took 1.973 seconds
[2025-05-02T13:22:10.875+0000] {processor.py:156} INFO - Started process (PID=3864) to work on /opt/airflow/dags/data-pipeline.py
[2025-05-02T13:22:10.878+0000] {processor.py:799} INFO - Processing file /opt/airflow/dags/data-pipeline.py for tasks to queue
[2025-05-02T13:22:10.880+0000] {logging_mixin.py:149} INFO - [2025-05-02T13:22:10.880+0000] {dagbag.py:541} INFO - Filling up the DagBag from /opt/airflow/dags/data-pipeline.py
[2025-05-02T13:22:12.317+0000] {processor.py:809} INFO - DAG(s) dict_keys(['data_pipeline']) retrieved from /opt/airflow/dags/data-pipeline.py
[2025-05-02T13:22:12.392+0000] {logging_mixin.py:149} INFO - [2025-05-02T13:22:12.391+0000] {dag.py:2726} INFO - Sync 1 DAGs
[2025-05-02T13:22:12.478+0000] {logging_mixin.py:149} INFO - [2025-05-02T13:22:12.478+0000] {dag.py:3490} INFO - Setting next_dagrun for data_pipeline to 2025-05-01T00:00:00+00:00, run_after=2025-06-01T00:00:00+00:00
[2025-05-02T13:22:12.558+0000] {processor.py:178} INFO - Processing /opt/airflow/dags/data-pipeline.py took 1.693 seconds
[2025-05-02T13:22:43.310+0000] {processor.py:156} INFO - Started process (PID=3898) to work on /opt/airflow/dags/data-pipeline.py
[2025-05-02T13:22:43.314+0000] {processor.py:799} INFO - Processing file /opt/airflow/dags/data-pipeline.py for tasks to queue
[2025-05-02T13:22:43.317+0000] {logging_mixin.py:149} INFO - [2025-05-02T13:22:43.317+0000] {dagbag.py:541} INFO - Filling up the DagBag from /opt/airflow/dags/data-pipeline.py
[2025-05-02T13:22:44.679+0000] {processor.py:809} INFO - DAG(s) dict_keys(['data_pipeline']) retrieved from /opt/airflow/dags/data-pipeline.py
[2025-05-02T13:22:44.745+0000] {logging_mixin.py:149} INFO - [2025-05-02T13:22:44.744+0000] {dag.py:2726} INFO - Sync 1 DAGs
[2025-05-02T13:22:45.101+0000] {logging_mixin.py:149} INFO - [2025-05-02T13:22:45.101+0000] {dag.py:3490} INFO - Setting next_dagrun for data_pipeline to 2025-05-01T00:00:00+00:00, run_after=2025-06-01T00:00:00+00:00
[2025-05-02T13:22:45.174+0000] {processor.py:178} INFO - Processing /opt/airflow/dags/data-pipeline.py took 1.875 seconds
[2025-05-02T13:23:15.748+0000] {processor.py:156} INFO - Started process (PID=3932) to work on /opt/airflow/dags/data-pipeline.py
[2025-05-02T13:23:15.751+0000] {processor.py:799} INFO - Processing file /opt/airflow/dags/data-pipeline.py for tasks to queue
[2025-05-02T13:23:15.754+0000] {logging_mixin.py:149} INFO - [2025-05-02T13:23:15.753+0000] {dagbag.py:541} INFO - Filling up the DagBag from /opt/airflow/dags/data-pipeline.py
[2025-05-02T13:23:16.960+0000] {processor.py:809} INFO - DAG(s) dict_keys(['data_pipeline']) retrieved from /opt/airflow/dags/data-pipeline.py
[2025-05-02T13:23:17.274+0000] {logging_mixin.py:149} INFO - [2025-05-02T13:23:17.036+0000] {dag.py:2726} INFO - Sync 1 DAGs
[2025-05-02T13:23:17.370+0000] {logging_mixin.py:149} INFO - [2025-05-02T13:23:17.370+0000] {dag.py:3490} INFO - Setting next_dagrun for data_pipeline to 2025-05-01T00:00:00+00:00, run_after=2025-06-01T00:00:00+00:00
[2025-05-02T13:23:17.451+0000] {processor.py:178} INFO - Processing /opt/airflow/dags/data-pipeline.py took 1.710 seconds
[2025-05-02T13:23:48.193+0000] {processor.py:156} INFO - Started process (PID=3966) to work on /opt/airflow/dags/data-pipeline.py
[2025-05-02T13:23:48.197+0000] {processor.py:799} INFO - Processing file /opt/airflow/dags/data-pipeline.py for tasks to queue
[2025-05-02T13:23:48.199+0000] {logging_mixin.py:149} INFO - [2025-05-02T13:23:48.199+0000] {dagbag.py:541} INFO - Filling up the DagBag from /opt/airflow/dags/data-pipeline.py
[2025-05-02T13:23:49.354+0000] {processor.py:809} INFO - DAG(s) dict_keys(['data_pipeline']) retrieved from /opt/airflow/dags/data-pipeline.py
[2025-05-02T13:23:49.502+0000] {logging_mixin.py:149} INFO - [2025-05-02T13:23:49.501+0000] {dag.py:2726} INFO - Sync 1 DAGs
[2025-05-02T13:23:49.593+0000] {logging_mixin.py:149} INFO - [2025-05-02T13:23:49.592+0000] {dag.py:3490} INFO - Setting next_dagrun for data_pipeline to 2025-05-01T00:00:00+00:00, run_after=2025-06-01T00:00:00+00:00
[2025-05-02T13:23:49.683+0000] {processor.py:178} INFO - Processing /opt/airflow/dags/data-pipeline.py took 1.500 seconds
[2025-05-02T13:24:20.341+0000] {processor.py:156} INFO - Started process (PID=4000) to work on /opt/airflow/dags/data-pipeline.py
[2025-05-02T13:24:20.344+0000] {processor.py:799} INFO - Processing file /opt/airflow/dags/data-pipeline.py for tasks to queue
[2025-05-02T13:24:20.346+0000] {logging_mixin.py:149} INFO - [2025-05-02T13:24:20.346+0000] {dagbag.py:541} INFO - Filling up the DagBag from /opt/airflow/dags/data-pipeline.py
[2025-05-02T13:24:21.620+0000] {processor.py:809} INFO - DAG(s) dict_keys(['data_pipeline']) retrieved from /opt/airflow/dags/data-pipeline.py
[2025-05-02T13:24:21.738+0000] {logging_mixin.py:149} INFO - [2025-05-02T13:24:21.737+0000] {dag.py:2726} INFO - Sync 1 DAGs
[2025-05-02T13:24:22.266+0000] {logging_mixin.py:149} INFO - [2025-05-02T13:24:22.265+0000] {dag.py:3490} INFO - Setting next_dagrun for data_pipeline to 2025-05-01T00:00:00+00:00, run_after=2025-06-01T00:00:00+00:00
[2025-05-02T13:24:22.395+0000] {processor.py:178} INFO - Processing /opt/airflow/dags/data-pipeline.py took 2.063 seconds
[2025-05-02T13:24:52.805+0000] {processor.py:156} INFO - Started process (PID=4034) to work on /opt/airflow/dags/data-pipeline.py
[2025-05-02T13:24:52.809+0000] {processor.py:799} INFO - Processing file /opt/airflow/dags/data-pipeline.py for tasks to queue
[2025-05-02T13:24:52.811+0000] {logging_mixin.py:149} INFO - [2025-05-02T13:24:52.811+0000] {dagbag.py:541} INFO - Filling up the DagBag from /opt/airflow/dags/data-pipeline.py
[2025-05-02T13:24:53.696+0000] {processor.py:809} INFO - DAG(s) dict_keys(['data_pipeline']) retrieved from /opt/airflow/dags/data-pipeline.py
[2025-05-02T13:24:53.960+0000] {logging_mixin.py:149} INFO - [2025-05-02T13:24:53.743+0000] {dag.py:2726} INFO - Sync 1 DAGs
[2025-05-02T13:24:54.003+0000] {logging_mixin.py:149} INFO - [2025-05-02T13:24:54.003+0000] {dag.py:3490} INFO - Setting next_dagrun for data_pipeline to 2025-05-01T00:00:00+00:00, run_after=2025-06-01T00:00:00+00:00
[2025-05-02T13:24:54.062+0000] {processor.py:178} INFO - Processing /opt/airflow/dags/data-pipeline.py took 1.262 seconds
[2025-05-02T13:25:24.383+0000] {processor.py:156} INFO - Started process (PID=4068) to work on /opt/airflow/dags/data-pipeline.py
[2025-05-02T13:25:24.385+0000] {processor.py:799} INFO - Processing file /opt/airflow/dags/data-pipeline.py for tasks to queue
[2025-05-02T13:25:24.386+0000] {logging_mixin.py:149} INFO - [2025-05-02T13:25:24.385+0000] {dagbag.py:541} INFO - Filling up the DagBag from /opt/airflow/dags/data-pipeline.py
[2025-05-02T13:25:24.982+0000] {processor.py:809} INFO - DAG(s) dict_keys(['data_pipeline']) retrieved from /opt/airflow/dags/data-pipeline.py
[2025-05-02T13:25:25.019+0000] {logging_mixin.py:149} INFO - [2025-05-02T13:25:25.019+0000] {dag.py:2726} INFO - Sync 1 DAGs
[2025-05-02T13:25:25.054+0000] {logging_mixin.py:149} INFO - [2025-05-02T13:25:25.054+0000] {dag.py:3490} INFO - Setting next_dagrun for data_pipeline to 2025-05-01T00:00:00+00:00, run_after=2025-06-01T00:00:00+00:00
[2025-05-02T13:25:25.101+0000] {processor.py:178} INFO - Processing /opt/airflow/dags/data-pipeline.py took 0.722 seconds
[2025-05-02T13:25:55.399+0000] {processor.py:156} INFO - Started process (PID=4102) to work on /opt/airflow/dags/data-pipeline.py
[2025-05-02T13:25:55.400+0000] {processor.py:799} INFO - Processing file /opt/airflow/dags/data-pipeline.py for tasks to queue
[2025-05-02T13:25:55.401+0000] {logging_mixin.py:149} INFO - [2025-05-02T13:25:55.401+0000] {dagbag.py:541} INFO - Filling up the DagBag from /opt/airflow/dags/data-pipeline.py
[2025-05-02T13:25:55.944+0000] {processor.py:809} INFO - DAG(s) dict_keys(['data_pipeline']) retrieved from /opt/airflow/dags/data-pipeline.py
[2025-05-02T13:25:55.985+0000] {logging_mixin.py:149} INFO - [2025-05-02T13:25:55.984+0000] {dag.py:2726} INFO - Sync 1 DAGs
[2025-05-02T13:25:56.228+0000] {logging_mixin.py:149} INFO - [2025-05-02T13:25:56.228+0000] {dag.py:3490} INFO - Setting next_dagrun for data_pipeline to 2025-05-01T00:00:00+00:00, run_after=2025-06-01T00:00:00+00:00
[2025-05-02T13:25:56.272+0000] {processor.py:178} INFO - Processing /opt/airflow/dags/data-pipeline.py took 0.877 seconds
[2025-05-02T13:26:26.687+0000] {processor.py:156} INFO - Started process (PID=4136) to work on /opt/airflow/dags/data-pipeline.py
[2025-05-02T13:26:26.690+0000] {processor.py:799} INFO - Processing file /opt/airflow/dags/data-pipeline.py for tasks to queue
[2025-05-02T13:26:26.691+0000] {logging_mixin.py:149} INFO - [2025-05-02T13:26:26.691+0000] {dagbag.py:541} INFO - Filling up the DagBag from /opt/airflow/dags/data-pipeline.py
[2025-05-02T13:26:27.490+0000] {processor.py:809} INFO - DAG(s) dict_keys(['data_pipeline']) retrieved from /opt/airflow/dags/data-pipeline.py
[2025-05-02T13:26:27.820+0000] {logging_mixin.py:149} INFO - [2025-05-02T13:26:27.557+0000] {dag.py:2726} INFO - Sync 1 DAGs
[2025-05-02T13:26:27.857+0000] {logging_mixin.py:149} INFO - [2025-05-02T13:26:27.857+0000] {dag.py:3490} INFO - Setting next_dagrun for data_pipeline to 2025-05-01T00:00:00+00:00, run_after=2025-06-01T00:00:00+00:00
[2025-05-02T13:26:27.907+0000] {processor.py:178} INFO - Processing /opt/airflow/dags/data-pipeline.py took 1.227 seconds
[2025-05-02T13:26:58.886+0000] {processor.py:156} INFO - Started process (PID=4170) to work on /opt/airflow/dags/data-pipeline.py
[2025-05-02T13:26:58.899+0000] {processor.py:799} INFO - Processing file /opt/airflow/dags/data-pipeline.py for tasks to queue
[2025-05-02T13:26:58.910+0000] {logging_mixin.py:149} INFO - [2025-05-02T13:26:58.909+0000] {dagbag.py:541} INFO - Filling up the DagBag from /opt/airflow/dags/data-pipeline.py
[2025-05-02T13:27:01.953+0000] {processor.py:809} INFO - DAG(s) dict_keys(['data_pipeline']) retrieved from /opt/airflow/dags/data-pipeline.py
[2025-05-02T13:27:03.299+0000] {logging_mixin.py:149} INFO - [2025-05-02T13:27:03.292+0000] {dag.py:2726} INFO - Sync 1 DAGs
[2025-05-02T13:27:03.656+0000] {logging_mixin.py:149} INFO - [2025-05-02T13:27:03.652+0000] {dag.py:3490} INFO - Setting next_dagrun for data_pipeline to 2025-05-01T00:00:00+00:00, run_after=2025-06-01T00:00:00+00:00
[2025-05-02T13:27:03.895+0000] {processor.py:178} INFO - Processing /opt/airflow/dags/data-pipeline.py took 5.066 seconds
[2025-05-02T13:27:34.973+0000] {processor.py:156} INFO - Started process (PID=4201) to work on /opt/airflow/dags/data-pipeline.py
[2025-05-02T13:27:35.026+0000] {processor.py:799} INFO - Processing file /opt/airflow/dags/data-pipeline.py for tasks to queue
[2025-05-02T13:27:35.032+0000] {logging_mixin.py:149} INFO - [2025-05-02T13:27:35.031+0000] {dagbag.py:541} INFO - Filling up the DagBag from /opt/airflow/dags/data-pipeline.py
[2025-05-02T13:27:36.320+0000] {processor.py:809} INFO - DAG(s) dict_keys(['data_pipeline']) retrieved from /opt/airflow/dags/data-pipeline.py
[2025-05-02T13:27:36.438+0000] {logging_mixin.py:149} INFO - [2025-05-02T13:27:36.437+0000] {dag.py:2726} INFO - Sync 1 DAGs
[2025-05-02T13:27:36.995+0000] {logging_mixin.py:149} INFO - [2025-05-02T13:27:36.994+0000] {dag.py:3490} INFO - Setting next_dagrun for data_pipeline to 2025-05-01T00:00:00+00:00, run_after=2025-06-01T00:00:00+00:00
[2025-05-02T13:27:37.074+0000] {processor.py:178} INFO - Processing /opt/airflow/dags/data-pipeline.py took 2.149 seconds
[2025-05-02T13:28:07.480+0000] {processor.py:156} INFO - Started process (PID=4238) to work on /opt/airflow/dags/data-pipeline.py
[2025-05-02T13:28:07.485+0000] {processor.py:799} INFO - Processing file /opt/airflow/dags/data-pipeline.py for tasks to queue
[2025-05-02T13:28:07.488+0000] {logging_mixin.py:149} INFO - [2025-05-02T13:28:07.487+0000] {dagbag.py:541} INFO - Filling up the DagBag from /opt/airflow/dags/data-pipeline.py
[2025-05-02T13:28:08.206+0000] {processor.py:809} INFO - DAG(s) dict_keys(['data_pipeline']) retrieved from /opt/airflow/dags/data-pipeline.py
[2025-05-02T13:28:08.600+0000] {logging_mixin.py:149} INFO - [2025-05-02T13:28:08.266+0000] {dag.py:2726} INFO - Sync 1 DAGs
[2025-05-02T13:28:08.775+0000] {logging_mixin.py:149} INFO - [2025-05-02T13:28:08.774+0000] {dag.py:3490} INFO - Setting next_dagrun for data_pipeline to 2025-05-01T00:00:00+00:00, run_after=2025-06-01T00:00:00+00:00
[2025-05-02T13:28:08.898+0000] {processor.py:178} INFO - Processing /opt/airflow/dags/data-pipeline.py took 1.426 seconds
[2025-05-02T13:28:39.257+0000] {processor.py:156} INFO - Started process (PID=4272) to work on /opt/airflow/dags/data-pipeline.py
[2025-05-02T13:28:39.259+0000] {processor.py:799} INFO - Processing file /opt/airflow/dags/data-pipeline.py for tasks to queue
[2025-05-02T13:28:39.260+0000] {logging_mixin.py:149} INFO - [2025-05-02T13:28:39.260+0000] {dagbag.py:541} INFO - Filling up the DagBag from /opt/airflow/dags/data-pipeline.py
[2025-05-02T13:28:40.057+0000] {processor.py:809} INFO - DAG(s) dict_keys(['data_pipeline']) retrieved from /opt/airflow/dags/data-pipeline.py
[2025-05-02T13:28:40.118+0000] {logging_mixin.py:149} INFO - [2025-05-02T13:28:40.117+0000] {dag.py:2726} INFO - Sync 1 DAGs
[2025-05-02T13:28:40.173+0000] {logging_mixin.py:149} INFO - [2025-05-02T13:28:40.173+0000] {dag.py:3490} INFO - Setting next_dagrun for data_pipeline to 2025-05-01T00:00:00+00:00, run_after=2025-06-01T00:00:00+00:00
[2025-05-02T13:28:40.240+0000] {processor.py:178} INFO - Processing /opt/airflow/dags/data-pipeline.py took 0.988 seconds
[2025-05-02T13:29:10.635+0000] {processor.py:156} INFO - Started process (PID=4306) to work on /opt/airflow/dags/data-pipeline.py
[2025-05-02T13:29:10.640+0000] {processor.py:799} INFO - Processing file /opt/airflow/dags/data-pipeline.py for tasks to queue
[2025-05-02T13:29:10.642+0000] {logging_mixin.py:149} INFO - [2025-05-02T13:29:10.642+0000] {dagbag.py:541} INFO - Filling up the DagBag from /opt/airflow/dags/data-pipeline.py
[2025-05-02T13:29:11.443+0000] {processor.py:809} INFO - DAG(s) dict_keys(['data_pipeline']) retrieved from /opt/airflow/dags/data-pipeline.py
[2025-05-02T13:29:11.498+0000] {logging_mixin.py:149} INFO - [2025-05-02T13:29:11.497+0000] {dag.py:2726} INFO - Sync 1 DAGs
[2025-05-02T13:29:11.920+0000] {logging_mixin.py:149} INFO - [2025-05-02T13:29:11.919+0000] {dag.py:3490} INFO - Setting next_dagrun for data_pipeline to 2025-05-01T00:00:00+00:00, run_after=2025-06-01T00:00:00+00:00
[2025-05-02T13:29:12.032+0000] {processor.py:178} INFO - Processing /opt/airflow/dags/data-pipeline.py took 1.402 seconds
[2025-05-02T13:29:42.409+0000] {processor.py:156} INFO - Started process (PID=4340) to work on /opt/airflow/dags/data-pipeline.py
[2025-05-02T13:29:42.411+0000] {processor.py:799} INFO - Processing file /opt/airflow/dags/data-pipeline.py for tasks to queue
[2025-05-02T13:29:42.413+0000] {logging_mixin.py:149} INFO - [2025-05-02T13:29:42.412+0000] {dagbag.py:541} INFO - Filling up the DagBag from /opt/airflow/dags/data-pipeline.py
[2025-05-02T13:29:43.015+0000] {processor.py:809} INFO - DAG(s) dict_keys(['data_pipeline']) retrieved from /opt/airflow/dags/data-pipeline.py
[2025-05-02T13:29:43.276+0000] {logging_mixin.py:149} INFO - [2025-05-02T13:29:43.073+0000] {dag.py:2726} INFO - Sync 1 DAGs
[2025-05-02T13:29:43.318+0000] {logging_mixin.py:149} INFO - [2025-05-02T13:29:43.318+0000] {dag.py:3490} INFO - Setting next_dagrun for data_pipeline to 2025-05-01T00:00:00+00:00, run_after=2025-06-01T00:00:00+00:00
[2025-05-02T13:29:43.382+0000] {processor.py:178} INFO - Processing /opt/airflow/dags/data-pipeline.py took 0.980 seconds
[2025-05-02T13:30:13.735+0000] {processor.py:156} INFO - Started process (PID=4374) to work on /opt/airflow/dags/data-pipeline.py
[2025-05-02T13:30:13.737+0000] {processor.py:799} INFO - Processing file /opt/airflow/dags/data-pipeline.py for tasks to queue
[2025-05-02T13:30:13.738+0000] {logging_mixin.py:149} INFO - [2025-05-02T13:30:13.738+0000] {dagbag.py:541} INFO - Filling up the DagBag from /opt/airflow/dags/data-pipeline.py
[2025-05-02T13:30:14.334+0000] {processor.py:809} INFO - DAG(s) dict_keys(['data_pipeline']) retrieved from /opt/airflow/dags/data-pipeline.py
[2025-05-02T13:30:14.398+0000] {logging_mixin.py:149} INFO - [2025-05-02T13:30:14.397+0000] {dag.py:2726} INFO - Sync 1 DAGs
[2025-05-02T13:30:14.458+0000] {logging_mixin.py:149} INFO - [2025-05-02T13:30:14.458+0000] {dag.py:3490} INFO - Setting next_dagrun for data_pipeline to 2025-05-01T00:00:00+00:00, run_after=2025-06-01T00:00:00+00:00
[2025-05-02T13:30:14.535+0000] {processor.py:178} INFO - Processing /opt/airflow/dags/data-pipeline.py took 0.804 seconds
[2025-05-02T13:30:45.005+0000] {processor.py:156} INFO - Started process (PID=4408) to work on /opt/airflow/dags/data-pipeline.py
[2025-05-02T13:30:45.006+0000] {processor.py:799} INFO - Processing file /opt/airflow/dags/data-pipeline.py for tasks to queue
[2025-05-02T13:30:45.008+0000] {logging_mixin.py:149} INFO - [2025-05-02T13:30:45.008+0000] {dagbag.py:541} INFO - Filling up the DagBag from /opt/airflow/dags/data-pipeline.py
[2025-05-02T13:30:45.625+0000] {processor.py:809} INFO - DAG(s) dict_keys(['data_pipeline']) retrieved from /opt/airflow/dags/data-pipeline.py
[2025-05-02T13:30:45.673+0000] {logging_mixin.py:149} INFO - [2025-05-02T13:30:45.672+0000] {dag.py:2726} INFO - Sync 1 DAGs
[2025-05-02T13:30:45.913+0000] {logging_mixin.py:149} INFO - [2025-05-02T13:30:45.912+0000] {dag.py:3490} INFO - Setting next_dagrun for data_pipeline to 2025-05-01T00:00:00+00:00, run_after=2025-06-01T00:00:00+00:00
[2025-05-02T13:30:45.965+0000] {processor.py:178} INFO - Processing /opt/airflow/dags/data-pipeline.py took 0.965 seconds
[2025-05-02T13:31:16.322+0000] {processor.py:156} INFO - Started process (PID=4442) to work on /opt/airflow/dags/data-pipeline.py
[2025-05-02T13:31:16.324+0000] {processor.py:799} INFO - Processing file /opt/airflow/dags/data-pipeline.py for tasks to queue
[2025-05-02T13:31:16.325+0000] {logging_mixin.py:149} INFO - [2025-05-02T13:31:16.325+0000] {dagbag.py:541} INFO - Filling up the DagBag from /opt/airflow/dags/data-pipeline.py
[2025-05-02T13:31:16.902+0000] {processor.py:809} INFO - DAG(s) dict_keys(['data_pipeline']) retrieved from /opt/airflow/dags/data-pipeline.py
[2025-05-02T13:31:17.191+0000] {logging_mixin.py:149} INFO - [2025-05-02T13:31:16.946+0000] {dag.py:2726} INFO - Sync 1 DAGs
[2025-05-02T13:31:17.358+0000] {logging_mixin.py:149} INFO - [2025-05-02T13:31:17.357+0000] {dag.py:3490} INFO - Setting next_dagrun for data_pipeline to 2025-05-01T00:00:00+00:00, run_after=2025-06-01T00:00:00+00:00
[2025-05-02T13:31:17.459+0000] {processor.py:178} INFO - Processing /opt/airflow/dags/data-pipeline.py took 1.141 seconds
[2025-05-02T13:31:47.771+0000] {processor.py:156} INFO - Started process (PID=4476) to work on /opt/airflow/dags/data-pipeline.py
[2025-05-02T13:31:47.775+0000] {processor.py:799} INFO - Processing file /opt/airflow/dags/data-pipeline.py for tasks to queue
[2025-05-02T13:31:47.777+0000] {logging_mixin.py:149} INFO - [2025-05-02T13:31:47.776+0000] {dagbag.py:541} INFO - Filling up the DagBag from /opt/airflow/dags/data-pipeline.py
[2025-05-02T13:31:48.609+0000] {processor.py:809} INFO - DAG(s) dict_keys(['data_pipeline']) retrieved from /opt/airflow/dags/data-pipeline.py
[2025-05-02T13:31:48.677+0000] {logging_mixin.py:149} INFO - [2025-05-02T13:31:48.676+0000] {dag.py:2726} INFO - Sync 1 DAGs
[2025-05-02T13:31:48.724+0000] {logging_mixin.py:149} INFO - [2025-05-02T13:31:48.723+0000] {dag.py:3490} INFO - Setting next_dagrun for data_pipeline to 2025-05-01T00:00:00+00:00, run_after=2025-06-01T00:00:00+00:00
[2025-05-02T13:31:48.781+0000] {processor.py:178} INFO - Processing /opt/airflow/dags/data-pipeline.py took 1.013 seconds
[2025-05-02T13:32:19.102+0000] {processor.py:156} INFO - Started process (PID=4510) to work on /opt/airflow/dags/data-pipeline.py
[2025-05-02T13:32:19.103+0000] {processor.py:799} INFO - Processing file /opt/airflow/dags/data-pipeline.py for tasks to queue
[2025-05-02T13:32:19.104+0000] {logging_mixin.py:149} INFO - [2025-05-02T13:32:19.104+0000] {dagbag.py:541} INFO - Filling up the DagBag from /opt/airflow/dags/data-pipeline.py
[2025-05-02T13:32:19.665+0000] {processor.py:809} INFO - DAG(s) dict_keys(['data_pipeline']) retrieved from /opt/airflow/dags/data-pipeline.py
[2025-05-02T13:32:19.714+0000] {logging_mixin.py:149} INFO - [2025-05-02T13:32:19.712+0000] {dag.py:2726} INFO - Sync 1 DAGs
[2025-05-02T13:32:20.083+0000] {logging_mixin.py:149} INFO - [2025-05-02T13:32:20.083+0000] {dag.py:3490} INFO - Setting next_dagrun for data_pipeline to 2025-05-01T00:00:00+00:00, run_after=2025-06-01T00:00:00+00:00
[2025-05-02T13:32:20.135+0000] {processor.py:178} INFO - Processing /opt/airflow/dags/data-pipeline.py took 1.041 seconds
[2025-05-02T13:32:50.521+0000] {processor.py:156} INFO - Started process (PID=4544) to work on /opt/airflow/dags/data-pipeline.py
[2025-05-02T13:32:50.523+0000] {processor.py:799} INFO - Processing file /opt/airflow/dags/data-pipeline.py for tasks to queue
[2025-05-02T13:32:50.526+0000] {logging_mixin.py:149} INFO - [2025-05-02T13:32:50.525+0000] {dagbag.py:541} INFO - Filling up the DagBag from /opt/airflow/dags/data-pipeline.py
[2025-05-02T13:32:51.140+0000] {processor.py:809} INFO - DAG(s) dict_keys(['data_pipeline']) retrieved from /opt/airflow/dags/data-pipeline.py
[2025-05-02T13:32:51.384+0000] {logging_mixin.py:149} INFO - [2025-05-02T13:32:51.186+0000] {dag.py:2726} INFO - Sync 1 DAGs
[2025-05-02T13:32:51.417+0000] {logging_mixin.py:149} INFO - [2025-05-02T13:32:51.417+0000] {dag.py:3490} INFO - Setting next_dagrun for data_pipeline to 2025-05-01T00:00:00+00:00, run_after=2025-06-01T00:00:00+00:00
[2025-05-02T13:32:51.461+0000] {processor.py:178} INFO - Processing /opt/airflow/dags/data-pipeline.py took 0.944 seconds
[2025-05-02T13:33:21.808+0000] {processor.py:156} INFO - Started process (PID=4578) to work on /opt/airflow/dags/data-pipeline.py
[2025-05-02T13:33:21.809+0000] {processor.py:799} INFO - Processing file /opt/airflow/dags/data-pipeline.py for tasks to queue
[2025-05-02T13:33:21.812+0000] {logging_mixin.py:149} INFO - [2025-05-02T13:33:21.811+0000] {dagbag.py:541} INFO - Filling up the DagBag from /opt/airflow/dags/data-pipeline.py
[2025-05-02T13:33:22.623+0000] {processor.py:809} INFO - DAG(s) dict_keys(['data_pipeline']) retrieved from /opt/airflow/dags/data-pipeline.py
[2025-05-02T13:33:22.676+0000] {logging_mixin.py:149} INFO - [2025-05-02T13:33:22.674+0000] {dag.py:2726} INFO - Sync 1 DAGs
[2025-05-02T13:33:22.739+0000] {logging_mixin.py:149} INFO - [2025-05-02T13:33:22.738+0000] {dag.py:3490} INFO - Setting next_dagrun for data_pipeline to 2025-05-01T00:00:00+00:00, run_after=2025-06-01T00:00:00+00:00
[2025-05-02T13:33:22.797+0000] {processor.py:178} INFO - Processing /opt/airflow/dags/data-pipeline.py took 0.993 seconds
[2025-05-02T13:33:53.130+0000] {processor.py:156} INFO - Started process (PID=4612) to work on /opt/airflow/dags/data-pipeline.py
[2025-05-02T13:33:53.131+0000] {processor.py:799} INFO - Processing file /opt/airflow/dags/data-pipeline.py for tasks to queue
[2025-05-02T13:33:53.132+0000] {logging_mixin.py:149} INFO - [2025-05-02T13:33:53.132+0000] {dagbag.py:541} INFO - Filling up the DagBag from /opt/airflow/dags/data-pipeline.py
[2025-05-02T13:33:53.683+0000] {processor.py:809} INFO - DAG(s) dict_keys(['data_pipeline']) retrieved from /opt/airflow/dags/data-pipeline.py
[2025-05-02T13:33:53.724+0000] {logging_mixin.py:149} INFO - [2025-05-02T13:33:53.724+0000] {dag.py:2726} INFO - Sync 1 DAGs
[2025-05-02T13:33:53.975+0000] {logging_mixin.py:149} INFO - [2025-05-02T13:33:53.974+0000] {dag.py:3490} INFO - Setting next_dagrun for data_pipeline to 2025-05-01T00:00:00+00:00, run_after=2025-06-01T00:00:00+00:00
[2025-05-02T13:33:54.094+0000] {processor.py:178} INFO - Processing /opt/airflow/dags/data-pipeline.py took 0.968 seconds
[2025-05-02T13:34:24.427+0000] {processor.py:156} INFO - Started process (PID=4646) to work on /opt/airflow/dags/data-pipeline.py
[2025-05-02T13:34:24.429+0000] {processor.py:799} INFO - Processing file /opt/airflow/dags/data-pipeline.py for tasks to queue
[2025-05-02T13:34:24.430+0000] {logging_mixin.py:149} INFO - [2025-05-02T13:34:24.430+0000] {dagbag.py:541} INFO - Filling up the DagBag from /opt/airflow/dags/data-pipeline.py
[2025-05-02T13:34:25.083+0000] {processor.py:809} INFO - DAG(s) dict_keys(['data_pipeline']) retrieved from /opt/airflow/dags/data-pipeline.py
[2025-05-02T13:34:25.490+0000] {logging_mixin.py:149} INFO - [2025-05-02T13:34:25.174+0000] {dag.py:2726} INFO - Sync 1 DAGs
[2025-05-02T13:34:25.649+0000] {logging_mixin.py:149} INFO - [2025-05-02T13:34:25.648+0000] {dag.py:3490} INFO - Setting next_dagrun for data_pipeline to 2025-05-01T00:00:00+00:00, run_after=2025-06-01T00:00:00+00:00
[2025-05-02T13:34:25.698+0000] {processor.py:178} INFO - Processing /opt/airflow/dags/data-pipeline.py took 1.275 seconds
[2025-05-02T13:34:56.029+0000] {processor.py:156} INFO - Started process (PID=4680) to work on /opt/airflow/dags/data-pipeline.py
[2025-05-02T13:34:56.031+0000] {processor.py:799} INFO - Processing file /opt/airflow/dags/data-pipeline.py for tasks to queue
[2025-05-02T13:34:56.032+0000] {logging_mixin.py:149} INFO - [2025-05-02T13:34:56.032+0000] {dagbag.py:541} INFO - Filling up the DagBag from /opt/airflow/dags/data-pipeline.py
[2025-05-02T13:34:56.656+0000] {processor.py:809} INFO - DAG(s) dict_keys(['data_pipeline']) retrieved from /opt/airflow/dags/data-pipeline.py
[2025-05-02T13:34:56.704+0000] {logging_mixin.py:149} INFO - [2025-05-02T13:34:56.702+0000] {dag.py:2726} INFO - Sync 1 DAGs
[2025-05-02T13:34:56.745+0000] {logging_mixin.py:149} INFO - [2025-05-02T13:34:56.745+0000] {dag.py:3490} INFO - Setting next_dagrun for data_pipeline to 2025-05-01T00:00:00+00:00, run_after=2025-06-01T00:00:00+00:00
[2025-05-02T13:34:56.802+0000] {processor.py:178} INFO - Processing /opt/airflow/dags/data-pipeline.py took 0.781 seconds
[2025-05-02T13:35:27.147+0000] {processor.py:156} INFO - Started process (PID=4714) to work on /opt/airflow/dags/data-pipeline.py
[2025-05-02T13:35:27.149+0000] {processor.py:799} INFO - Processing file /opt/airflow/dags/data-pipeline.py for tasks to queue
[2025-05-02T13:35:27.150+0000] {logging_mixin.py:149} INFO - [2025-05-02T13:35:27.150+0000] {dagbag.py:541} INFO - Filling up the DagBag from /opt/airflow/dags/data-pipeline.py
[2025-05-02T13:35:27.742+0000] {processor.py:809} INFO - DAG(s) dict_keys(['data_pipeline']) retrieved from /opt/airflow/dags/data-pipeline.py
[2025-05-02T13:35:27.963+0000] {logging_mixin.py:149} INFO - [2025-05-02T13:35:27.962+0000] {dag.py:2726} INFO - Sync 1 DAGs
[2025-05-02T13:35:28.189+0000] {logging_mixin.py:149} INFO - [2025-05-02T13:35:28.189+0000] {dag.py:3490} INFO - Setting next_dagrun for data_pipeline to 2025-05-01T00:00:00+00:00, run_after=2025-06-01T00:00:00+00:00
[2025-05-02T13:35:28.239+0000] {processor.py:178} INFO - Processing /opt/airflow/dags/data-pipeline.py took 1.096 seconds
[2025-05-02T13:35:58.653+0000] {processor.py:156} INFO - Started process (PID=4748) to work on /opt/airflow/dags/data-pipeline.py
[2025-05-02T13:35:58.655+0000] {processor.py:799} INFO - Processing file /opt/airflow/dags/data-pipeline.py for tasks to queue
[2025-05-02T13:35:58.658+0000] {logging_mixin.py:149} INFO - [2025-05-02T13:35:58.657+0000] {dagbag.py:541} INFO - Filling up the DagBag from /opt/airflow/dags/data-pipeline.py
[2025-05-02T13:35:59.266+0000] {processor.py:809} INFO - DAG(s) dict_keys(['data_pipeline']) retrieved from /opt/airflow/dags/data-pipeline.py
[2025-05-02T13:35:59.503+0000] {logging_mixin.py:149} INFO - [2025-05-02T13:35:59.313+0000] {dag.py:2726} INFO - Sync 1 DAGs
[2025-05-02T13:35:59.545+0000] {logging_mixin.py:149} INFO - [2025-05-02T13:35:59.544+0000] {dag.py:3490} INFO - Setting next_dagrun for data_pipeline to 2025-05-01T00:00:00+00:00, run_after=2025-06-01T00:00:00+00:00
[2025-05-02T13:35:59.596+0000] {processor.py:178} INFO - Processing /opt/airflow/dags/data-pipeline.py took 0.956 seconds
[2025-05-02T13:36:29.926+0000] {processor.py:156} INFO - Started process (PID=4782) to work on /opt/airflow/dags/data-pipeline.py
[2025-05-02T13:36:29.927+0000] {processor.py:799} INFO - Processing file /opt/airflow/dags/data-pipeline.py for tasks to queue
[2025-05-02T13:36:29.929+0000] {logging_mixin.py:149} INFO - [2025-05-02T13:36:29.928+0000] {dagbag.py:541} INFO - Filling up the DagBag from /opt/airflow/dags/data-pipeline.py
[2025-05-02T13:36:30.729+0000] {processor.py:809} INFO - DAG(s) dict_keys(['data_pipeline']) retrieved from /opt/airflow/dags/data-pipeline.py
[2025-05-02T13:36:30.762+0000] {logging_mixin.py:149} INFO - [2025-05-02T13:36:30.762+0000] {dag.py:2726} INFO - Sync 1 DAGs
[2025-05-02T13:36:30.800+0000] {logging_mixin.py:149} INFO - [2025-05-02T13:36:30.800+0000] {dag.py:3490} INFO - Setting next_dagrun for data_pipeline to 2025-05-01T00:00:00+00:00, run_after=2025-06-01T00:00:00+00:00
[2025-05-02T13:36:30.847+0000] {processor.py:178} INFO - Processing /opt/airflow/dags/data-pipeline.py took 0.925 seconds
[2025-05-02T13:37:01.769+0000] {processor.py:156} INFO - Started process (PID=4816) to work on /opt/airflow/dags/data-pipeline.py
[2025-05-02T13:37:01.771+0000] {processor.py:799} INFO - Processing file /opt/airflow/dags/data-pipeline.py for tasks to queue
[2025-05-02T13:37:01.772+0000] {logging_mixin.py:149} INFO - [2025-05-02T13:37:01.772+0000] {dagbag.py:541} INFO - Filling up the DagBag from /opt/airflow/dags/data-pipeline.py
[2025-05-02T13:37:02.545+0000] {processor.py:809} INFO - DAG(s) dict_keys(['data_pipeline']) retrieved from /opt/airflow/dags/data-pipeline.py
[2025-05-02T13:37:02.599+0000] {logging_mixin.py:149} INFO - [2025-05-02T13:37:02.599+0000] {dag.py:2726} INFO - Sync 1 DAGs
[2025-05-02T13:37:02.904+0000] {logging_mixin.py:149} INFO - [2025-05-02T13:37:02.904+0000] {dag.py:3490} INFO - Setting next_dagrun for data_pipeline to 2025-05-01T00:00:00+00:00, run_after=2025-06-01T00:00:00+00:00
[2025-05-02T13:37:02.968+0000] {processor.py:178} INFO - Processing /opt/airflow/dags/data-pipeline.py took 1.202 seconds
[2025-05-02T13:37:33.311+0000] {processor.py:156} INFO - Started process (PID=4850) to work on /opt/airflow/dags/data-pipeline.py
[2025-05-02T13:37:33.313+0000] {processor.py:799} INFO - Processing file /opt/airflow/dags/data-pipeline.py for tasks to queue
[2025-05-02T13:37:33.315+0000] {logging_mixin.py:149} INFO - [2025-05-02T13:37:33.314+0000] {dagbag.py:541} INFO - Filling up the DagBag from /opt/airflow/dags/data-pipeline.py
[2025-05-02T13:37:34.011+0000] {processor.py:809} INFO - DAG(s) dict_keys(['data_pipeline']) retrieved from /opt/airflow/dags/data-pipeline.py
[2025-05-02T13:37:34.311+0000] {logging_mixin.py:149} INFO - [2025-05-02T13:37:34.058+0000] {dag.py:2726} INFO - Sync 1 DAGs
[2025-05-02T13:37:34.345+0000] {logging_mixin.py:149} INFO - [2025-05-02T13:37:34.344+0000] {dag.py:3490} INFO - Setting next_dagrun for data_pipeline to 2025-05-01T00:00:00+00:00, run_after=2025-06-01T00:00:00+00:00
[2025-05-02T13:37:34.389+0000] {processor.py:178} INFO - Processing /opt/airflow/dags/data-pipeline.py took 1.081 seconds
[2025-05-02T13:38:04.616+0000] {processor.py:156} INFO - Started process (PID=4884) to work on /opt/airflow/dags/data-pipeline.py
[2025-05-02T13:38:04.618+0000] {processor.py:799} INFO - Processing file /opt/airflow/dags/data-pipeline.py for tasks to queue
[2025-05-02T13:38:04.619+0000] {logging_mixin.py:149} INFO - [2025-05-02T13:38:04.619+0000] {dagbag.py:541} INFO - Filling up the DagBag from /opt/airflow/dags/data-pipeline.py
[2025-05-02T13:38:05.485+0000] {processor.py:809} INFO - DAG(s) dict_keys(['data_pipeline']) retrieved from /opt/airflow/dags/data-pipeline.py
[2025-05-02T13:38:05.526+0000] {logging_mixin.py:149} INFO - [2025-05-02T13:38:05.525+0000] {dag.py:2726} INFO - Sync 1 DAGs
[2025-05-02T13:38:05.565+0000] {logging_mixin.py:149} INFO - [2025-05-02T13:38:05.565+0000] {dag.py:3490} INFO - Setting next_dagrun for data_pipeline to 2025-05-01T00:00:00+00:00, run_after=2025-06-01T00:00:00+00:00
[2025-05-02T13:38:05.616+0000] {processor.py:178} INFO - Processing /opt/airflow/dags/data-pipeline.py took 1.004 seconds
[2025-05-02T13:38:35.919+0000] {processor.py:156} INFO - Started process (PID=4918) to work on /opt/airflow/dags/data-pipeline.py
[2025-05-02T13:38:35.920+0000] {processor.py:799} INFO - Processing file /opt/airflow/dags/data-pipeline.py for tasks to queue
[2025-05-02T13:38:35.921+0000] {logging_mixin.py:149} INFO - [2025-05-02T13:38:35.921+0000] {dagbag.py:541} INFO - Filling up the DagBag from /opt/airflow/dags/data-pipeline.py
[2025-05-02T13:38:36.505+0000] {processor.py:809} INFO - DAG(s) dict_keys(['data_pipeline']) retrieved from /opt/airflow/dags/data-pipeline.py
[2025-05-02T13:38:36.543+0000] {logging_mixin.py:149} INFO - [2025-05-02T13:38:36.543+0000] {dag.py:2726} INFO - Sync 1 DAGs
[2025-05-02T13:38:36.783+0000] {logging_mixin.py:149} INFO - [2025-05-02T13:38:36.783+0000] {dag.py:3490} INFO - Setting next_dagrun for data_pipeline to 2025-05-01T00:00:00+00:00, run_after=2025-06-01T00:00:00+00:00
[2025-05-02T13:38:36.828+0000] {processor.py:178} INFO - Processing /opt/airflow/dags/data-pipeline.py took 0.913 seconds
[2025-05-02T13:39:07.151+0000] {processor.py:156} INFO - Started process (PID=4952) to work on /opt/airflow/dags/data-pipeline.py
[2025-05-02T13:39:07.152+0000] {processor.py:799} INFO - Processing file /opt/airflow/dags/data-pipeline.py for tasks to queue
[2025-05-02T13:39:07.154+0000] {logging_mixin.py:149} INFO - [2025-05-02T13:39:07.153+0000] {dagbag.py:541} INFO - Filling up the DagBag from /opt/airflow/dags/data-pipeline.py
[2025-05-02T13:39:07.729+0000] {processor.py:809} INFO - DAG(s) dict_keys(['data_pipeline']) retrieved from /opt/airflow/dags/data-pipeline.py
[2025-05-02T13:39:07.980+0000] {logging_mixin.py:149} INFO - [2025-05-02T13:39:07.775+0000] {dag.py:2726} INFO - Sync 1 DAGs
[2025-05-02T13:39:08.015+0000] {logging_mixin.py:149} INFO - [2025-05-02T13:39:08.015+0000] {dag.py:3490} INFO - Setting next_dagrun for data_pipeline to 2025-05-01T00:00:00+00:00, run_after=2025-06-01T00:00:00+00:00
[2025-05-02T13:39:08.056+0000] {processor.py:178} INFO - Processing /opt/airflow/dags/data-pipeline.py took 0.908 seconds
[2025-05-02T13:39:38.375+0000] {processor.py:156} INFO - Started process (PID=4986) to work on /opt/airflow/dags/data-pipeline.py
[2025-05-02T13:39:38.376+0000] {processor.py:799} INFO - Processing file /opt/airflow/dags/data-pipeline.py for tasks to queue
[2025-05-02T13:39:38.377+0000] {logging_mixin.py:149} INFO - [2025-05-02T13:39:38.377+0000] {dagbag.py:541} INFO - Filling up the DagBag from /opt/airflow/dags/data-pipeline.py
[2025-05-02T13:39:39.167+0000] {processor.py:809} INFO - DAG(s) dict_keys(['data_pipeline']) retrieved from /opt/airflow/dags/data-pipeline.py
[2025-05-02T13:39:39.207+0000] {logging_mixin.py:149} INFO - [2025-05-02T13:39:39.207+0000] {dag.py:2726} INFO - Sync 1 DAGs
[2025-05-02T13:39:39.240+0000] {logging_mixin.py:149} INFO - [2025-05-02T13:39:39.240+0000] {dag.py:3490} INFO - Setting next_dagrun for data_pipeline to 2025-05-01T00:00:00+00:00, run_after=2025-06-01T00:00:00+00:00
[2025-05-02T13:39:39.286+0000] {processor.py:178} INFO - Processing /opt/airflow/dags/data-pipeline.py took 0.916 seconds
[2025-05-02T13:40:09.620+0000] {processor.py:156} INFO - Started process (PID=5020) to work on /opt/airflow/dags/data-pipeline.py
[2025-05-02T13:40:09.621+0000] {processor.py:799} INFO - Processing file /opt/airflow/dags/data-pipeline.py for tasks to queue
[2025-05-02T13:40:09.623+0000] {logging_mixin.py:149} INFO - [2025-05-02T13:40:09.623+0000] {dagbag.py:541} INFO - Filling up the DagBag from /opt/airflow/dags/data-pipeline.py
[2025-05-02T13:40:10.212+0000] {processor.py:809} INFO - DAG(s) dict_keys(['data_pipeline']) retrieved from /opt/airflow/dags/data-pipeline.py
[2025-05-02T13:40:10.259+0000] {logging_mixin.py:149} INFO - [2025-05-02T13:40:10.259+0000] {dag.py:2726} INFO - Sync 1 DAGs
[2025-05-02T13:40:10.509+0000] {logging_mixin.py:149} INFO - [2025-05-02T13:40:10.509+0000] {dag.py:3490} INFO - Setting next_dagrun for data_pipeline to 2025-05-01T00:00:00+00:00, run_after=2025-06-01T00:00:00+00:00
[2025-05-02T13:40:10.553+0000] {processor.py:178} INFO - Processing /opt/airflow/dags/data-pipeline.py took 0.938 seconds
[2025-05-02T13:40:40.887+0000] {processor.py:156} INFO - Started process (PID=5054) to work on /opt/airflow/dags/data-pipeline.py
[2025-05-02T13:40:40.889+0000] {processor.py:799} INFO - Processing file /opt/airflow/dags/data-pipeline.py for tasks to queue
[2025-05-02T13:40:40.890+0000] {logging_mixin.py:149} INFO - [2025-05-02T13:40:40.889+0000] {dagbag.py:541} INFO - Filling up the DagBag from /opt/airflow/dags/data-pipeline.py
[2025-05-02T13:40:41.470+0000] {processor.py:809} INFO - DAG(s) dict_keys(['data_pipeline']) retrieved from /opt/airflow/dags/data-pipeline.py
[2025-05-02T13:40:41.728+0000] {logging_mixin.py:149} INFO - [2025-05-02T13:40:41.514+0000] {dag.py:2726} INFO - Sync 1 DAGs
[2025-05-02T13:40:41.895+0000] {logging_mixin.py:149} INFO - [2025-05-02T13:40:41.893+0000] {dag.py:3490} INFO - Setting next_dagrun for data_pipeline to 2025-05-01T00:00:00+00:00, run_after=2025-06-01T00:00:00+00:00
[2025-05-02T13:40:41.995+0000] {processor.py:178} INFO - Processing /opt/airflow/dags/data-pipeline.py took 1.110 seconds
[2025-05-02T13:42:07.926+0000] {processor.py:156} INFO - Started process (PID=5088) to work on /opt/airflow/dags/data-pipeline.py
[2025-05-02T13:42:08.112+0000] {processor.py:799} INFO - Processing file /opt/airflow/dags/data-pipeline.py for tasks to queue
[2025-05-02T13:42:08.185+0000] {logging_mixin.py:149} INFO - [2025-05-02T13:42:08.176+0000] {dagbag.py:541} INFO - Filling up the DagBag from /opt/airflow/dags/data-pipeline.py
[2025-05-02T13:42:15.933+0000] {processor.py:809} INFO - DAG(s) dict_keys(['data_pipeline']) retrieved from /opt/airflow/dags/data-pipeline.py
[2025-05-02T13:42:16.031+0000] {logging_mixin.py:149} INFO - [2025-05-02T13:42:16.030+0000] {dag.py:2726} INFO - Sync 1 DAGs
[2025-05-02T13:42:16.112+0000] {logging_mixin.py:149} INFO - [2025-05-02T13:42:16.112+0000] {dag.py:3490} INFO - Setting next_dagrun for data_pipeline to 2025-05-01T00:00:00+00:00, run_after=2025-06-01T00:00:00+00:00
[2025-05-02T13:42:16.202+0000] {processor.py:178} INFO - Processing /opt/airflow/dags/data-pipeline.py took 9.364 seconds
[2025-05-02T13:42:46.854+0000] {processor.py:156} INFO - Started process (PID=5124) to work on /opt/airflow/dags/data-pipeline.py
[2025-05-02T13:42:46.856+0000] {processor.py:799} INFO - Processing file /opt/airflow/dags/data-pipeline.py for tasks to queue
[2025-05-02T13:42:46.858+0000] {logging_mixin.py:149} INFO - [2025-05-02T13:42:46.857+0000] {dagbag.py:541} INFO - Filling up the DagBag from /opt/airflow/dags/data-pipeline.py
[2025-05-02T13:42:47.518+0000] {processor.py:809} INFO - DAG(s) dict_keys(['data_pipeline']) retrieved from /opt/airflow/dags/data-pipeline.py
[2025-05-02T13:42:47.570+0000] {logging_mixin.py:149} INFO - [2025-05-02T13:42:47.569+0000] {dag.py:2726} INFO - Sync 1 DAGs
[2025-05-02T13:42:47.877+0000] {logging_mixin.py:149} INFO - [2025-05-02T13:42:47.877+0000] {dag.py:3490} INFO - Setting next_dagrun for data_pipeline to 2025-05-01T00:00:00+00:00, run_after=2025-06-01T00:00:00+00:00
[2025-05-02T13:42:47.927+0000] {processor.py:178} INFO - Processing /opt/airflow/dags/data-pipeline.py took 1.083 seconds
[2025-05-02T13:43:18.230+0000] {processor.py:156} INFO - Started process (PID=5158) to work on /opt/airflow/dags/data-pipeline.py
[2025-05-02T13:43:18.231+0000] {processor.py:799} INFO - Processing file /opt/airflow/dags/data-pipeline.py for tasks to queue
[2025-05-02T13:43:18.232+0000] {logging_mixin.py:149} INFO - [2025-05-02T13:43:18.232+0000] {dagbag.py:541} INFO - Filling up the DagBag from /opt/airflow/dags/data-pipeline.py
[2025-05-02T13:43:18.922+0000] {processor.py:809} INFO - DAG(s) dict_keys(['data_pipeline']) retrieved from /opt/airflow/dags/data-pipeline.py
[2025-05-02T13:43:19.353+0000] {logging_mixin.py:149} INFO - [2025-05-02T13:43:19.043+0000] {dag.py:2726} INFO - Sync 1 DAGs
[2025-05-02T13:43:19.401+0000] {logging_mixin.py:149} INFO - [2025-05-02T13:43:19.401+0000] {dag.py:3490} INFO - Setting next_dagrun for data_pipeline to 2025-05-01T00:00:00+00:00, run_after=2025-06-01T00:00:00+00:00
[2025-05-02T13:43:19.460+0000] {processor.py:178} INFO - Processing /opt/airflow/dags/data-pipeline.py took 1.236 seconds
[2025-05-02T13:43:49.735+0000] {processor.py:156} INFO - Started process (PID=5192) to work on /opt/airflow/dags/data-pipeline.py
[2025-05-02T13:43:49.737+0000] {processor.py:799} INFO - Processing file /opt/airflow/dags/data-pipeline.py for tasks to queue
[2025-05-02T13:43:49.739+0000] {logging_mixin.py:149} INFO - [2025-05-02T13:43:49.739+0000] {dagbag.py:541} INFO - Filling up the DagBag from /opt/airflow/dags/data-pipeline.py
[2025-05-02T13:43:51.091+0000] {processor.py:809} INFO - DAG(s) dict_keys(['data_pipeline']) retrieved from /opt/airflow/dags/data-pipeline.py
[2025-05-02T13:43:51.153+0000] {logging_mixin.py:149} INFO - [2025-05-02T13:43:51.152+0000] {dag.py:2726} INFO - Sync 1 DAGs
[2025-05-02T13:43:51.216+0000] {logging_mixin.py:149} INFO - [2025-05-02T13:43:51.215+0000] {dag.py:3490} INFO - Setting next_dagrun for data_pipeline to 2025-05-01T00:00:00+00:00, run_after=2025-06-01T00:00:00+00:00
[2025-05-02T13:43:51.299+0000] {processor.py:178} INFO - Processing /opt/airflow/dags/data-pipeline.py took 1.571 seconds
[2025-05-02T13:44:21.848+0000] {processor.py:156} INFO - Started process (PID=5226) to work on /opt/airflow/dags/data-pipeline.py
[2025-05-02T13:44:21.851+0000] {processor.py:799} INFO - Processing file /opt/airflow/dags/data-pipeline.py for tasks to queue
[2025-05-02T13:44:21.852+0000] {logging_mixin.py:149} INFO - [2025-05-02T13:44:21.852+0000] {dagbag.py:541} INFO - Filling up the DagBag from /opt/airflow/dags/data-pipeline.py
[2025-05-02T13:44:22.882+0000] {processor.py:809} INFO - DAG(s) dict_keys(['data_pipeline']) retrieved from /opt/airflow/dags/data-pipeline.py
[2025-05-02T13:44:22.953+0000] {logging_mixin.py:149} INFO - [2025-05-02T13:44:22.952+0000] {dag.py:2726} INFO - Sync 1 DAGs
[2025-05-02T13:44:23.578+0000] {logging_mixin.py:149} INFO - [2025-05-02T13:44:23.577+0000] {dag.py:3490} INFO - Setting next_dagrun for data_pipeline to 2025-05-01T00:00:00+00:00, run_after=2025-06-01T00:00:00+00:00
[2025-05-02T13:44:23.693+0000] {processor.py:178} INFO - Processing /opt/airflow/dags/data-pipeline.py took 1.851 seconds
[2025-05-02T13:44:54.226+0000] {processor.py:156} INFO - Started process (PID=5260) to work on /opt/airflow/dags/data-pipeline.py
[2025-05-02T13:44:54.229+0000] {processor.py:799} INFO - Processing file /opt/airflow/dags/data-pipeline.py for tasks to queue
[2025-05-02T13:44:54.234+0000] {logging_mixin.py:149} INFO - [2025-05-02T13:44:54.232+0000] {dagbag.py:541} INFO - Filling up the DagBag from /opt/airflow/dags/data-pipeline.py
[2025-05-02T13:44:55.583+0000] {processor.py:809} INFO - DAG(s) dict_keys(['data_pipeline']) retrieved from /opt/airflow/dags/data-pipeline.py
[2025-05-02T13:44:56.020+0000] {logging_mixin.py:149} INFO - [2025-05-02T13:44:55.742+0000] {dag.py:2726} INFO - Sync 1 DAGs
[2025-05-02T13:44:56.085+0000] {logging_mixin.py:149} INFO - [2025-05-02T13:44:56.085+0000] {dag.py:3490} INFO - Setting next_dagrun for data_pipeline to 2025-05-01T00:00:00+00:00, run_after=2025-06-01T00:00:00+00:00
[2025-05-02T13:44:56.158+0000] {processor.py:178} INFO - Processing /opt/airflow/dags/data-pipeline.py took 1.941 seconds
[2025-05-02T13:45:26.680+0000] {processor.py:156} INFO - Started process (PID=5294) to work on /opt/airflow/dags/data-pipeline.py
[2025-05-02T13:45:26.683+0000] {processor.py:799} INFO - Processing file /opt/airflow/dags/data-pipeline.py for tasks to queue
[2025-05-02T13:45:26.687+0000] {logging_mixin.py:149} INFO - [2025-05-02T13:45:26.687+0000] {dagbag.py:541} INFO - Filling up the DagBag from /opt/airflow/dags/data-pipeline.py
[2025-05-02T13:45:27.995+0000] {processor.py:809} INFO - DAG(s) dict_keys(['data_pipeline']) retrieved from /opt/airflow/dags/data-pipeline.py
[2025-05-02T13:45:28.061+0000] {logging_mixin.py:149} INFO - [2025-05-02T13:45:28.060+0000] {dag.py:2726} INFO - Sync 1 DAGs
[2025-05-02T13:45:28.134+0000] {logging_mixin.py:149} INFO - [2025-05-02T13:45:28.134+0000] {dag.py:3490} INFO - Setting next_dagrun for data_pipeline to 2025-05-01T00:00:00+00:00, run_after=2025-06-01T00:00:00+00:00
[2025-05-02T13:45:28.196+0000] {processor.py:178} INFO - Processing /opt/airflow/dags/data-pipeline.py took 1.525 seconds
[2025-05-02T13:45:58.783+0000] {processor.py:156} INFO - Started process (PID=5328) to work on /opt/airflow/dags/data-pipeline.py
[2025-05-02T13:45:58.788+0000] {processor.py:799} INFO - Processing file /opt/airflow/dags/data-pipeline.py for tasks to queue
[2025-05-02T13:45:58.791+0000] {logging_mixin.py:149} INFO - [2025-05-02T13:45:58.791+0000] {dagbag.py:541} INFO - Filling up the DagBag from /opt/airflow/dags/data-pipeline.py
[2025-05-02T13:45:59.775+0000] {processor.py:809} INFO - DAG(s) dict_keys(['data_pipeline']) retrieved from /opt/airflow/dags/data-pipeline.py
[2025-05-02T13:45:59.846+0000] {logging_mixin.py:149} INFO - [2025-05-02T13:45:59.845+0000] {dag.py:2726} INFO - Sync 1 DAGs
[2025-05-02T13:46:00.169+0000] {logging_mixin.py:149} INFO - [2025-05-02T13:46:00.168+0000] {dag.py:3490} INFO - Setting next_dagrun for data_pipeline to 2025-05-01T00:00:00+00:00, run_after=2025-06-01T00:00:00+00:00
[2025-05-02T13:46:00.236+0000] {processor.py:178} INFO - Processing /opt/airflow/dags/data-pipeline.py took 1.481 seconds
[2025-05-02T13:46:30.742+0000] {processor.py:156} INFO - Started process (PID=5362) to work on /opt/airflow/dags/data-pipeline.py
[2025-05-02T13:46:30.744+0000] {processor.py:799} INFO - Processing file /opt/airflow/dags/data-pipeline.py for tasks to queue
[2025-05-02T13:46:30.747+0000] {logging_mixin.py:149} INFO - [2025-05-02T13:46:30.747+0000] {dagbag.py:541} INFO - Filling up the DagBag from /opt/airflow/dags/data-pipeline.py
[2025-05-02T13:46:31.707+0000] {processor.py:809} INFO - DAG(s) dict_keys(['data_pipeline']) retrieved from /opt/airflow/dags/data-pipeline.py
[2025-05-02T13:46:32.238+0000] {logging_mixin.py:149} INFO - [2025-05-02T13:46:31.843+0000] {dag.py:2726} INFO - Sync 1 DAGs
[2025-05-02T13:46:32.416+0000] {logging_mixin.py:149} INFO - [2025-05-02T13:46:32.416+0000] {dag.py:3490} INFO - Setting next_dagrun for data_pipeline to 2025-05-01T00:00:00+00:00, run_after=2025-06-01T00:00:00+00:00
[2025-05-02T13:46:32.522+0000] {processor.py:178} INFO - Processing /opt/airflow/dags/data-pipeline.py took 1.786 seconds
[2025-05-02T13:47:03.152+0000] {processor.py:156} INFO - Started process (PID=5396) to work on /opt/airflow/dags/data-pipeline.py
[2025-05-02T13:47:03.193+0000] {processor.py:799} INFO - Processing file /opt/airflow/dags/data-pipeline.py for tasks to queue
[2025-05-02T13:47:03.196+0000] {logging_mixin.py:149} INFO - [2025-05-02T13:47:03.196+0000] {dagbag.py:541} INFO - Filling up the DagBag from /opt/airflow/dags/data-pipeline.py
[2025-05-02T13:47:04.791+0000] {processor.py:809} INFO - DAG(s) dict_keys(['data_pipeline']) retrieved from /opt/airflow/dags/data-pipeline.py
[2025-05-02T13:47:04.851+0000] {logging_mixin.py:149} INFO - [2025-05-02T13:47:04.850+0000] {dag.py:2726} INFO - Sync 1 DAGs
[2025-05-02T13:47:04.914+0000] {logging_mixin.py:149} INFO - [2025-05-02T13:47:04.914+0000] {dag.py:3490} INFO - Setting next_dagrun for data_pipeline to 2025-05-01T00:00:00+00:00, run_after=2025-06-01T00:00:00+00:00
[2025-05-02T13:47:04.973+0000] {processor.py:178} INFO - Processing /opt/airflow/dags/data-pipeline.py took 1.926 seconds
[2025-05-02T13:47:35.617+0000] {processor.py:156} INFO - Started process (PID=5430) to work on /opt/airflow/dags/data-pipeline.py
[2025-05-02T13:47:35.619+0000] {processor.py:799} INFO - Processing file /opt/airflow/dags/data-pipeline.py for tasks to queue
[2025-05-02T13:47:35.622+0000] {logging_mixin.py:149} INFO - [2025-05-02T13:47:35.622+0000] {dagbag.py:541} INFO - Filling up the DagBag from /opt/airflow/dags/data-pipeline.py
[2025-05-02T13:47:36.650+0000] {processor.py:809} INFO - DAG(s) dict_keys(['data_pipeline']) retrieved from /opt/airflow/dags/data-pipeline.py
[2025-05-02T13:47:36.783+0000] {logging_mixin.py:149} INFO - [2025-05-02T13:47:36.782+0000] {dag.py:2726} INFO - Sync 1 DAGs
[2025-05-02T13:47:37.135+0000] {logging_mixin.py:149} INFO - [2025-05-02T13:47:37.135+0000] {dag.py:3490} INFO - Setting next_dagrun for data_pipeline to 2025-05-01T00:00:00+00:00, run_after=2025-06-01T00:00:00+00:00
[2025-05-02T13:47:37.201+0000] {processor.py:178} INFO - Processing /opt/airflow/dags/data-pipeline.py took 1.591 seconds
[2025-05-02T13:48:07.823+0000] {processor.py:156} INFO - Started process (PID=5464) to work on /opt/airflow/dags/data-pipeline.py
[2025-05-02T13:48:07.828+0000] {processor.py:799} INFO - Processing file /opt/airflow/dags/data-pipeline.py for tasks to queue
[2025-05-02T13:48:07.831+0000] {logging_mixin.py:149} INFO - [2025-05-02T13:48:07.831+0000] {dagbag.py:541} INFO - Filling up the DagBag from /opt/airflow/dags/data-pipeline.py
[2025-05-02T13:48:08.821+0000] {processor.py:809} INFO - DAG(s) dict_keys(['data_pipeline']) retrieved from /opt/airflow/dags/data-pipeline.py
[2025-05-02T13:48:09.120+0000] {logging_mixin.py:149} INFO - [2025-05-02T13:48:08.892+0000] {dag.py:2726} INFO - Sync 1 DAGs
[2025-05-02T13:48:09.170+0000] {logging_mixin.py:149} INFO - [2025-05-02T13:48:09.170+0000] {dag.py:3490} INFO - Setting next_dagrun for data_pipeline to 2025-05-01T00:00:00+00:00, run_after=2025-06-01T00:00:00+00:00
[2025-05-02T13:48:09.235+0000] {processor.py:178} INFO - Processing /opt/airflow/dags/data-pipeline.py took 1.418 seconds
[2025-05-02T13:48:39.766+0000] {processor.py:156} INFO - Started process (PID=5498) to work on /opt/airflow/dags/data-pipeline.py
[2025-05-02T13:48:39.769+0000] {processor.py:799} INFO - Processing file /opt/airflow/dags/data-pipeline.py for tasks to queue
[2025-05-02T13:48:39.771+0000] {logging_mixin.py:149} INFO - [2025-05-02T13:48:39.771+0000] {dagbag.py:541} INFO - Filling up the DagBag from /opt/airflow/dags/data-pipeline.py
[2025-05-02T13:48:41.137+0000] {processor.py:809} INFO - DAG(s) dict_keys(['data_pipeline']) retrieved from /opt/airflow/dags/data-pipeline.py
[2025-05-02T13:48:41.194+0000] {logging_mixin.py:149} INFO - [2025-05-02T13:48:41.193+0000] {dag.py:2726} INFO - Sync 1 DAGs
[2025-05-02T13:48:41.249+0000] {logging_mixin.py:149} INFO - [2025-05-02T13:48:41.249+0000] {dag.py:3490} INFO - Setting next_dagrun for data_pipeline to 2025-05-01T00:00:00+00:00, run_after=2025-06-01T00:00:00+00:00
[2025-05-02T13:48:41.310+0000] {processor.py:178} INFO - Processing /opt/airflow/dags/data-pipeline.py took 1.551 seconds
[2025-05-02T13:49:11.914+0000] {processor.py:156} INFO - Started process (PID=5532) to work on /opt/airflow/dags/data-pipeline.py
[2025-05-02T13:49:11.916+0000] {processor.py:799} INFO - Processing file /opt/airflow/dags/data-pipeline.py for tasks to queue
[2025-05-02T13:49:11.919+0000] {logging_mixin.py:149} INFO - [2025-05-02T13:49:11.918+0000] {dagbag.py:541} INFO - Filling up the DagBag from /opt/airflow/dags/data-pipeline.py
[2025-05-02T13:49:12.965+0000] {processor.py:809} INFO - DAG(s) dict_keys(['data_pipeline']) retrieved from /opt/airflow/dags/data-pipeline.py
[2025-05-02T13:49:13.049+0000] {logging_mixin.py:149} INFO - [2025-05-02T13:49:13.048+0000] {dag.py:2726} INFO - Sync 1 DAGs
[2025-05-02T13:49:13.694+0000] {logging_mixin.py:149} INFO - [2025-05-02T13:49:13.693+0000] {dag.py:3490} INFO - Setting next_dagrun for data_pipeline to 2025-05-01T00:00:00+00:00, run_after=2025-06-01T00:00:00+00:00
[2025-05-02T13:49:13.791+0000] {processor.py:178} INFO - Processing /opt/airflow/dags/data-pipeline.py took 1.885 seconds
[2025-05-02T13:49:44.292+0000] {processor.py:156} INFO - Started process (PID=5566) to work on /opt/airflow/dags/data-pipeline.py
[2025-05-02T13:49:44.295+0000] {processor.py:799} INFO - Processing file /opt/airflow/dags/data-pipeline.py for tasks to queue
[2025-05-02T13:49:44.298+0000] {logging_mixin.py:149} INFO - [2025-05-02T13:49:44.298+0000] {dagbag.py:541} INFO - Filling up the DagBag from /opt/airflow/dags/data-pipeline.py
[2025-05-02T13:49:45.231+0000] {processor.py:809} INFO - DAG(s) dict_keys(['data_pipeline']) retrieved from /opt/airflow/dags/data-pipeline.py
[2025-05-02T13:49:45.526+0000] {logging_mixin.py:149} INFO - [2025-05-02T13:49:45.294+0000] {dag.py:2726} INFO - Sync 1 DAGs
[2025-05-02T13:49:45.628+0000] {logging_mixin.py:149} INFO - [2025-05-02T13:49:45.627+0000] {dag.py:3490} INFO - Setting next_dagrun for data_pipeline to 2025-05-01T00:00:00+00:00, run_after=2025-06-01T00:00:00+00:00
[2025-05-02T13:49:45.688+0000] {processor.py:178} INFO - Processing /opt/airflow/dags/data-pipeline.py took 1.404 seconds
[2025-05-02T13:50:16.252+0000] {processor.py:156} INFO - Started process (PID=5600) to work on /opt/airflow/dags/data-pipeline.py
[2025-05-02T13:50:16.255+0000] {processor.py:799} INFO - Processing file /opt/airflow/dags/data-pipeline.py for tasks to queue
[2025-05-02T13:50:16.257+0000] {logging_mixin.py:149} INFO - [2025-05-02T13:50:16.256+0000] {dagbag.py:541} INFO - Filling up the DagBag from /opt/airflow/dags/data-pipeline.py
[2025-05-02T13:50:17.702+0000] {processor.py:809} INFO - DAG(s) dict_keys(['data_pipeline']) retrieved from /opt/airflow/dags/data-pipeline.py
[2025-05-02T13:50:17.797+0000] {logging_mixin.py:149} INFO - [2025-05-02T13:50:17.796+0000] {dag.py:2726} INFO - Sync 1 DAGs
[2025-05-02T13:50:17.849+0000] {logging_mixin.py:149} INFO - [2025-05-02T13:50:17.848+0000] {dag.py:3490} INFO - Setting next_dagrun for data_pipeline to 2025-05-01T00:00:00+00:00, run_after=2025-06-01T00:00:00+00:00
[2025-05-02T13:50:17.918+0000] {processor.py:178} INFO - Processing /opt/airflow/dags/data-pipeline.py took 1.673 seconds
[2025-05-02T13:50:48.398+0000] {processor.py:156} INFO - Started process (PID=5634) to work on /opt/airflow/dags/data-pipeline.py
[2025-05-02T13:50:48.401+0000] {processor.py:799} INFO - Processing file /opt/airflow/dags/data-pipeline.py for tasks to queue
[2025-05-02T13:50:48.403+0000] {logging_mixin.py:149} INFO - [2025-05-02T13:50:48.402+0000] {dagbag.py:541} INFO - Filling up the DagBag from /opt/airflow/dags/data-pipeline.py
[2025-05-02T13:50:49.445+0000] {processor.py:809} INFO - DAG(s) dict_keys(['data_pipeline']) retrieved from /opt/airflow/dags/data-pipeline.py
[2025-05-02T13:50:49.522+0000] {logging_mixin.py:149} INFO - [2025-05-02T13:50:49.521+0000] {dag.py:2726} INFO - Sync 1 DAGs
[2025-05-02T13:50:49.960+0000] {logging_mixin.py:149} INFO - [2025-05-02T13:50:49.960+0000] {dag.py:3490} INFO - Setting next_dagrun for data_pipeline to 2025-05-01T00:00:00+00:00, run_after=2025-06-01T00:00:00+00:00
[2025-05-02T13:50:50.037+0000] {processor.py:178} INFO - Processing /opt/airflow/dags/data-pipeline.py took 1.645 seconds
[2025-05-02T13:51:20.522+0000] {processor.py:156} INFO - Started process (PID=5668) to work on /opt/airflow/dags/data-pipeline.py
[2025-05-02T13:51:20.524+0000] {processor.py:799} INFO - Processing file /opt/airflow/dags/data-pipeline.py for tasks to queue
[2025-05-02T13:51:20.527+0000] {logging_mixin.py:149} INFO - [2025-05-02T13:51:20.526+0000] {dagbag.py:541} INFO - Filling up the DagBag from /opt/airflow/dags/data-pipeline.py
[2025-05-02T13:51:21.481+0000] {processor.py:809} INFO - DAG(s) dict_keys(['data_pipeline']) retrieved from /opt/airflow/dags/data-pipeline.py
[2025-05-02T13:51:21.911+0000] {logging_mixin.py:149} INFO - [2025-05-02T13:51:21.560+0000] {dag.py:2726} INFO - Sync 1 DAGs
[2025-05-02T13:51:21.984+0000] {logging_mixin.py:149} INFO - [2025-05-02T13:51:21.984+0000] {dag.py:3490} INFO - Setting next_dagrun for data_pipeline to 2025-05-01T00:00:00+00:00, run_after=2025-06-01T00:00:00+00:00
[2025-05-02T13:51:22.077+0000] {processor.py:178} INFO - Processing /opt/airflow/dags/data-pipeline.py took 1.562 seconds
[2025-05-02T13:51:52.524+0000] {processor.py:156} INFO - Started process (PID=5702) to work on /opt/airflow/dags/data-pipeline.py
[2025-05-02T13:51:52.526+0000] {processor.py:799} INFO - Processing file /opt/airflow/dags/data-pipeline.py for tasks to queue
[2025-05-02T13:51:52.529+0000] {logging_mixin.py:149} INFO - [2025-05-02T13:51:52.529+0000] {dagbag.py:541} INFO - Filling up the DagBag from /opt/airflow/dags/data-pipeline.py
[2025-05-02T13:51:54.057+0000] {processor.py:809} INFO - DAG(s) dict_keys(['data_pipeline']) retrieved from /opt/airflow/dags/data-pipeline.py
[2025-05-02T13:51:54.116+0000] {logging_mixin.py:149} INFO - [2025-05-02T13:51:54.115+0000] {dag.py:2726} INFO - Sync 1 DAGs
[2025-05-02T13:51:54.167+0000] {logging_mixin.py:149} INFO - [2025-05-02T13:51:54.167+0000] {dag.py:3490} INFO - Setting next_dagrun for data_pipeline to 2025-05-01T00:00:00+00:00, run_after=2025-06-01T00:00:00+00:00
[2025-05-02T13:51:54.235+0000] {processor.py:178} INFO - Processing /opt/airflow/dags/data-pipeline.py took 1.721 seconds
[2025-05-02T13:52:24.797+0000] {processor.py:156} INFO - Started process (PID=5736) to work on /opt/airflow/dags/data-pipeline.py
[2025-05-02T13:52:24.799+0000] {processor.py:799} INFO - Processing file /opt/airflow/dags/data-pipeline.py for tasks to queue
[2025-05-02T13:52:24.801+0000] {logging_mixin.py:149} INFO - [2025-05-02T13:52:24.801+0000] {dagbag.py:541} INFO - Filling up the DagBag from /opt/airflow/dags/data-pipeline.py
[2025-05-02T13:52:25.765+0000] {processor.py:809} INFO - DAG(s) dict_keys(['data_pipeline']) retrieved from /opt/airflow/dags/data-pipeline.py
[2025-05-02T13:52:25.947+0000] {logging_mixin.py:149} INFO - [2025-05-02T13:52:25.945+0000] {dag.py:2726} INFO - Sync 1 DAGs
[2025-05-02T13:52:26.393+0000] {logging_mixin.py:149} INFO - [2025-05-02T13:52:26.392+0000] {dag.py:3490} INFO - Setting next_dagrun for data_pipeline to 2025-05-01T00:00:00+00:00, run_after=2025-06-01T00:00:00+00:00
[2025-05-02T13:52:26.498+0000] {processor.py:178} INFO - Processing /opt/airflow/dags/data-pipeline.py took 1.708 seconds
[2025-05-02T13:52:57.121+0000] {processor.py:156} INFO - Started process (PID=5770) to work on /opt/airflow/dags/data-pipeline.py
[2025-05-02T13:52:57.123+0000] {processor.py:799} INFO - Processing file /opt/airflow/dags/data-pipeline.py for tasks to queue
[2025-05-02T13:52:57.125+0000] {logging_mixin.py:149} INFO - [2025-05-02T13:52:57.125+0000] {dagbag.py:541} INFO - Filling up the DagBag from /opt/airflow/dags/data-pipeline.py
[2025-05-02T13:52:58.194+0000] {processor.py:809} INFO - DAG(s) dict_keys(['data_pipeline']) retrieved from /opt/airflow/dags/data-pipeline.py
[2025-05-02T13:52:58.669+0000] {logging_mixin.py:149} INFO - [2025-05-02T13:52:58.275+0000] {dag.py:2726} INFO - Sync 1 DAGs
[2025-05-02T13:52:58.720+0000] {logging_mixin.py:149} INFO - [2025-05-02T13:52:58.720+0000] {dag.py:3490} INFO - Setting next_dagrun for data_pipeline to 2025-05-01T00:00:00+00:00, run_after=2025-06-01T00:00:00+00:00
[2025-05-02T13:52:58.794+0000] {processor.py:178} INFO - Processing /opt/airflow/dags/data-pipeline.py took 1.681 seconds
[2025-05-02T13:53:29.212+0000] {processor.py:156} INFO - Started process (PID=5804) to work on /opt/airflow/dags/data-pipeline.py
[2025-05-02T13:53:29.213+0000] {processor.py:799} INFO - Processing file /opt/airflow/dags/data-pipeline.py for tasks to queue
[2025-05-02T13:53:29.216+0000] {logging_mixin.py:149} INFO - [2025-05-02T13:53:29.215+0000] {dagbag.py:541} INFO - Filling up the DagBag from /opt/airflow/dags/data-pipeline.py
[2025-05-02T13:53:30.589+0000] {processor.py:809} INFO - DAG(s) dict_keys(['data_pipeline']) retrieved from /opt/airflow/dags/data-pipeline.py
[2025-05-02T13:53:30.719+0000] {logging_mixin.py:149} INFO - [2025-05-02T13:53:30.718+0000] {dag.py:2726} INFO - Sync 1 DAGs
[2025-05-02T13:53:30.789+0000] {logging_mixin.py:149} INFO - [2025-05-02T13:53:30.789+0000] {dag.py:3490} INFO - Setting next_dagrun for data_pipeline to 2025-05-01T00:00:00+00:00, run_after=2025-06-01T00:00:00+00:00
[2025-05-02T13:53:30.855+0000] {processor.py:178} INFO - Processing /opt/airflow/dags/data-pipeline.py took 1.649 seconds
[2025-05-02T13:54:01.257+0000] {processor.py:156} INFO - Started process (PID=5838) to work on /opt/airflow/dags/data-pipeline.py
[2025-05-02T13:54:01.260+0000] {processor.py:799} INFO - Processing file /opt/airflow/dags/data-pipeline.py for tasks to queue
[2025-05-02T13:54:01.262+0000] {logging_mixin.py:149} INFO - [2025-05-02T13:54:01.261+0000] {dagbag.py:541} INFO - Filling up the DagBag from /opt/airflow/dags/data-pipeline.py
[2025-05-02T13:54:02.207+0000] {processor.py:809} INFO - DAG(s) dict_keys(['data_pipeline']) retrieved from /opt/airflow/dags/data-pipeline.py
[2025-05-02T13:54:02.341+0000] {logging_mixin.py:149} INFO - [2025-05-02T13:54:02.340+0000] {dag.py:2726} INFO - Sync 1 DAGs
[2025-05-02T13:54:02.703+0000] {logging_mixin.py:149} INFO - [2025-05-02T13:54:02.703+0000] {dag.py:3490} INFO - Setting next_dagrun for data_pipeline to 2025-05-01T00:00:00+00:00, run_after=2025-06-01T00:00:00+00:00
[2025-05-02T13:54:02.773+0000] {processor.py:178} INFO - Processing /opt/airflow/dags/data-pipeline.py took 1.522 seconds
[2025-05-02T13:54:33.189+0000] {processor.py:156} INFO - Started process (PID=5872) to work on /opt/airflow/dags/data-pipeline.py
[2025-05-02T13:54:33.191+0000] {processor.py:799} INFO - Processing file /opt/airflow/dags/data-pipeline.py for tasks to queue
[2025-05-02T13:54:33.193+0000] {logging_mixin.py:149} INFO - [2025-05-02T13:54:33.192+0000] {dagbag.py:541} INFO - Filling up the DagBag from /opt/airflow/dags/data-pipeline.py
[2025-05-02T13:54:34.482+0000] {processor.py:809} INFO - DAG(s) dict_keys(['data_pipeline']) retrieved from /opt/airflow/dags/data-pipeline.py
[2025-05-02T13:54:34.922+0000] {logging_mixin.py:149} INFO - [2025-05-02T13:54:34.560+0000] {dag.py:2726} INFO - Sync 1 DAGs
[2025-05-02T13:54:34.981+0000] {logging_mixin.py:149} INFO - [2025-05-02T13:54:34.981+0000] {dag.py:3490} INFO - Setting next_dagrun for data_pipeline to 2025-05-01T00:00:00+00:00, run_after=2025-06-01T00:00:00+00:00
[2025-05-02T13:54:35.051+0000] {processor.py:178} INFO - Processing /opt/airflow/dags/data-pipeline.py took 1.869 seconds
[2025-05-02T13:55:05.582+0000] {processor.py:156} INFO - Started process (PID=5906) to work on /opt/airflow/dags/data-pipeline.py
[2025-05-02T13:55:05.584+0000] {processor.py:799} INFO - Processing file /opt/airflow/dags/data-pipeline.py for tasks to queue
[2025-05-02T13:55:05.586+0000] {logging_mixin.py:149} INFO - [2025-05-02T13:55:05.586+0000] {dagbag.py:541} INFO - Filling up the DagBag from /opt/airflow/dags/data-pipeline.py
[2025-05-02T13:55:06.936+0000] {processor.py:809} INFO - DAG(s) dict_keys(['data_pipeline']) retrieved from /opt/airflow/dags/data-pipeline.py
[2025-05-02T13:55:07.059+0000] {logging_mixin.py:149} INFO - [2025-05-02T13:55:07.058+0000] {dag.py:2726} INFO - Sync 1 DAGs
[2025-05-02T13:55:07.116+0000] {logging_mixin.py:149} INFO - [2025-05-02T13:55:07.116+0000] {dag.py:3490} INFO - Setting next_dagrun for data_pipeline to 2025-05-01T00:00:00+00:00, run_after=2025-06-01T00:00:00+00:00
[2025-05-02T13:55:07.181+0000] {processor.py:178} INFO - Processing /opt/airflow/dags/data-pipeline.py took 1.606 seconds
[2025-05-02T13:55:37.532+0000] {processor.py:156} INFO - Started process (PID=5940) to work on /opt/airflow/dags/data-pipeline.py
[2025-05-02T13:55:37.535+0000] {processor.py:799} INFO - Processing file /opt/airflow/dags/data-pipeline.py for tasks to queue
[2025-05-02T13:55:37.538+0000] {logging_mixin.py:149} INFO - [2025-05-02T13:55:37.537+0000] {dagbag.py:541} INFO - Filling up the DagBag from /opt/airflow/dags/data-pipeline.py
[2025-05-02T13:55:38.521+0000] {processor.py:809} INFO - DAG(s) dict_keys(['data_pipeline']) retrieved from /opt/airflow/dags/data-pipeline.py
[2025-05-02T13:55:38.592+0000] {logging_mixin.py:149} INFO - [2025-05-02T13:55:38.591+0000] {dag.py:2726} INFO - Sync 1 DAGs
[2025-05-02T13:55:38.958+0000] {logging_mixin.py:149} INFO - [2025-05-02T13:55:38.958+0000] {dag.py:3490} INFO - Setting next_dagrun for data_pipeline to 2025-05-01T00:00:00+00:00, run_after=2025-06-01T00:00:00+00:00
[2025-05-02T13:55:39.027+0000] {processor.py:178} INFO - Processing /opt/airflow/dags/data-pipeline.py took 1.506 seconds
[2025-05-02T13:56:09.503+0000] {processor.py:156} INFO - Started process (PID=5974) to work on /opt/airflow/dags/data-pipeline.py
[2025-05-02T13:56:09.505+0000] {processor.py:799} INFO - Processing file /opt/airflow/dags/data-pipeline.py for tasks to queue
[2025-05-02T13:56:09.508+0000] {logging_mixin.py:149} INFO - [2025-05-02T13:56:09.507+0000] {dagbag.py:541} INFO - Filling up the DagBag from /opt/airflow/dags/data-pipeline.py
[2025-05-02T13:56:10.555+0000] {processor.py:809} INFO - DAG(s) dict_keys(['data_pipeline']) retrieved from /opt/airflow/dags/data-pipeline.py
[2025-05-02T13:56:10.963+0000] {logging_mixin.py:149} INFO - [2025-05-02T13:56:10.629+0000] {dag.py:2726} INFO - Sync 1 DAGs
[2025-05-02T13:56:11.123+0000] {logging_mixin.py:149} INFO - [2025-05-02T13:56:11.123+0000] {dag.py:3490} INFO - Setting next_dagrun for data_pipeline to 2025-05-01T00:00:00+00:00, run_after=2025-06-01T00:00:00+00:00
[2025-05-02T13:56:11.238+0000] {processor.py:178} INFO - Processing /opt/airflow/dags/data-pipeline.py took 1.742 seconds
[2025-05-02T13:56:41.570+0000] {processor.py:156} INFO - Started process (PID=6006) to work on /opt/airflow/dags/data-pipeline.py
[2025-05-02T13:56:41.572+0000] {processor.py:799} INFO - Processing file /opt/airflow/dags/data-pipeline.py for tasks to queue
[2025-05-02T13:56:41.575+0000] {logging_mixin.py:149} INFO - [2025-05-02T13:56:41.574+0000] {dagbag.py:541} INFO - Filling up the DagBag from /opt/airflow/dags/data-pipeline.py
[2025-05-02T13:56:42.906+0000] {processor.py:809} INFO - DAG(s) dict_keys(['data_pipeline']) retrieved from /opt/airflow/dags/data-pipeline.py
[2025-05-02T13:56:43.037+0000] {logging_mixin.py:149} INFO - [2025-05-02T13:56:43.035+0000] {dag.py:2726} INFO - Sync 1 DAGs
[2025-05-02T13:56:43.104+0000] {logging_mixin.py:149} INFO - [2025-05-02T13:56:43.103+0000] {dag.py:3490} INFO - Setting next_dagrun for data_pipeline to 2025-05-01T00:00:00+00:00, run_after=2025-06-01T00:00:00+00:00
[2025-05-02T13:56:43.178+0000] {processor.py:178} INFO - Processing /opt/airflow/dags/data-pipeline.py took 1.645 seconds
[2025-05-02T13:57:13.587+0000] {processor.py:156} INFO - Started process (PID=6042) to work on /opt/airflow/dags/data-pipeline.py
[2025-05-02T13:57:13.589+0000] {processor.py:799} INFO - Processing file /opt/airflow/dags/data-pipeline.py for tasks to queue
[2025-05-02T13:57:13.592+0000] {logging_mixin.py:149} INFO - [2025-05-02T13:57:13.591+0000] {dagbag.py:541} INFO - Filling up the DagBag from /opt/airflow/dags/data-pipeline.py
[2025-05-02T13:57:14.847+0000] {processor.py:809} INFO - DAG(s) dict_keys(['data_pipeline']) retrieved from /opt/airflow/dags/data-pipeline.py
[2025-05-02T13:57:14.932+0000] {logging_mixin.py:149} INFO - [2025-05-02T13:57:14.932+0000] {dag.py:2726} INFO - Sync 1 DAGs
[2025-05-02T13:57:15.287+0000] {logging_mixin.py:149} INFO - [2025-05-02T13:57:15.286+0000] {dag.py:3490} INFO - Setting next_dagrun for data_pipeline to 2025-05-01T00:00:00+00:00, run_after=2025-06-01T00:00:00+00:00
[2025-05-02T13:57:15.349+0000] {processor.py:178} INFO - Processing /opt/airflow/dags/data-pipeline.py took 1.768 seconds
[2025-05-02T13:57:45.958+0000] {processor.py:156} INFO - Started process (PID=6076) to work on /opt/airflow/dags/data-pipeline.py
[2025-05-02T13:57:45.960+0000] {processor.py:799} INFO - Processing file /opt/airflow/dags/data-pipeline.py for tasks to queue
[2025-05-02T13:57:45.962+0000] {logging_mixin.py:149} INFO - [2025-05-02T13:57:45.962+0000] {dagbag.py:541} INFO - Filling up the DagBag from /opt/airflow/dags/data-pipeline.py
[2025-05-02T13:57:47.007+0000] {processor.py:809} INFO - DAG(s) dict_keys(['data_pipeline']) retrieved from /opt/airflow/dags/data-pipeline.py
[2025-05-02T13:57:47.338+0000] {logging_mixin.py:149} INFO - [2025-05-02T13:57:47.075+0000] {dag.py:2726} INFO - Sync 1 DAGs
[2025-05-02T13:57:47.391+0000] {logging_mixin.py:149} INFO - [2025-05-02T13:57:47.391+0000] {dag.py:3490} INFO - Setting next_dagrun for data_pipeline to 2025-05-01T00:00:00+00:00, run_after=2025-06-01T00:00:00+00:00
[2025-05-02T13:57:47.456+0000] {processor.py:178} INFO - Processing /opt/airflow/dags/data-pipeline.py took 1.504 seconds
[2025-05-02T13:58:17.969+0000] {processor.py:156} INFO - Started process (PID=6110) to work on /opt/airflow/dags/data-pipeline.py
[2025-05-02T13:58:17.972+0000] {processor.py:799} INFO - Processing file /opt/airflow/dags/data-pipeline.py for tasks to queue
[2025-05-02T13:58:17.976+0000] {logging_mixin.py:149} INFO - [2025-05-02T13:58:17.975+0000] {dagbag.py:541} INFO - Filling up the DagBag from /opt/airflow/dags/data-pipeline.py
[2025-05-02T13:58:19.277+0000] {processor.py:809} INFO - DAG(s) dict_keys(['data_pipeline']) retrieved from /opt/airflow/dags/data-pipeline.py
[2025-05-02T13:58:19.407+0000] {logging_mixin.py:149} INFO - [2025-05-02T13:58:19.406+0000] {dag.py:2726} INFO - Sync 1 DAGs
[2025-05-02T13:58:19.462+0000] {logging_mixin.py:149} INFO - [2025-05-02T13:58:19.461+0000] {dag.py:3490} INFO - Setting next_dagrun for data_pipeline to 2025-05-01T00:00:00+00:00, run_after=2025-06-01T00:00:00+00:00
[2025-05-02T13:58:19.524+0000] {processor.py:178} INFO - Processing /opt/airflow/dags/data-pipeline.py took 1.564 seconds
[2025-05-02T13:58:49.931+0000] {processor.py:156} INFO - Started process (PID=6144) to work on /opt/airflow/dags/data-pipeline.py
[2025-05-02T13:58:49.934+0000] {processor.py:799} INFO - Processing file /opt/airflow/dags/data-pipeline.py for tasks to queue
[2025-05-02T13:58:49.937+0000] {logging_mixin.py:149} INFO - [2025-05-02T13:58:49.936+0000] {dagbag.py:541} INFO - Filling up the DagBag from /opt/airflow/dags/data-pipeline.py
[2025-05-02T13:58:51.245+0000] {processor.py:809} INFO - DAG(s) dict_keys(['data_pipeline']) retrieved from /opt/airflow/dags/data-pipeline.py
[2025-05-02T13:58:51.321+0000] {logging_mixin.py:149} INFO - [2025-05-02T13:58:51.320+0000] {dag.py:2726} INFO - Sync 1 DAGs
[2025-05-02T13:58:51.399+0000] {logging_mixin.py:149} INFO - [2025-05-02T13:58:51.398+0000] {dag.py:3490} INFO - Setting next_dagrun for data_pipeline to 2025-05-01T00:00:00+00:00, run_after=2025-06-01T00:00:00+00:00
[2025-05-02T13:58:51.468+0000] {processor.py:178} INFO - Processing /opt/airflow/dags/data-pipeline.py took 1.550 seconds
