[2025-05-02T09:12:40.000+0000] {processor.py:156} INFO - Started process (PID=163) to work on /opt/airflow/dags/extract.py
[2025-05-02T09:12:40.008+0000] {processor.py:799} INFO - Processing file /opt/airflow/dags/extract.py for tasks to queue
[2025-05-02T09:12:40.014+0000] {logging_mixin.py:149} INFO - [2025-05-02T09:12:40.013+0000] {dagbag.py:541} INFO - Filling up the DagBag from /opt/airflow/dags/extract.py
[2025-05-02T09:12:45.446+0000] {processor.py:809} INFO - DAG(s) dict_keys(['extract']) retrieved from /opt/airflow/dags/extract.py
[2025-05-02T09:12:45.990+0000] {logging_mixin.py:149} INFO - [2025-05-02T09:12:45.990+0000] {manager.py:504} INFO - Created Permission View: can edit on DAG:extract
[2025-05-02T09:12:46.019+0000] {logging_mixin.py:149} INFO - [2025-05-02T09:12:46.019+0000] {manager.py:504} INFO - Created Permission View: can delete on DAG:extract
[2025-05-02T09:12:46.046+0000] {logging_mixin.py:149} INFO - [2025-05-02T09:12:46.046+0000] {manager.py:504} INFO - Created Permission View: can read on DAG:extract
[2025-05-02T09:12:46.049+0000] {logging_mixin.py:149} INFO - [2025-05-02T09:12:46.047+0000] {dag.py:2726} INFO - Sync 1 DAGs
[2025-05-02T09:12:46.072+0000] {logging_mixin.py:149} INFO - [2025-05-02T09:12:46.071+0000] {dag.py:2747} INFO - Creating ORM DAG for extract
[2025-05-02T09:12:46.094+0000] {logging_mixin.py:149} INFO - [2025-05-02T09:12:46.094+0000] {dag.py:3490} INFO - Setting next_dagrun for extract to 2025-05-01T00:00:00+00:00, run_after=2025-05-02T00:00:00+00:00
[2025-05-02T09:12:46.147+0000] {processor.py:178} INFO - Processing /opt/airflow/dags/extract.py took 6.191 seconds
[2025-05-02T09:13:16.525+0000] {processor.py:156} INFO - Started process (PID=211) to work on /opt/airflow/dags/extract.py
[2025-05-02T09:13:16.531+0000] {processor.py:799} INFO - Processing file /opt/airflow/dags/extract.py for tasks to queue
[2025-05-02T09:13:16.536+0000] {logging_mixin.py:149} INFO - [2025-05-02T09:13:16.535+0000] {dagbag.py:541} INFO - Filling up the DagBag from /opt/airflow/dags/extract.py
[2025-05-02T09:13:18.517+0000] {processor.py:809} INFO - DAG(s) dict_keys(['extract']) retrieved from /opt/airflow/dags/extract.py
[2025-05-02T09:13:18.622+0000] {logging_mixin.py:149} INFO - [2025-05-02T09:13:18.621+0000] {dag.py:2726} INFO - Sync 1 DAGs
[2025-05-02T09:13:18.669+0000] {logging_mixin.py:149} INFO - [2025-05-02T09:13:18.669+0000] {dag.py:3490} INFO - Setting next_dagrun for extract to 2025-05-01T00:00:00+00:00, run_after=2025-05-02T00:00:00+00:00
[2025-05-02T09:13:18.761+0000] {processor.py:178} INFO - Processing /opt/airflow/dags/extract.py took 2.246 seconds
[2025-05-02T09:13:48.977+0000] {processor.py:156} INFO - Started process (PID=231) to work on /opt/airflow/dags/extract.py
[2025-05-02T09:13:48.984+0000] {processor.py:799} INFO - Processing file /opt/airflow/dags/extract.py for tasks to queue
[2025-05-02T09:13:48.990+0000] {logging_mixin.py:149} INFO - [2025-05-02T09:13:48.989+0000] {dagbag.py:541} INFO - Filling up the DagBag from /opt/airflow/dags/extract.py
[2025-05-02T09:13:53.412+0000] {processor.py:809} INFO - DAG(s) dict_keys(['extract']) retrieved from /opt/airflow/dags/extract.py
[2025-05-02T09:13:53.574+0000] {logging_mixin.py:149} INFO - [2025-05-02T09:13:53.572+0000] {dag.py:2726} INFO - Sync 1 DAGs
[2025-05-02T09:13:53.695+0000] {logging_mixin.py:149} INFO - [2025-05-02T09:13:53.694+0000] {dag.py:3490} INFO - Setting next_dagrun for extract to 2025-05-01T00:00:00+00:00, run_after=2025-05-02T00:00:00+00:00
[2025-05-02T09:13:53.784+0000] {processor.py:178} INFO - Processing /opt/airflow/dags/extract.py took 4.832 seconds
[2025-05-02T09:14:24.198+0000] {processor.py:156} INFO - Started process (PID=265) to work on /opt/airflow/dags/extract.py
[2025-05-02T09:14:24.205+0000] {processor.py:799} INFO - Processing file /opt/airflow/dags/extract.py for tasks to queue
[2025-05-02T09:14:24.208+0000] {logging_mixin.py:149} INFO - [2025-05-02T09:14:24.208+0000] {dagbag.py:541} INFO - Filling up the DagBag from /opt/airflow/dags/extract.py
[2025-05-02T09:14:25.245+0000] {processor.py:809} INFO - DAG(s) dict_keys(['extract']) retrieved from /opt/airflow/dags/extract.py
[2025-05-02T09:14:25.298+0000] {logging_mixin.py:149} INFO - [2025-05-02T09:14:25.297+0000] {dag.py:2726} INFO - Sync 1 DAGs
[2025-05-02T09:14:25.348+0000] {logging_mixin.py:149} INFO - [2025-05-02T09:14:25.348+0000] {dag.py:3490} INFO - Setting next_dagrun for extract to 2025-05-01T00:00:00+00:00, run_after=2025-05-02T00:00:00+00:00
[2025-05-02T09:14:25.408+0000] {processor.py:178} INFO - Processing /opt/airflow/dags/extract.py took 1.213 seconds
[2025-05-02T09:14:55.752+0000] {processor.py:156} INFO - Started process (PID=299) to work on /opt/airflow/dags/extract.py
[2025-05-02T09:14:55.754+0000] {processor.py:799} INFO - Processing file /opt/airflow/dags/extract.py for tasks to queue
[2025-05-02T09:14:55.757+0000] {logging_mixin.py:149} INFO - [2025-05-02T09:14:55.757+0000] {dagbag.py:541} INFO - Filling up the DagBag from /opt/airflow/dags/extract.py
[2025-05-02T09:14:56.631+0000] {processor.py:809} INFO - DAG(s) dict_keys(['extract']) retrieved from /opt/airflow/dags/extract.py
[2025-05-02T09:14:56.666+0000] {logging_mixin.py:149} INFO - [2025-05-02T09:14:56.666+0000] {dag.py:2726} INFO - Sync 1 DAGs
[2025-05-02T09:14:56.702+0000] {logging_mixin.py:149} INFO - [2025-05-02T09:14:56.702+0000] {dag.py:3490} INFO - Setting next_dagrun for extract to 2025-05-01T00:00:00+00:00, run_after=2025-05-02T00:00:00+00:00
[2025-05-02T09:14:56.743+0000] {processor.py:178} INFO - Processing /opt/airflow/dags/extract.py took 1.000 seconds
[2025-05-02T09:15:27.096+0000] {processor.py:156} INFO - Started process (PID=333) to work on /opt/airflow/dags/extract.py
[2025-05-02T09:15:27.097+0000] {processor.py:799} INFO - Processing file /opt/airflow/dags/extract.py for tasks to queue
[2025-05-02T09:15:27.099+0000] {logging_mixin.py:149} INFO - [2025-05-02T09:15:27.099+0000] {dagbag.py:541} INFO - Filling up the DagBag from /opt/airflow/dags/extract.py
[2025-05-02T09:15:28.050+0000] {processor.py:809} INFO - DAG(s) dict_keys(['extract']) retrieved from /opt/airflow/dags/extract.py
[2025-05-02T09:15:28.128+0000] {logging_mixin.py:149} INFO - [2025-05-02T09:15:28.127+0000] {dag.py:2726} INFO - Sync 1 DAGs
[2025-05-02T09:15:28.193+0000] {logging_mixin.py:149} INFO - [2025-05-02T09:15:28.192+0000] {dag.py:3490} INFO - Setting next_dagrun for extract to 2025-05-01T00:00:00+00:00, run_after=2025-05-02T00:00:00+00:00
[2025-05-02T09:15:28.248+0000] {processor.py:178} INFO - Processing /opt/airflow/dags/extract.py took 1.156 seconds
[2025-05-02T09:15:58.739+0000] {processor.py:156} INFO - Started process (PID=367) to work on /opt/airflow/dags/extract.py
[2025-05-02T09:15:58.744+0000] {processor.py:799} INFO - Processing file /opt/airflow/dags/extract.py for tasks to queue
[2025-05-02T09:15:58.747+0000] {logging_mixin.py:149} INFO - [2025-05-02T09:15:58.747+0000] {dagbag.py:541} INFO - Filling up the DagBag from /opt/airflow/dags/extract.py
[2025-05-02T09:16:00.415+0000] {processor.py:809} INFO - DAG(s) dict_keys(['extract']) retrieved from /opt/airflow/dags/extract.py
[2025-05-02T09:16:00.612+0000] {logging_mixin.py:149} INFO - [2025-05-02T09:16:00.603+0000] {dag.py:2726} INFO - Sync 1 DAGs
[2025-05-02T09:16:00.747+0000] {logging_mixin.py:149} INFO - [2025-05-02T09:16:00.746+0000] {dag.py:3490} INFO - Setting next_dagrun for extract to 2025-05-01T00:00:00+00:00, run_after=2025-05-02T00:00:00+00:00
[2025-05-02T09:16:00.889+0000] {processor.py:178} INFO - Processing /opt/airflow/dags/extract.py took 2.160 seconds
[2025-05-02T09:16:31.345+0000] {processor.py:156} INFO - Started process (PID=401) to work on /opt/airflow/dags/extract.py
[2025-05-02T09:16:31.347+0000] {processor.py:799} INFO - Processing file /opt/airflow/dags/extract.py for tasks to queue
[2025-05-02T09:16:31.348+0000] {logging_mixin.py:149} INFO - [2025-05-02T09:16:31.348+0000] {dagbag.py:541} INFO - Filling up the DagBag from /opt/airflow/dags/extract.py
[2025-05-02T09:16:32.052+0000] {processor.py:809} INFO - DAG(s) dict_keys(['extract']) retrieved from /opt/airflow/dags/extract.py
[2025-05-02T09:16:32.202+0000] {logging_mixin.py:149} INFO - [2025-05-02T09:16:32.202+0000] {dag.py:2726} INFO - Sync 1 DAGs
[2025-05-02T09:16:32.286+0000] {logging_mixin.py:149} INFO - [2025-05-02T09:16:32.285+0000] {dag.py:3490} INFO - Setting next_dagrun for extract to 2025-05-01T00:00:00+00:00, run_after=2025-05-02T00:00:00+00:00
[2025-05-02T09:16:32.460+0000] {processor.py:178} INFO - Processing /opt/airflow/dags/extract.py took 1.120 seconds
[2025-05-02T09:17:02.715+0000] {processor.py:156} INFO - Started process (PID=435) to work on /opt/airflow/dags/extract.py
[2025-05-02T09:17:02.721+0000] {processor.py:799} INFO - Processing file /opt/airflow/dags/extract.py for tasks to queue
[2025-05-02T09:17:02.722+0000] {logging_mixin.py:149} INFO - [2025-05-02T09:17:02.722+0000] {dagbag.py:541} INFO - Filling up the DagBag from /opt/airflow/dags/extract.py
[2025-05-02T09:17:03.698+0000] {processor.py:809} INFO - DAG(s) dict_keys(['extract']) retrieved from /opt/airflow/dags/extract.py
[2025-05-02T09:17:03.765+0000] {logging_mixin.py:149} INFO - [2025-05-02T09:17:03.763+0000] {dag.py:2726} INFO - Sync 1 DAGs
[2025-05-02T09:17:03.915+0000] {logging_mixin.py:149} INFO - [2025-05-02T09:17:03.915+0000] {dag.py:3490} INFO - Setting next_dagrun for extract to 2025-05-01T00:00:00+00:00, run_after=2025-05-02T00:00:00+00:00
[2025-05-02T09:17:03.996+0000] {processor.py:178} INFO - Processing /opt/airflow/dags/extract.py took 1.292 seconds
[2025-05-02T09:17:34.360+0000] {processor.py:156} INFO - Started process (PID=469) to work on /opt/airflow/dags/extract.py
[2025-05-02T09:17:34.361+0000] {processor.py:799} INFO - Processing file /opt/airflow/dags/extract.py for tasks to queue
[2025-05-02T09:17:34.362+0000] {logging_mixin.py:149} INFO - [2025-05-02T09:17:34.362+0000] {dagbag.py:541} INFO - Filling up the DagBag from /opt/airflow/dags/extract.py
[2025-05-02T09:17:35.065+0000] {processor.py:809} INFO - DAG(s) dict_keys(['extract']) retrieved from /opt/airflow/dags/extract.py
[2025-05-02T09:17:35.243+0000] {logging_mixin.py:149} INFO - [2025-05-02T09:17:35.243+0000] {dag.py:2726} INFO - Sync 1 DAGs
[2025-05-02T09:17:35.309+0000] {logging_mixin.py:149} INFO - [2025-05-02T09:17:35.308+0000] {dag.py:3490} INFO - Setting next_dagrun for extract to 2025-05-01T00:00:00+00:00, run_after=2025-05-02T00:00:00+00:00
[2025-05-02T09:17:35.387+0000] {processor.py:178} INFO - Processing /opt/airflow/dags/extract.py took 1.041 seconds
[2025-05-02T09:18:05.929+0000] {processor.py:156} INFO - Started process (PID=503) to work on /opt/airflow/dags/extract.py
[2025-05-02T09:18:05.937+0000] {processor.py:799} INFO - Processing file /opt/airflow/dags/extract.py for tasks to queue
[2025-05-02T09:18:05.941+0000] {logging_mixin.py:149} INFO - [2025-05-02T09:18:05.941+0000] {dagbag.py:541} INFO - Filling up the DagBag from /opt/airflow/dags/extract.py
[2025-05-02T09:18:07.529+0000] {processor.py:809} INFO - DAG(s) dict_keys(['extract']) retrieved from /opt/airflow/dags/extract.py
[2025-05-02T09:18:07.706+0000] {logging_mixin.py:149} INFO - [2025-05-02T09:18:07.704+0000] {dag.py:2726} INFO - Sync 1 DAGs
[2025-05-02T09:18:07.874+0000] {logging_mixin.py:149} INFO - [2025-05-02T09:18:07.873+0000] {dag.py:3490} INFO - Setting next_dagrun for extract to 2025-05-01T00:00:00+00:00, run_after=2025-05-02T00:00:00+00:00
[2025-05-02T09:18:08.027+0000] {processor.py:178} INFO - Processing /opt/airflow/dags/extract.py took 2.117 seconds
[2025-05-02T09:18:38.462+0000] {processor.py:156} INFO - Started process (PID=563) to work on /opt/airflow/dags/extract.py
[2025-05-02T09:18:38.471+0000] {processor.py:799} INFO - Processing file /opt/airflow/dags/extract.py for tasks to queue
[2025-05-02T09:18:38.478+0000] {logging_mixin.py:149} INFO - [2025-05-02T09:18:38.477+0000] {dagbag.py:541} INFO - Filling up the DagBag from /opt/airflow/dags/extract.py
[2025-05-02T09:18:42.986+0000] {processor.py:809} INFO - DAG(s) dict_keys(['extract']) retrieved from /opt/airflow/dags/extract.py
[2025-05-02T09:18:43.580+0000] {logging_mixin.py:149} INFO - [2025-05-02T09:18:43.577+0000] {dag.py:2726} INFO - Sync 1 DAGs
[2025-05-02T09:18:43.859+0000] {logging_mixin.py:149} INFO - [2025-05-02T09:18:43.859+0000] {dag.py:3490} INFO - Setting next_dagrun for extract to 2025-05-02T00:00:00+00:00, run_after=2025-05-03T00:00:00+00:00
[2025-05-02T09:18:44.007+0000] {processor.py:178} INFO - Processing /opt/airflow/dags/extract.py took 5.590 seconds
[2025-05-02T09:19:14.593+0000] {processor.py:156} INFO - Started process (PID=599) to work on /opt/airflow/dags/extract.py
[2025-05-02T09:19:14.597+0000] {processor.py:799} INFO - Processing file /opt/airflow/dags/extract.py for tasks to queue
[2025-05-02T09:19:14.599+0000] {logging_mixin.py:149} INFO - [2025-05-02T09:19:14.598+0000] {dagbag.py:541} INFO - Filling up the DagBag from /opt/airflow/dags/extract.py
[2025-05-02T09:19:15.845+0000] {processor.py:809} INFO - DAG(s) dict_keys(['extract']) retrieved from /opt/airflow/dags/extract.py
[2025-05-02T09:19:15.998+0000] {logging_mixin.py:149} INFO - [2025-05-02T09:19:15.996+0000] {dag.py:2726} INFO - Sync 1 DAGs
[2025-05-02T09:19:16.082+0000] {logging_mixin.py:149} INFO - [2025-05-02T09:19:16.082+0000] {dag.py:3490} INFO - Setting next_dagrun for extract to 2025-05-02T00:00:00+00:00, run_after=2025-05-03T00:00:00+00:00
[2025-05-02T09:19:16.153+0000] {processor.py:178} INFO - Processing /opt/airflow/dags/extract.py took 1.572 seconds
[2025-05-02T09:19:46.401+0000] {processor.py:156} INFO - Started process (PID=633) to work on /opt/airflow/dags/extract.py
[2025-05-02T09:19:46.404+0000] {processor.py:799} INFO - Processing file /opt/airflow/dags/extract.py for tasks to queue
[2025-05-02T09:19:46.405+0000] {logging_mixin.py:149} INFO - [2025-05-02T09:19:46.405+0000] {dagbag.py:541} INFO - Filling up the DagBag from /opt/airflow/dags/extract.py
[2025-05-02T09:19:47.242+0000] {processor.py:809} INFO - DAG(s) dict_keys(['extract']) retrieved from /opt/airflow/dags/extract.py
[2025-05-02T09:19:47.350+0000] {logging_mixin.py:149} INFO - [2025-05-02T09:19:47.349+0000] {dag.py:2726} INFO - Sync 1 DAGs
[2025-05-02T09:19:47.435+0000] {logging_mixin.py:149} INFO - [2025-05-02T09:19:47.434+0000] {dag.py:3490} INFO - Setting next_dagrun for extract to 2025-05-02T00:00:00+00:00, run_after=2025-05-03T00:00:00+00:00
[2025-05-02T09:19:47.514+0000] {processor.py:178} INFO - Processing /opt/airflow/dags/extract.py took 1.118 seconds
[2025-05-02T09:20:17.926+0000] {processor.py:156} INFO - Started process (PID=667) to work on /opt/airflow/dags/extract.py
[2025-05-02T09:20:17.928+0000] {processor.py:799} INFO - Processing file /opt/airflow/dags/extract.py for tasks to queue
[2025-05-02T09:20:17.930+0000] {logging_mixin.py:149} INFO - [2025-05-02T09:20:17.930+0000] {dagbag.py:541} INFO - Filling up the DagBag from /opt/airflow/dags/extract.py
[2025-05-02T09:20:18.610+0000] {processor.py:809} INFO - DAG(s) dict_keys(['extract']) retrieved from /opt/airflow/dags/extract.py
[2025-05-02T09:20:18.676+0000] {logging_mixin.py:149} INFO - [2025-05-02T09:20:18.675+0000] {dag.py:2726} INFO - Sync 1 DAGs
[2025-05-02T09:20:18.770+0000] {logging_mixin.py:149} INFO - [2025-05-02T09:20:18.769+0000] {dag.py:3490} INFO - Setting next_dagrun for extract to 2025-05-02T00:00:00+00:00, run_after=2025-05-03T00:00:00+00:00
[2025-05-02T09:20:18.873+0000] {processor.py:178} INFO - Processing /opt/airflow/dags/extract.py took 0.951 seconds
[2025-05-02T09:20:49.223+0000] {processor.py:156} INFO - Started process (PID=701) to work on /opt/airflow/dags/extract.py
[2025-05-02T09:20:49.224+0000] {processor.py:799} INFO - Processing file /opt/airflow/dags/extract.py for tasks to queue
[2025-05-02T09:20:49.226+0000] {logging_mixin.py:149} INFO - [2025-05-02T09:20:49.226+0000] {dagbag.py:541} INFO - Filling up the DagBag from /opt/airflow/dags/extract.py
[2025-05-02T09:20:49.836+0000] {processor.py:809} INFO - DAG(s) dict_keys(['extract']) retrieved from /opt/airflow/dags/extract.py
[2025-05-02T09:20:49.887+0000] {logging_mixin.py:149} INFO - [2025-05-02T09:20:49.886+0000] {dag.py:2726} INFO - Sync 1 DAGs
[2025-05-02T09:20:49.942+0000] {logging_mixin.py:149} INFO - [2025-05-02T09:20:49.942+0000] {dag.py:3490} INFO - Setting next_dagrun for extract to 2025-05-02T00:00:00+00:00, run_after=2025-05-03T00:00:00+00:00
[2025-05-02T09:20:50.018+0000] {processor.py:178} INFO - Processing /opt/airflow/dags/extract.py took 0.801 seconds
[2025-05-02T09:21:20.406+0000] {processor.py:156} INFO - Started process (PID=735) to work on /opt/airflow/dags/extract.py
[2025-05-02T09:21:20.408+0000] {processor.py:799} INFO - Processing file /opt/airflow/dags/extract.py for tasks to queue
[2025-05-02T09:21:20.410+0000] {logging_mixin.py:149} INFO - [2025-05-02T09:21:20.410+0000] {dagbag.py:541} INFO - Filling up the DagBag from /opt/airflow/dags/extract.py
[2025-05-02T09:21:21.130+0000] {processor.py:809} INFO - DAG(s) dict_keys(['extract']) retrieved from /opt/airflow/dags/extract.py
[2025-05-02T09:21:21.178+0000] {logging_mixin.py:149} INFO - [2025-05-02T09:21:21.177+0000] {dag.py:2726} INFO - Sync 1 DAGs
[2025-05-02T09:21:21.233+0000] {logging_mixin.py:149} INFO - [2025-05-02T09:21:21.233+0000] {dag.py:3490} INFO - Setting next_dagrun for extract to 2025-05-02T00:00:00+00:00, run_after=2025-05-03T00:00:00+00:00
[2025-05-02T09:21:21.289+0000] {processor.py:178} INFO - Processing /opt/airflow/dags/extract.py took 0.893 seconds
[2025-05-02T09:21:51.655+0000] {processor.py:156} INFO - Started process (PID=769) to work on /opt/airflow/dags/extract.py
[2025-05-02T09:21:51.659+0000] {processor.py:799} INFO - Processing file /opt/airflow/dags/extract.py for tasks to queue
[2025-05-02T09:21:51.661+0000] {logging_mixin.py:149} INFO - [2025-05-02T09:21:51.661+0000] {dagbag.py:541} INFO - Filling up the DagBag from /opt/airflow/dags/extract.py
[2025-05-02T09:21:52.288+0000] {processor.py:809} INFO - DAG(s) dict_keys(['extract']) retrieved from /opt/airflow/dags/extract.py
[2025-05-02T09:21:52.337+0000] {logging_mixin.py:149} INFO - [2025-05-02T09:21:52.336+0000] {dag.py:2726} INFO - Sync 1 DAGs
[2025-05-02T09:21:52.386+0000] {logging_mixin.py:149} INFO - [2025-05-02T09:21:52.386+0000] {dag.py:3490} INFO - Setting next_dagrun for extract to 2025-05-02T00:00:00+00:00, run_after=2025-05-03T00:00:00+00:00
[2025-05-02T09:21:52.439+0000] {processor.py:178} INFO - Processing /opt/airflow/dags/extract.py took 0.793 seconds
[2025-05-02T09:22:22.765+0000] {processor.py:156} INFO - Started process (PID=803) to work on /opt/airflow/dags/extract.py
[2025-05-02T09:22:22.767+0000] {processor.py:799} INFO - Processing file /opt/airflow/dags/extract.py for tasks to queue
[2025-05-02T09:22:22.768+0000] {logging_mixin.py:149} INFO - [2025-05-02T09:22:22.768+0000] {dagbag.py:541} INFO - Filling up the DagBag from /opt/airflow/dags/extract.py
[2025-05-02T09:22:23.661+0000] {processor.py:809} INFO - DAG(s) dict_keys(['extract']) retrieved from /opt/airflow/dags/extract.py
[2025-05-02T09:22:23.706+0000] {logging_mixin.py:149} INFO - [2025-05-02T09:22:23.705+0000] {dag.py:2726} INFO - Sync 1 DAGs
[2025-05-02T09:22:23.751+0000] {logging_mixin.py:149} INFO - [2025-05-02T09:22:23.751+0000] {dag.py:3490} INFO - Setting next_dagrun for extract to 2025-05-02T00:00:00+00:00, run_after=2025-05-03T00:00:00+00:00
[2025-05-02T09:22:23.797+0000] {processor.py:178} INFO - Processing /opt/airflow/dags/extract.py took 1.037 seconds
[2025-05-02T09:22:54.216+0000] {processor.py:156} INFO - Started process (PID=837) to work on /opt/airflow/dags/extract.py
[2025-05-02T09:22:54.218+0000] {processor.py:799} INFO - Processing file /opt/airflow/dags/extract.py for tasks to queue
[2025-05-02T09:22:54.219+0000] {logging_mixin.py:149} INFO - [2025-05-02T09:22:54.219+0000] {dagbag.py:541} INFO - Filling up the DagBag from /opt/airflow/dags/extract.py
[2025-05-02T09:22:54.871+0000] {processor.py:809} INFO - DAG(s) dict_keys(['extract']) retrieved from /opt/airflow/dags/extract.py
[2025-05-02T09:22:54.916+0000] {logging_mixin.py:149} INFO - [2025-05-02T09:22:54.915+0000] {dag.py:2726} INFO - Sync 1 DAGs
[2025-05-02T09:22:54.954+0000] {logging_mixin.py:149} INFO - [2025-05-02T09:22:54.954+0000] {dag.py:3490} INFO - Setting next_dagrun for extract to 2025-05-02T00:00:00+00:00, run_after=2025-05-03T00:00:00+00:00
[2025-05-02T09:22:54.998+0000] {processor.py:178} INFO - Processing /opt/airflow/dags/extract.py took 0.785 seconds
[2025-05-02T09:23:25.325+0000] {processor.py:156} INFO - Started process (PID=871) to work on /opt/airflow/dags/extract.py
[2025-05-02T09:23:25.327+0000] {processor.py:799} INFO - Processing file /opt/airflow/dags/extract.py for tasks to queue
[2025-05-02T09:23:25.328+0000] {logging_mixin.py:149} INFO - [2025-05-02T09:23:25.328+0000] {dagbag.py:541} INFO - Filling up the DagBag from /opt/airflow/dags/extract.py
[2025-05-02T09:23:25.826+0000] {processor.py:809} INFO - DAG(s) dict_keys(['extract']) retrieved from /opt/airflow/dags/extract.py
[2025-05-02T09:23:25.869+0000] {logging_mixin.py:149} INFO - [2025-05-02T09:23:25.868+0000] {dag.py:2726} INFO - Sync 1 DAGs
[2025-05-02T09:23:25.906+0000] {logging_mixin.py:149} INFO - [2025-05-02T09:23:25.906+0000] {dag.py:3490} INFO - Setting next_dagrun for extract to 2025-05-02T00:00:00+00:00, run_after=2025-05-03T00:00:00+00:00
[2025-05-02T09:23:25.955+0000] {processor.py:178} INFO - Processing /opt/airflow/dags/extract.py took 0.633 seconds
[2025-05-02T09:23:56.332+0000] {processor.py:156} INFO - Started process (PID=905) to work on /opt/airflow/dags/extract.py
[2025-05-02T09:23:56.334+0000] {processor.py:799} INFO - Processing file /opt/airflow/dags/extract.py for tasks to queue
[2025-05-02T09:23:56.336+0000] {logging_mixin.py:149} INFO - [2025-05-02T09:23:56.336+0000] {dagbag.py:541} INFO - Filling up the DagBag from /opt/airflow/dags/extract.py
[2025-05-02T09:23:56.900+0000] {processor.py:809} INFO - DAG(s) dict_keys(['extract']) retrieved from /opt/airflow/dags/extract.py
[2025-05-02T09:23:56.943+0000] {logging_mixin.py:149} INFO - [2025-05-02T09:23:56.942+0000] {dag.py:2726} INFO - Sync 1 DAGs
[2025-05-02T09:23:56.988+0000] {logging_mixin.py:149} INFO - [2025-05-02T09:23:56.988+0000] {dag.py:3490} INFO - Setting next_dagrun for extract to 2025-05-02T00:00:00+00:00, run_after=2025-05-03T00:00:00+00:00
[2025-05-02T09:23:57.033+0000] {processor.py:178} INFO - Processing /opt/airflow/dags/extract.py took 0.707 seconds
[2025-05-02T09:24:27.114+0000] {processor.py:156} INFO - Started process (PID=939) to work on /opt/airflow/dags/extract.py
[2025-05-02T09:24:27.115+0000] {processor.py:799} INFO - Processing file /opt/airflow/dags/extract.py for tasks to queue
[2025-05-02T09:24:27.117+0000] {logging_mixin.py:149} INFO - [2025-05-02T09:24:27.117+0000] {dagbag.py:541} INFO - Filling up the DagBag from /opt/airflow/dags/extract.py
[2025-05-02T09:24:27.655+0000] {processor.py:809} INFO - DAG(s) dict_keys(['extract']) retrieved from /opt/airflow/dags/extract.py
[2025-05-02T09:24:27.696+0000] {logging_mixin.py:149} INFO - [2025-05-02T09:24:27.695+0000] {dag.py:2726} INFO - Sync 1 DAGs
[2025-05-02T09:24:27.734+0000] {logging_mixin.py:149} INFO - [2025-05-02T09:24:27.734+0000] {dag.py:3490} INFO - Setting next_dagrun for extract to 2025-05-02T00:00:00+00:00, run_after=2025-05-03T00:00:00+00:00
[2025-05-02T09:24:27.777+0000] {processor.py:178} INFO - Processing /opt/airflow/dags/extract.py took 0.666 seconds
[2025-05-02T09:24:58.135+0000] {processor.py:156} INFO - Started process (PID=973) to work on /opt/airflow/dags/extract.py
[2025-05-02T09:24:58.137+0000] {processor.py:799} INFO - Processing file /opt/airflow/dags/extract.py for tasks to queue
[2025-05-02T09:24:58.139+0000] {logging_mixin.py:149} INFO - [2025-05-02T09:24:58.139+0000] {dagbag.py:541} INFO - Filling up the DagBag from /opt/airflow/dags/extract.py
[2025-05-02T09:25:00.167+0000] {processor.py:809} INFO - DAG(s) dict_keys(['extract']) retrieved from /opt/airflow/dags/extract.py
[2025-05-02T09:25:00.837+0000] {logging_mixin.py:149} INFO - [2025-05-02T09:25:00.829+0000] {dag.py:2726} INFO - Sync 1 DAGs
[2025-05-02T09:25:01.235+0000] {logging_mixin.py:149} INFO - [2025-05-02T09:25:01.234+0000] {dag.py:3490} INFO - Setting next_dagrun for extract to 2025-05-02T00:00:00+00:00, run_after=2025-05-03T00:00:00+00:00
[2025-05-02T09:25:01.433+0000] {processor.py:178} INFO - Processing /opt/airflow/dags/extract.py took 3.302 seconds
[2025-05-02T09:25:31.877+0000] {processor.py:156} INFO - Started process (PID=1007) to work on /opt/airflow/dags/extract.py
[2025-05-02T09:25:31.880+0000] {processor.py:799} INFO - Processing file /opt/airflow/dags/extract.py for tasks to queue
[2025-05-02T09:25:31.882+0000] {logging_mixin.py:149} INFO - [2025-05-02T09:25:31.882+0000] {dagbag.py:541} INFO - Filling up the DagBag from /opt/airflow/dags/extract.py
[2025-05-02T09:25:32.611+0000] {processor.py:809} INFO - DAG(s) dict_keys(['extract']) retrieved from /opt/airflow/dags/extract.py
[2025-05-02T09:25:32.659+0000] {logging_mixin.py:149} INFO - [2025-05-02T09:25:32.658+0000] {dag.py:2726} INFO - Sync 1 DAGs
[2025-05-02T09:25:32.697+0000] {logging_mixin.py:149} INFO - [2025-05-02T09:25:32.697+0000] {dag.py:3490} INFO - Setting next_dagrun for extract to 2025-05-02T00:00:00+00:00, run_after=2025-05-03T00:00:00+00:00
[2025-05-02T09:25:32.748+0000] {processor.py:178} INFO - Processing /opt/airflow/dags/extract.py took 0.881 seconds
[2025-05-02T09:26:02.843+0000] {processor.py:156} INFO - Started process (PID=1041) to work on /opt/airflow/dags/extract.py
[2025-05-02T09:26:02.846+0000] {processor.py:799} INFO - Processing file /opt/airflow/dags/extract.py for tasks to queue
[2025-05-02T09:26:02.847+0000] {logging_mixin.py:149} INFO - [2025-05-02T09:26:02.847+0000] {dagbag.py:541} INFO - Filling up the DagBag from /opt/airflow/dags/extract.py
[2025-05-02T09:26:03.879+0000] {processor.py:809} INFO - DAG(s) dict_keys(['extract']) retrieved from /opt/airflow/dags/extract.py
[2025-05-02T09:26:03.931+0000] {logging_mixin.py:149} INFO - [2025-05-02T09:26:03.930+0000] {dag.py:2726} INFO - Sync 1 DAGs
[2025-05-02T09:26:03.983+0000] {logging_mixin.py:149} INFO - [2025-05-02T09:26:03.983+0000] {dag.py:3490} INFO - Setting next_dagrun for extract to 2025-05-02T00:00:00+00:00, run_after=2025-05-03T00:00:00+00:00
[2025-05-02T09:26:04.057+0000] {processor.py:178} INFO - Processing /opt/airflow/dags/extract.py took 1.221 seconds
[2025-05-02T09:26:34.428+0000] {processor.py:156} INFO - Started process (PID=1075) to work on /opt/airflow/dags/extract.py
[2025-05-02T09:26:34.432+0000] {processor.py:799} INFO - Processing file /opt/airflow/dags/extract.py for tasks to queue
[2025-05-02T09:26:34.435+0000] {logging_mixin.py:149} INFO - [2025-05-02T09:26:34.434+0000] {dagbag.py:541} INFO - Filling up the DagBag from /opt/airflow/dags/extract.py
[2025-05-02T09:26:35.354+0000] {processor.py:809} INFO - DAG(s) dict_keys(['extract']) retrieved from /opt/airflow/dags/extract.py
[2025-05-02T09:26:35.419+0000] {logging_mixin.py:149} INFO - [2025-05-02T09:26:35.419+0000] {dag.py:2726} INFO - Sync 1 DAGs
[2025-05-02T09:26:35.493+0000] {logging_mixin.py:149} INFO - [2025-05-02T09:26:35.493+0000] {dag.py:3490} INFO - Setting next_dagrun for extract to 2025-05-02T00:00:00+00:00, run_after=2025-05-03T00:00:00+00:00
[2025-05-02T09:26:35.575+0000] {processor.py:178} INFO - Processing /opt/airflow/dags/extract.py took 1.157 seconds
[2025-05-02T09:27:06.017+0000] {processor.py:156} INFO - Started process (PID=1109) to work on /opt/airflow/dags/extract.py
[2025-05-02T09:27:06.019+0000] {processor.py:799} INFO - Processing file /opt/airflow/dags/extract.py for tasks to queue
[2025-05-02T09:27:06.021+0000] {logging_mixin.py:149} INFO - [2025-05-02T09:27:06.020+0000] {dagbag.py:541} INFO - Filling up the DagBag from /opt/airflow/dags/extract.py
[2025-05-02T09:27:06.600+0000] {processor.py:809} INFO - DAG(s) dict_keys(['extract']) retrieved from /opt/airflow/dags/extract.py
[2025-05-02T09:27:06.653+0000] {logging_mixin.py:149} INFO - [2025-05-02T09:27:06.653+0000] {dag.py:2726} INFO - Sync 1 DAGs
[2025-05-02T09:27:06.694+0000] {logging_mixin.py:149} INFO - [2025-05-02T09:27:06.694+0000] {dag.py:3490} INFO - Setting next_dagrun for extract to 2025-05-02T00:00:00+00:00, run_after=2025-05-03T00:00:00+00:00
[2025-05-02T09:27:06.748+0000] {processor.py:178} INFO - Processing /opt/airflow/dags/extract.py took 0.734 seconds
[2025-05-02T09:27:36.902+0000] {processor.py:156} INFO - Started process (PID=1143) to work on /opt/airflow/dags/extract.py
[2025-05-02T09:27:36.906+0000] {processor.py:799} INFO - Processing file /opt/airflow/dags/extract.py for tasks to queue
[2025-05-02T09:27:36.908+0000] {logging_mixin.py:149} INFO - [2025-05-02T09:27:36.908+0000] {dagbag.py:541} INFO - Filling up the DagBag from /opt/airflow/dags/extract.py
[2025-05-02T09:27:37.913+0000] {processor.py:809} INFO - DAG(s) dict_keys(['extract']) retrieved from /opt/airflow/dags/extract.py
[2025-05-02T09:27:38.027+0000] {logging_mixin.py:149} INFO - [2025-05-02T09:27:38.027+0000] {dag.py:2726} INFO - Sync 1 DAGs
[2025-05-02T09:27:38.126+0000] {logging_mixin.py:149} INFO - [2025-05-02T09:27:38.126+0000] {dag.py:3490} INFO - Setting next_dagrun for extract to 2025-05-02T00:00:00+00:00, run_after=2025-05-03T00:00:00+00:00
[2025-05-02T09:27:38.236+0000] {processor.py:178} INFO - Processing /opt/airflow/dags/extract.py took 1.347 seconds
[2025-05-02T09:28:08.720+0000] {processor.py:156} INFO - Started process (PID=1177) to work on /opt/airflow/dags/extract.py
[2025-05-02T09:28:08.722+0000] {processor.py:799} INFO - Processing file /opt/airflow/dags/extract.py for tasks to queue
[2025-05-02T09:28:08.723+0000] {logging_mixin.py:149} INFO - [2025-05-02T09:28:08.723+0000] {dagbag.py:541} INFO - Filling up the DagBag from /opt/airflow/dags/extract.py
[2025-05-02T09:28:09.303+0000] {processor.py:809} INFO - DAG(s) dict_keys(['extract']) retrieved from /opt/airflow/dags/extract.py
[2025-05-02T09:28:09.351+0000] {logging_mixin.py:149} INFO - [2025-05-02T09:28:09.350+0000] {dag.py:2726} INFO - Sync 1 DAGs
[2025-05-02T09:28:09.395+0000] {logging_mixin.py:149} INFO - [2025-05-02T09:28:09.395+0000] {dag.py:3490} INFO - Setting next_dagrun for extract to 2025-05-02T00:00:00+00:00, run_after=2025-05-03T00:00:00+00:00
[2025-05-02T09:28:09.445+0000] {processor.py:178} INFO - Processing /opt/airflow/dags/extract.py took 0.732 seconds
[2025-05-02T09:28:39.824+0000] {processor.py:156} INFO - Started process (PID=1211) to work on /opt/airflow/dags/extract.py
[2025-05-02T09:28:39.825+0000] {processor.py:799} INFO - Processing file /opt/airflow/dags/extract.py for tasks to queue
[2025-05-02T09:28:39.827+0000] {logging_mixin.py:149} INFO - [2025-05-02T09:28:39.827+0000] {dagbag.py:541} INFO - Filling up the DagBag from /opt/airflow/dags/extract.py
[2025-05-02T09:28:40.488+0000] {processor.py:809} INFO - DAG(s) dict_keys(['extract']) retrieved from /opt/airflow/dags/extract.py
[2025-05-02T09:28:40.548+0000] {logging_mixin.py:149} INFO - [2025-05-02T09:28:40.547+0000] {dag.py:2726} INFO - Sync 1 DAGs
[2025-05-02T09:28:40.633+0000] {logging_mixin.py:149} INFO - [2025-05-02T09:28:40.632+0000] {dag.py:3490} INFO - Setting next_dagrun for extract to 2025-05-02T00:00:00+00:00, run_after=2025-05-03T00:00:00+00:00
[2025-05-02T09:28:40.713+0000] {processor.py:178} INFO - Processing /opt/airflow/dags/extract.py took 0.894 seconds
[2025-05-02T09:29:10.867+0000] {processor.py:156} INFO - Started process (PID=1245) to work on /opt/airflow/dags/extract.py
[2025-05-02T09:29:10.869+0000] {processor.py:799} INFO - Processing file /opt/airflow/dags/extract.py for tasks to queue
[2025-05-02T09:29:10.871+0000] {logging_mixin.py:149} INFO - [2025-05-02T09:29:10.871+0000] {dagbag.py:541} INFO - Filling up the DagBag from /opt/airflow/dags/extract.py
[2025-05-02T09:29:11.384+0000] {processor.py:809} INFO - DAG(s) dict_keys(['extract']) retrieved from /opt/airflow/dags/extract.py
[2025-05-02T09:29:11.434+0000] {logging_mixin.py:149} INFO - [2025-05-02T09:29:11.434+0000] {dag.py:2726} INFO - Sync 1 DAGs
[2025-05-02T09:29:11.479+0000] {logging_mixin.py:149} INFO - [2025-05-02T09:29:11.479+0000] {dag.py:3490} INFO - Setting next_dagrun for extract to 2025-05-02T00:00:00+00:00, run_after=2025-05-03T00:00:00+00:00
[2025-05-02T09:29:11.531+0000] {processor.py:178} INFO - Processing /opt/airflow/dags/extract.py took 0.671 seconds
[2025-05-02T09:29:41.910+0000] {processor.py:156} INFO - Started process (PID=1279) to work on /opt/airflow/dags/extract.py
[2025-05-02T09:29:41.912+0000] {processor.py:799} INFO - Processing file /opt/airflow/dags/extract.py for tasks to queue
[2025-05-02T09:29:41.914+0000] {logging_mixin.py:149} INFO - [2025-05-02T09:29:41.914+0000] {dagbag.py:541} INFO - Filling up the DagBag from /opt/airflow/dags/extract.py
[2025-05-02T09:29:42.424+0000] {processor.py:809} INFO - DAG(s) dict_keys(['extract']) retrieved from /opt/airflow/dags/extract.py
[2025-05-02T09:29:42.468+0000] {logging_mixin.py:149} INFO - [2025-05-02T09:29:42.468+0000] {dag.py:2726} INFO - Sync 1 DAGs
[2025-05-02T09:29:42.514+0000] {logging_mixin.py:149} INFO - [2025-05-02T09:29:42.513+0000] {dag.py:3490} INFO - Setting next_dagrun for extract to 2025-05-02T00:00:00+00:00, run_after=2025-05-03T00:00:00+00:00
[2025-05-02T09:29:44.682+0000] {processor.py:178} INFO - Processing /opt/airflow/dags/extract.py took 2.775 seconds
[2025-05-02T09:30:14.970+0000] {processor.py:156} INFO - Started process (PID=1313) to work on /opt/airflow/dags/extract.py
[2025-05-02T09:30:14.972+0000] {processor.py:799} INFO - Processing file /opt/airflow/dags/extract.py for tasks to queue
[2025-05-02T09:30:14.975+0000] {logging_mixin.py:149} INFO - [2025-05-02T09:30:14.975+0000] {dagbag.py:541} INFO - Filling up the DagBag from /opt/airflow/dags/extract.py
[2025-05-02T09:30:15.641+0000] {processor.py:809} INFO - DAG(s) dict_keys(['extract']) retrieved from /opt/airflow/dags/extract.py
[2025-05-02T09:30:15.686+0000] {logging_mixin.py:149} INFO - [2025-05-02T09:30:15.686+0000] {dag.py:2726} INFO - Sync 1 DAGs
[2025-05-02T09:30:15.735+0000] {logging_mixin.py:149} INFO - [2025-05-02T09:30:15.734+0000] {dag.py:3490} INFO - Setting next_dagrun for extract to 2025-05-02T00:00:00+00:00, run_after=2025-05-03T00:00:00+00:00
[2025-05-02T09:30:15.791+0000] {processor.py:178} INFO - Processing /opt/airflow/dags/extract.py took 0.826 seconds
[2025-05-02T09:30:46.003+0000] {processor.py:156} INFO - Started process (PID=1347) to work on /opt/airflow/dags/extract.py
[2025-05-02T09:30:46.007+0000] {processor.py:799} INFO - Processing file /opt/airflow/dags/extract.py for tasks to queue
[2025-05-02T09:30:46.016+0000] {logging_mixin.py:149} INFO - [2025-05-02T09:30:46.015+0000] {dagbag.py:541} INFO - Filling up the DagBag from /opt/airflow/dags/extract.py
[2025-05-02T09:30:47.209+0000] {processor.py:809} INFO - DAG(s) dict_keys(['extract']) retrieved from /opt/airflow/dags/extract.py
[2025-05-02T09:30:47.318+0000] {logging_mixin.py:149} INFO - [2025-05-02T09:30:47.317+0000] {dag.py:2726} INFO - Sync 1 DAGs
[2025-05-02T09:30:47.390+0000] {logging_mixin.py:149} INFO - [2025-05-02T09:30:47.390+0000] {dag.py:3490} INFO - Setting next_dagrun for extract to 2025-05-02T00:00:00+00:00, run_after=2025-05-03T00:00:00+00:00
[2025-05-02T09:30:47.459+0000] {processor.py:178} INFO - Processing /opt/airflow/dags/extract.py took 1.481 seconds
[2025-05-02T09:31:06.788+0000] {processor.py:156} INFO - Started process (PID=1381) to work on /opt/airflow/dags/extract.py
[2025-05-02T09:31:06.791+0000] {processor.py:799} INFO - Processing file /opt/airflow/dags/extract.py for tasks to queue
[2025-05-02T09:31:06.794+0000] {logging_mixin.py:149} INFO - [2025-05-02T09:31:06.794+0000] {dagbag.py:541} INFO - Filling up the DagBag from /opt/airflow/dags/extract.py
[2025-05-02T09:31:07.394+0000] {processor.py:809} INFO - DAG(s) dict_keys(['extract']) retrieved from /opt/airflow/dags/extract.py
[2025-05-02T09:31:07.445+0000] {logging_mixin.py:149} INFO - [2025-05-02T09:31:07.444+0000] {dag.py:2726} INFO - Sync 1 DAGs
[2025-05-02T09:31:07.484+0000] {logging_mixin.py:149} INFO - [2025-05-02T09:31:07.484+0000] {dag.py:3490} INFO - Setting next_dagrun for extract to 2025-05-02T00:00:00+00:00, run_after=2025-05-03T00:00:00+00:00
[2025-05-02T09:31:07.549+0000] {processor.py:178} INFO - Processing /opt/airflow/dags/extract.py took 0.765 seconds
[2025-05-02T09:33:07.781+0000] {processor.py:156} INFO - Started process (PID=165) to work on /opt/airflow/dags/extract.py
[2025-05-02T09:33:07.784+0000] {processor.py:799} INFO - Processing file /opt/airflow/dags/extract.py for tasks to queue
[2025-05-02T09:33:07.786+0000] {logging_mixin.py:149} INFO - [2025-05-02T09:33:07.786+0000] {dagbag.py:541} INFO - Filling up the DagBag from /opt/airflow/dags/extract.py
[2025-05-02T09:33:11.708+0000] {processor.py:809} INFO - DAG(s) dict_keys(['extract']) retrieved from /opt/airflow/dags/extract.py
[2025-05-02T09:33:11.852+0000] {logging_mixin.py:149} INFO - [2025-05-02T09:33:11.852+0000] {dag.py:2726} INFO - Sync 1 DAGs
[2025-05-02T09:33:11.916+0000] {logging_mixin.py:149} INFO - [2025-05-02T09:33:11.915+0000] {dag.py:3490} INFO - Setting next_dagrun for extract to 2025-05-02T00:00:00+00:00, run_after=2025-05-03T00:00:00+00:00
[2025-05-02T09:33:11.991+0000] {processor.py:178} INFO - Processing /opt/airflow/dags/extract.py took 4.217 seconds
[2025-05-02T09:33:42.364+0000] {processor.py:156} INFO - Started process (PID=200) to work on /opt/airflow/dags/extract.py
[2025-05-02T09:33:42.366+0000] {processor.py:799} INFO - Processing file /opt/airflow/dags/extract.py for tasks to queue
[2025-05-02T09:33:42.367+0000] {logging_mixin.py:149} INFO - [2025-05-02T09:33:42.367+0000] {dagbag.py:541} INFO - Filling up the DagBag from /opt/airflow/dags/extract.py
[2025-05-02T09:33:44.369+0000] {processor.py:809} INFO - DAG(s) dict_keys(['extract']) retrieved from /opt/airflow/dags/extract.py
[2025-05-02T09:33:44.460+0000] {logging_mixin.py:149} INFO - [2025-05-02T09:33:44.459+0000] {dag.py:2726} INFO - Sync 1 DAGs
[2025-05-02T09:33:44.502+0000] {logging_mixin.py:149} INFO - [2025-05-02T09:33:44.502+0000] {dag.py:3490} INFO - Setting next_dagrun for extract to 2025-05-02T00:00:00+00:00, run_after=2025-05-03T00:00:00+00:00
[2025-05-02T09:33:44.565+0000] {processor.py:178} INFO - Processing /opt/airflow/dags/extract.py took 2.210 seconds
[2025-05-02T09:34:14.885+0000] {processor.py:156} INFO - Started process (PID=234) to work on /opt/airflow/dags/extract.py
[2025-05-02T09:34:14.887+0000] {processor.py:799} INFO - Processing file /opt/airflow/dags/extract.py for tasks to queue
[2025-05-02T09:34:14.888+0000] {logging_mixin.py:149} INFO - [2025-05-02T09:34:14.888+0000] {dagbag.py:541} INFO - Filling up the DagBag from /opt/airflow/dags/extract.py
[2025-05-02T09:34:16.848+0000] {processor.py:809} INFO - DAG(s) dict_keys(['extract']) retrieved from /opt/airflow/dags/extract.py
[2025-05-02T09:34:16.923+0000] {logging_mixin.py:149} INFO - [2025-05-02T09:34:16.922+0000] {dag.py:2726} INFO - Sync 1 DAGs
[2025-05-02T09:34:17.053+0000] {logging_mixin.py:149} INFO - [2025-05-02T09:34:17.053+0000] {dag.py:3490} INFO - Setting next_dagrun for extract to 2025-05-02T00:00:00+00:00, run_after=2025-05-03T00:00:00+00:00
[2025-05-02T09:34:17.119+0000] {processor.py:178} INFO - Processing /opt/airflow/dags/extract.py took 2.237 seconds
[2025-05-02T09:34:47.441+0000] {processor.py:156} INFO - Started process (PID=268) to work on /opt/airflow/dags/extract.py
[2025-05-02T09:34:47.444+0000] {processor.py:799} INFO - Processing file /opt/airflow/dags/extract.py for tasks to queue
[2025-05-02T09:34:47.446+0000] {logging_mixin.py:149} INFO - [2025-05-02T09:34:47.446+0000] {dagbag.py:541} INFO - Filling up the DagBag from /opt/airflow/dags/extract.py
[2025-05-02T09:34:48.532+0000] {processor.py:809} INFO - DAG(s) dict_keys(['extract']) retrieved from /opt/airflow/dags/extract.py
[2025-05-02T09:34:48.625+0000] {logging_mixin.py:149} INFO - [2025-05-02T09:34:48.624+0000] {dag.py:2726} INFO - Sync 1 DAGs
[2025-05-02T09:34:48.668+0000] {logging_mixin.py:149} INFO - [2025-05-02T09:34:48.668+0000] {dag.py:3490} INFO - Setting next_dagrun for extract to 2025-05-02T00:00:00+00:00, run_after=2025-05-03T00:00:00+00:00
[2025-05-02T09:34:48.745+0000] {processor.py:178} INFO - Processing /opt/airflow/dags/extract.py took 1.310 seconds
[2025-05-02T09:35:19.094+0000] {processor.py:156} INFO - Started process (PID=302) to work on /opt/airflow/dags/extract.py
[2025-05-02T09:35:19.096+0000] {processor.py:799} INFO - Processing file /opt/airflow/dags/extract.py for tasks to queue
[2025-05-02T09:35:19.097+0000] {logging_mixin.py:149} INFO - [2025-05-02T09:35:19.097+0000] {dagbag.py:541} INFO - Filling up the DagBag from /opt/airflow/dags/extract.py
[2025-05-02T09:35:19.900+0000] {processor.py:809} INFO - DAG(s) dict_keys(['extract']) retrieved from /opt/airflow/dags/extract.py
[2025-05-02T09:35:19.933+0000] {logging_mixin.py:149} INFO - [2025-05-02T09:35:19.933+0000] {dag.py:2726} INFO - Sync 1 DAGs
[2025-05-02T09:35:19.967+0000] {logging_mixin.py:149} INFO - [2025-05-02T09:35:19.967+0000] {dag.py:3490} INFO - Setting next_dagrun for extract to 2025-05-02T00:00:00+00:00, run_after=2025-05-03T00:00:00+00:00
[2025-05-02T09:35:20.010+0000] {processor.py:178} INFO - Processing /opt/airflow/dags/extract.py took 0.919 seconds
[2025-05-02T09:35:50.349+0000] {processor.py:156} INFO - Started process (PID=336) to work on /opt/airflow/dags/extract.py
[2025-05-02T09:35:50.351+0000] {processor.py:799} INFO - Processing file /opt/airflow/dags/extract.py for tasks to queue
[2025-05-02T09:35:50.352+0000] {logging_mixin.py:149} INFO - [2025-05-02T09:35:50.352+0000] {dagbag.py:541} INFO - Filling up the DagBag from /opt/airflow/dags/extract.py
[2025-05-02T09:35:51.095+0000] {processor.py:809} INFO - DAG(s) dict_keys(['extract']) retrieved from /opt/airflow/dags/extract.py
[2025-05-02T09:35:51.129+0000] {logging_mixin.py:149} INFO - [2025-05-02T09:35:51.128+0000] {dag.py:2726} INFO - Sync 1 DAGs
[2025-05-02T09:35:51.165+0000] {logging_mixin.py:149} INFO - [2025-05-02T09:35:51.165+0000] {dag.py:3490} INFO - Setting next_dagrun for extract to 2025-05-02T00:00:00+00:00, run_after=2025-05-03T00:00:00+00:00
[2025-05-02T09:35:51.206+0000] {processor.py:178} INFO - Processing /opt/airflow/dags/extract.py took 0.860 seconds
[2025-05-02T09:36:21.573+0000] {processor.py:156} INFO - Started process (PID=370) to work on /opt/airflow/dags/extract.py
[2025-05-02T09:36:21.576+0000] {processor.py:799} INFO - Processing file /opt/airflow/dags/extract.py for tasks to queue
[2025-05-02T09:36:21.578+0000] {logging_mixin.py:149} INFO - [2025-05-02T09:36:21.577+0000] {dagbag.py:541} INFO - Filling up the DagBag from /opt/airflow/dags/extract.py
[2025-05-02T09:36:22.198+0000] {processor.py:809} INFO - DAG(s) dict_keys(['extract']) retrieved from /opt/airflow/dags/extract.py
[2025-05-02T09:36:22.235+0000] {logging_mixin.py:149} INFO - [2025-05-02T09:36:22.234+0000] {dag.py:2726} INFO - Sync 1 DAGs
[2025-05-02T09:36:22.276+0000] {logging_mixin.py:149} INFO - [2025-05-02T09:36:22.276+0000] {dag.py:3490} INFO - Setting next_dagrun for extract to 2025-05-02T00:00:00+00:00, run_after=2025-05-03T00:00:00+00:00
[2025-05-02T09:36:22.325+0000] {processor.py:178} INFO - Processing /opt/airflow/dags/extract.py took 0.761 seconds
[2025-05-02T09:36:52.673+0000] {processor.py:156} INFO - Started process (PID=404) to work on /opt/airflow/dags/extract.py
[2025-05-02T09:36:52.674+0000] {processor.py:799} INFO - Processing file /opt/airflow/dags/extract.py for tasks to queue
[2025-05-02T09:36:52.676+0000] {logging_mixin.py:149} INFO - [2025-05-02T09:36:52.676+0000] {dagbag.py:541} INFO - Filling up the DagBag from /opt/airflow/dags/extract.py
[2025-05-02T09:36:53.235+0000] {processor.py:809} INFO - DAG(s) dict_keys(['extract']) retrieved from /opt/airflow/dags/extract.py
[2025-05-02T09:36:53.279+0000] {logging_mixin.py:149} INFO - [2025-05-02T09:36:53.278+0000] {dag.py:2726} INFO - Sync 1 DAGs
[2025-05-02T09:36:53.318+0000] {logging_mixin.py:149} INFO - [2025-05-02T09:36:53.317+0000] {dag.py:3490} INFO - Setting next_dagrun for extract to 2025-05-02T00:00:00+00:00, run_after=2025-05-03T00:00:00+00:00
[2025-05-02T09:36:53.361+0000] {processor.py:178} INFO - Processing /opt/airflow/dags/extract.py took 0.692 seconds
[2025-05-02T09:37:23.753+0000] {processor.py:156} INFO - Started process (PID=438) to work on /opt/airflow/dags/extract.py
[2025-05-02T09:37:23.756+0000] {processor.py:799} INFO - Processing file /opt/airflow/dags/extract.py for tasks to queue
[2025-05-02T09:37:23.758+0000] {logging_mixin.py:149} INFO - [2025-05-02T09:37:23.757+0000] {dagbag.py:541} INFO - Filling up the DagBag from /opt/airflow/dags/extract.py
[2025-05-02T09:37:25.117+0000] {processor.py:809} INFO - DAG(s) dict_keys(['extract']) retrieved from /opt/airflow/dags/extract.py
[2025-05-02T09:37:25.402+0000] {logging_mixin.py:149} INFO - [2025-05-02T09:37:25.399+0000] {dag.py:2726} INFO - Sync 1 DAGs
[2025-05-02T09:37:25.533+0000] {logging_mixin.py:149} INFO - [2025-05-02T09:37:25.532+0000] {dag.py:3490} INFO - Setting next_dagrun for extract to 2025-05-02T00:00:00+00:00, run_after=2025-05-03T00:00:00+00:00
[2025-05-02T09:37:25.666+0000] {processor.py:178} INFO - Processing /opt/airflow/dags/extract.py took 1.920 seconds
[2025-05-02T09:37:56.204+0000] {processor.py:156} INFO - Started process (PID=486) to work on /opt/airflow/dags/extract.py
[2025-05-02T09:37:56.215+0000] {processor.py:799} INFO - Processing file /opt/airflow/dags/extract.py for tasks to queue
[2025-05-02T09:37:56.227+0000] {logging_mixin.py:149} INFO - [2025-05-02T09:37:56.226+0000] {dagbag.py:541} INFO - Filling up the DagBag from /opt/airflow/dags/extract.py
[2025-05-02T09:37:58.405+0000] {processor.py:809} INFO - DAG(s) dict_keys(['extract']) retrieved from /opt/airflow/dags/extract.py
[2025-05-02T09:37:58.532+0000] {logging_mixin.py:149} INFO - [2025-05-02T09:37:58.531+0000] {dag.py:2726} INFO - Sync 1 DAGs
[2025-05-02T09:37:58.621+0000] {logging_mixin.py:149} INFO - [2025-05-02T09:37:58.620+0000] {dag.py:3490} INFO - Setting next_dagrun for extract to 2025-05-02T00:00:00+00:00, run_after=2025-05-03T00:00:00+00:00
[2025-05-02T09:37:58.697+0000] {processor.py:178} INFO - Processing /opt/airflow/dags/extract.py took 2.504 seconds
[2025-05-02T09:38:29.203+0000] {processor.py:156} INFO - Started process (PID=520) to work on /opt/airflow/dags/extract.py
[2025-05-02T09:38:29.205+0000] {processor.py:799} INFO - Processing file /opt/airflow/dags/extract.py for tasks to queue
[2025-05-02T09:38:29.207+0000] {logging_mixin.py:149} INFO - [2025-05-02T09:38:29.207+0000] {dagbag.py:541} INFO - Filling up the DagBag from /opt/airflow/dags/extract.py
[2025-05-02T09:38:30.578+0000] {processor.py:809} INFO - DAG(s) dict_keys(['extract']) retrieved from /opt/airflow/dags/extract.py
[2025-05-02T09:38:30.673+0000] {logging_mixin.py:149} INFO - [2025-05-02T09:38:30.672+0000] {dag.py:2726} INFO - Sync 1 DAGs
[2025-05-02T09:38:30.769+0000] {logging_mixin.py:149} INFO - [2025-05-02T09:38:30.769+0000] {dag.py:3490} INFO - Setting next_dagrun for extract to 2025-05-02T00:00:00+00:00, run_after=2025-05-03T00:00:00+00:00
[2025-05-02T09:38:30.847+0000] {processor.py:178} INFO - Processing /opt/airflow/dags/extract.py took 1.653 seconds
[2025-05-02T09:39:01.201+0000] {processor.py:156} INFO - Started process (PID=554) to work on /opt/airflow/dags/extract.py
[2025-05-02T09:39:01.203+0000] {processor.py:799} INFO - Processing file /opt/airflow/dags/extract.py for tasks to queue
[2025-05-02T09:39:01.205+0000] {logging_mixin.py:149} INFO - [2025-05-02T09:39:01.204+0000] {dagbag.py:541} INFO - Filling up the DagBag from /opt/airflow/dags/extract.py
[2025-05-02T09:39:02.104+0000] {processor.py:809} INFO - DAG(s) dict_keys(['extract']) retrieved from /opt/airflow/dags/extract.py
[2025-05-02T09:39:02.160+0000] {logging_mixin.py:149} INFO - [2025-05-02T09:39:02.158+0000] {dag.py:2726} INFO - Sync 1 DAGs
[2025-05-02T09:39:02.217+0000] {logging_mixin.py:149} INFO - [2025-05-02T09:39:02.217+0000] {dag.py:3490} INFO - Setting next_dagrun for extract to 2025-05-02T00:00:00+00:00, run_after=2025-05-03T00:00:00+00:00
[2025-05-02T09:39:02.278+0000] {processor.py:178} INFO - Processing /opt/airflow/dags/extract.py took 1.081 seconds
[2025-05-02T09:39:32.626+0000] {processor.py:156} INFO - Started process (PID=588) to work on /opt/airflow/dags/extract.py
[2025-05-02T09:39:32.629+0000] {processor.py:799} INFO - Processing file /opt/airflow/dags/extract.py for tasks to queue
[2025-05-02T09:39:32.631+0000] {logging_mixin.py:149} INFO - [2025-05-02T09:39:32.631+0000] {dagbag.py:541} INFO - Filling up the DagBag from /opt/airflow/dags/extract.py
[2025-05-02T09:39:33.668+0000] {processor.py:809} INFO - DAG(s) dict_keys(['extract']) retrieved from /opt/airflow/dags/extract.py
[2025-05-02T09:39:33.803+0000] {logging_mixin.py:149} INFO - [2025-05-02T09:39:33.801+0000] {dag.py:2726} INFO - Sync 1 DAGs
[2025-05-02T09:39:34.060+0000] {logging_mixin.py:149} INFO - [2025-05-02T09:39:34.058+0000] {dag.py:3490} INFO - Setting next_dagrun for extract to 2025-05-02T00:00:00+00:00, run_after=2025-05-03T00:00:00+00:00
[2025-05-02T09:39:34.249+0000] {processor.py:178} INFO - Processing /opt/airflow/dags/extract.py took 1.629 seconds
[2025-05-02T09:40:04.674+0000] {processor.py:156} INFO - Started process (PID=622) to work on /opt/airflow/dags/extract.py
[2025-05-02T09:40:04.675+0000] {processor.py:799} INFO - Processing file /opt/airflow/dags/extract.py for tasks to queue
[2025-05-02T09:40:04.678+0000] {logging_mixin.py:149} INFO - [2025-05-02T09:40:04.677+0000] {dagbag.py:541} INFO - Filling up the DagBag from /opt/airflow/dags/extract.py
[2025-05-02T09:40:05.399+0000] {processor.py:809} INFO - DAG(s) dict_keys(['extract']) retrieved from /opt/airflow/dags/extract.py
[2025-05-02T09:40:05.508+0000] {logging_mixin.py:149} INFO - [2025-05-02T09:40:05.507+0000] {dag.py:2726} INFO - Sync 1 DAGs
[2025-05-02T09:40:05.600+0000] {logging_mixin.py:149} INFO - [2025-05-02T09:40:05.600+0000] {dag.py:3490} INFO - Setting next_dagrun for extract to 2025-05-02T00:00:00+00:00, run_after=2025-05-03T00:00:00+00:00
[2025-05-02T09:40:05.727+0000] {processor.py:178} INFO - Processing /opt/airflow/dags/extract.py took 1.060 seconds
[2025-05-02T09:40:36.111+0000] {processor.py:156} INFO - Started process (PID=656) to work on /opt/airflow/dags/extract.py
[2025-05-02T09:40:36.113+0000] {processor.py:799} INFO - Processing file /opt/airflow/dags/extract.py for tasks to queue
[2025-05-02T09:40:36.114+0000] {logging_mixin.py:149} INFO - [2025-05-02T09:40:36.113+0000] {dagbag.py:541} INFO - Filling up the DagBag from /opt/airflow/dags/extract.py
[2025-05-02T09:40:36.698+0000] {processor.py:809} INFO - DAG(s) dict_keys(['extract']) retrieved from /opt/airflow/dags/extract.py
[2025-05-02T09:40:36.742+0000] {logging_mixin.py:149} INFO - [2025-05-02T09:40:36.742+0000] {dag.py:2726} INFO - Sync 1 DAGs
[2025-05-02T09:40:36.795+0000] {logging_mixin.py:149} INFO - [2025-05-02T09:40:36.795+0000] {dag.py:3490} INFO - Setting next_dagrun for extract to 2025-05-02T00:00:00+00:00, run_after=2025-05-03T00:00:00+00:00
[2025-05-02T09:40:36.850+0000] {processor.py:178} INFO - Processing /opt/airflow/dags/extract.py took 0.742 seconds
[2025-05-02T09:41:07.184+0000] {processor.py:156} INFO - Started process (PID=690) to work on /opt/airflow/dags/extract.py
[2025-05-02T09:41:07.186+0000] {processor.py:799} INFO - Processing file /opt/airflow/dags/extract.py for tasks to queue
[2025-05-02T09:41:07.187+0000] {logging_mixin.py:149} INFO - [2025-05-02T09:41:07.187+0000] {dagbag.py:541} INFO - Filling up the DagBag from /opt/airflow/dags/extract.py
[2025-05-02T09:41:07.748+0000] {processor.py:809} INFO - DAG(s) dict_keys(['extract']) retrieved from /opt/airflow/dags/extract.py
[2025-05-02T09:41:07.798+0000] {logging_mixin.py:149} INFO - [2025-05-02T09:41:07.797+0000] {dag.py:2726} INFO - Sync 1 DAGs
[2025-05-02T09:41:07.855+0000] {logging_mixin.py:149} INFO - [2025-05-02T09:41:07.854+0000] {dag.py:3490} INFO - Setting next_dagrun for extract to 2025-05-02T00:00:00+00:00, run_after=2025-05-03T00:00:00+00:00
[2025-05-02T09:41:07.909+0000] {processor.py:178} INFO - Processing /opt/airflow/dags/extract.py took 0.727 seconds
[2025-05-02T09:41:38.284+0000] {processor.py:156} INFO - Started process (PID=724) to work on /opt/airflow/dags/extract.py
[2025-05-02T09:41:38.287+0000] {processor.py:799} INFO - Processing file /opt/airflow/dags/extract.py for tasks to queue
[2025-05-02T09:41:38.291+0000] {logging_mixin.py:149} INFO - [2025-05-02T09:41:38.290+0000] {dagbag.py:541} INFO - Filling up the DagBag from /opt/airflow/dags/extract.py
[2025-05-02T09:41:38.989+0000] {processor.py:809} INFO - DAG(s) dict_keys(['extract']) retrieved from /opt/airflow/dags/extract.py
[2025-05-02T09:41:39.043+0000] {logging_mixin.py:149} INFO - [2025-05-02T09:41:39.042+0000] {dag.py:2726} INFO - Sync 1 DAGs
[2025-05-02T09:41:39.105+0000] {logging_mixin.py:149} INFO - [2025-05-02T09:41:39.105+0000] {dag.py:3490} INFO - Setting next_dagrun for extract to 2025-05-02T00:00:00+00:00, run_after=2025-05-03T00:00:00+00:00
[2025-05-02T09:41:39.204+0000] {processor.py:178} INFO - Processing /opt/airflow/dags/extract.py took 0.930 seconds
[2025-05-02T09:41:57.621+0000] {processor.py:156} INFO - Started process (PID=755) to work on /opt/airflow/dags/extract.py
[2025-05-02T09:41:57.632+0000] {processor.py:799} INFO - Processing file /opt/airflow/dags/extract.py for tasks to queue
[2025-05-02T09:41:57.634+0000] {logging_mixin.py:149} INFO - [2025-05-02T09:41:57.634+0000] {dagbag.py:541} INFO - Filling up the DagBag from /opt/airflow/dags/extract.py
[2025-05-02T09:41:58.372+0000] {processor.py:809} INFO - DAG(s) dict_keys(['extract']) retrieved from /opt/airflow/dags/extract.py
[2025-05-02T09:41:58.437+0000] {logging_mixin.py:149} INFO - [2025-05-02T09:41:58.436+0000] {dag.py:2726} INFO - Sync 1 DAGs
[2025-05-02T09:41:58.493+0000] {logging_mixin.py:149} INFO - [2025-05-02T09:41:58.492+0000] {dag.py:3490} INFO - Setting next_dagrun for extract to 2025-05-02T00:00:00+00:00, run_after=2025-05-03T00:00:00+00:00
[2025-05-02T09:41:58.569+0000] {processor.py:178} INFO - Processing /opt/airflow/dags/extract.py took 1.010 seconds
[2025-05-02T09:42:28.906+0000] {processor.py:156} INFO - Started process (PID=789) to work on /opt/airflow/dags/extract.py
[2025-05-02T09:42:28.907+0000] {processor.py:799} INFO - Processing file /opt/airflow/dags/extract.py for tasks to queue
[2025-05-02T09:42:28.909+0000] {logging_mixin.py:149} INFO - [2025-05-02T09:42:28.909+0000] {dagbag.py:541} INFO - Filling up the DagBag from /opt/airflow/dags/extract.py
[2025-05-02T09:42:29.488+0000] {processor.py:809} INFO - DAG(s) dict_keys(['extract']) retrieved from /opt/airflow/dags/extract.py
[2025-05-02T09:42:29.544+0000] {logging_mixin.py:149} INFO - [2025-05-02T09:42:29.543+0000] {dag.py:2726} INFO - Sync 1 DAGs
[2025-05-02T09:42:29.600+0000] {logging_mixin.py:149} INFO - [2025-05-02T09:42:29.600+0000] {dag.py:3490} INFO - Setting next_dagrun for extract to 2025-05-02T00:00:00+00:00, run_after=2025-05-03T00:00:00+00:00
[2025-05-02T09:42:29.654+0000] {processor.py:178} INFO - Processing /opt/airflow/dags/extract.py took 0.751 seconds
[2025-05-02T09:42:59.994+0000] {processor.py:156} INFO - Started process (PID=823) to work on /opt/airflow/dags/extract.py
[2025-05-02T09:42:59.995+0000] {processor.py:799} INFO - Processing file /opt/airflow/dags/extract.py for tasks to queue
[2025-05-02T09:42:59.996+0000] {logging_mixin.py:149} INFO - [2025-05-02T09:42:59.996+0000] {dagbag.py:541} INFO - Filling up the DagBag from /opt/airflow/dags/extract.py
[2025-05-02T09:43:00.523+0000] {processor.py:809} INFO - DAG(s) dict_keys(['extract']) retrieved from /opt/airflow/dags/extract.py
[2025-05-02T09:43:00.569+0000] {logging_mixin.py:149} INFO - [2025-05-02T09:43:00.567+0000] {dag.py:2726} INFO - Sync 1 DAGs
[2025-05-02T09:43:00.614+0000] {logging_mixin.py:149} INFO - [2025-05-02T09:43:00.614+0000] {dag.py:3490} INFO - Setting next_dagrun for extract to 2025-05-02T00:00:00+00:00, run_after=2025-05-03T00:00:00+00:00
[2025-05-02T09:43:00.663+0000] {processor.py:178} INFO - Processing /opt/airflow/dags/extract.py took 0.674 seconds
[2025-05-02T09:43:30.814+0000] {processor.py:156} INFO - Started process (PID=874) to work on /opt/airflow/dags/extract.py
[2025-05-02T09:43:30.816+0000] {processor.py:799} INFO - Processing file /opt/airflow/dags/extract.py for tasks to queue
[2025-05-02T09:43:30.818+0000] {logging_mixin.py:149} INFO - [2025-05-02T09:43:30.818+0000] {dagbag.py:541} INFO - Filling up the DagBag from /opt/airflow/dags/extract.py
[2025-05-02T09:43:31.347+0000] {processor.py:809} INFO - DAG(s) dict_keys(['extract']) retrieved from /opt/airflow/dags/extract.py
[2025-05-02T09:43:31.384+0000] {logging_mixin.py:149} INFO - [2025-05-02T09:43:31.384+0000] {dag.py:2726} INFO - Sync 1 DAGs
[2025-05-02T09:43:31.440+0000] {logging_mixin.py:149} INFO - [2025-05-02T09:43:31.440+0000] {dag.py:3490} INFO - Setting next_dagrun for extract to 2025-05-02T00:00:00+00:00, run_after=2025-05-03T00:00:00+00:00
[2025-05-02T09:43:31.495+0000] {processor.py:178} INFO - Processing /opt/airflow/dags/extract.py took 0.684 seconds
[2025-05-02T09:44:02.130+0000] {processor.py:156} INFO - Started process (PID=908) to work on /opt/airflow/dags/extract.py
[2025-05-02T09:44:02.132+0000] {processor.py:799} INFO - Processing file /opt/airflow/dags/extract.py for tasks to queue
[2025-05-02T09:44:02.133+0000] {logging_mixin.py:149} INFO - [2025-05-02T09:44:02.133+0000] {dagbag.py:541} INFO - Filling up the DagBag from /opt/airflow/dags/extract.py
[2025-05-02T09:44:02.610+0000] {processor.py:809} INFO - DAG(s) dict_keys(['extract']) retrieved from /opt/airflow/dags/extract.py
[2025-05-02T09:44:02.650+0000] {logging_mixin.py:149} INFO - [2025-05-02T09:44:02.649+0000] {dag.py:2726} INFO - Sync 1 DAGs
[2025-05-02T09:44:02.688+0000] {logging_mixin.py:149} INFO - [2025-05-02T09:44:02.688+0000] {dag.py:3490} INFO - Setting next_dagrun for extract to 2025-05-02T00:00:00+00:00, run_after=2025-05-03T00:00:00+00:00
[2025-05-02T09:44:02.737+0000] {processor.py:178} INFO - Processing /opt/airflow/dags/extract.py took 0.611 seconds
[2025-05-02T09:44:33.116+0000] {processor.py:156} INFO - Started process (PID=942) to work on /opt/airflow/dags/extract.py
[2025-05-02T09:44:33.119+0000] {processor.py:799} INFO - Processing file /opt/airflow/dags/extract.py for tasks to queue
[2025-05-02T09:44:33.121+0000] {logging_mixin.py:149} INFO - [2025-05-02T09:44:33.120+0000] {dagbag.py:541} INFO - Filling up the DagBag from /opt/airflow/dags/extract.py
[2025-05-02T09:44:33.803+0000] {processor.py:809} INFO - DAG(s) dict_keys(['extract']) retrieved from /opt/airflow/dags/extract.py
[2025-05-02T09:44:33.849+0000] {logging_mixin.py:149} INFO - [2025-05-02T09:44:33.848+0000] {dag.py:2726} INFO - Sync 1 DAGs
[2025-05-02T09:44:33.893+0000] {logging_mixin.py:149} INFO - [2025-05-02T09:44:33.892+0000] {dag.py:3490} INFO - Setting next_dagrun for extract to 2025-05-02T00:00:00+00:00, run_after=2025-05-03T00:00:00+00:00
[2025-05-02T09:44:33.945+0000] {processor.py:178} INFO - Processing /opt/airflow/dags/extract.py took 0.834 seconds
[2025-05-02T09:45:04.333+0000] {processor.py:156} INFO - Started process (PID=976) to work on /opt/airflow/dags/extract.py
[2025-05-02T09:45:04.335+0000] {processor.py:799} INFO - Processing file /opt/airflow/dags/extract.py for tasks to queue
[2025-05-02T09:45:04.337+0000] {logging_mixin.py:149} INFO - [2025-05-02T09:45:04.337+0000] {dagbag.py:541} INFO - Filling up the DagBag from /opt/airflow/dags/extract.py
[2025-05-02T09:45:04.954+0000] {processor.py:809} INFO - DAG(s) dict_keys(['extract']) retrieved from /opt/airflow/dags/extract.py
[2025-05-02T09:45:04.996+0000] {logging_mixin.py:149} INFO - [2025-05-02T09:45:04.996+0000] {dag.py:2726} INFO - Sync 1 DAGs
[2025-05-02T09:45:05.034+0000] {logging_mixin.py:149} INFO - [2025-05-02T09:45:05.034+0000] {dag.py:3490} INFO - Setting next_dagrun for extract to 2025-05-02T00:00:00+00:00, run_after=2025-05-03T00:00:00+00:00
[2025-05-02T09:45:05.079+0000] {processor.py:178} INFO - Processing /opt/airflow/dags/extract.py took 0.755 seconds
[2025-05-02T09:46:53.726+0000] {processor.py:156} INFO - Started process (PID=165) to work on /opt/airflow/dags/extract.py
[2025-05-02T09:46:53.728+0000] {processor.py:799} INFO - Processing file /opt/airflow/dags/extract.py for tasks to queue
[2025-05-02T09:46:53.730+0000] {logging_mixin.py:149} INFO - [2025-05-02T09:46:53.729+0000] {dagbag.py:541} INFO - Filling up the DagBag from /opt/airflow/dags/extract.py
[2025-05-02T09:46:58.060+0000] {processor.py:809} INFO - DAG(s) dict_keys(['extract']) retrieved from /opt/airflow/dags/extract.py
[2025-05-02T09:46:58.324+0000] {logging_mixin.py:149} INFO - [2025-05-02T09:46:58.323+0000] {dag.py:2726} INFO - Sync 1 DAGs
[2025-05-02T09:46:58.392+0000] {logging_mixin.py:149} INFO - [2025-05-02T09:46:58.391+0000] {dag.py:3490} INFO - Setting next_dagrun for extract to 2025-05-02T00:00:00+00:00, run_after=2025-05-03T00:00:00+00:00
[2025-05-02T09:46:58.460+0000] {processor.py:178} INFO - Processing /opt/airflow/dags/extract.py took 4.740 seconds
[2025-05-02T09:47:28.951+0000] {processor.py:156} INFO - Started process (PID=200) to work on /opt/airflow/dags/extract.py
[2025-05-02T09:47:28.958+0000] {processor.py:799} INFO - Processing file /opt/airflow/dags/extract.py for tasks to queue
[2025-05-02T09:47:28.963+0000] {logging_mixin.py:149} INFO - [2025-05-02T09:47:28.962+0000] {dagbag.py:541} INFO - Filling up the DagBag from /opt/airflow/dags/extract.py
[2025-05-02T09:47:33.362+0000] {processor.py:809} INFO - DAG(s) dict_keys(['extract']) retrieved from /opt/airflow/dags/extract.py
[2025-05-02T09:47:33.612+0000] {logging_mixin.py:149} INFO - [2025-05-02T09:47:33.611+0000] {dag.py:2726} INFO - Sync 1 DAGs
[2025-05-02T09:47:33.702+0000] {logging_mixin.py:149} INFO - [2025-05-02T09:47:33.702+0000] {dag.py:3490} INFO - Setting next_dagrun for extract to 2025-05-02T00:00:00+00:00, run_after=2025-05-03T00:00:00+00:00
[2025-05-02T09:47:33.787+0000] {processor.py:178} INFO - Processing /opt/airflow/dags/extract.py took 4.875 seconds
[2025-05-02T09:48:04.410+0000] {processor.py:156} INFO - Started process (PID=234) to work on /opt/airflow/dags/extract.py
[2025-05-02T09:48:04.412+0000] {processor.py:799} INFO - Processing file /opt/airflow/dags/extract.py for tasks to queue
[2025-05-02T09:48:04.414+0000] {logging_mixin.py:149} INFO - [2025-05-02T09:48:04.414+0000] {dagbag.py:541} INFO - Filling up the DagBag from /opt/airflow/dags/extract.py
[2025-05-02T09:48:09.184+0000] {processor.py:809} INFO - DAG(s) dict_keys(['extract']) retrieved from /opt/airflow/dags/extract.py
[2025-05-02T09:48:09.390+0000] {logging_mixin.py:149} INFO - [2025-05-02T09:48:09.387+0000] {dag.py:2726} INFO - Sync 1 DAGs
[2025-05-02T09:48:09.542+0000] {logging_mixin.py:149} INFO - [2025-05-02T09:48:09.541+0000] {dag.py:3490} INFO - Setting next_dagrun for extract to 2025-05-02T00:00:00+00:00, run_after=2025-05-03T00:00:00+00:00
[2025-05-02T09:48:09.644+0000] {processor.py:178} INFO - Processing /opt/airflow/dags/extract.py took 5.247 seconds
[2025-05-02T09:48:39.897+0000] {processor.py:156} INFO - Started process (PID=282) to work on /opt/airflow/dags/extract.py
[2025-05-02T09:48:39.903+0000] {processor.py:799} INFO - Processing file /opt/airflow/dags/extract.py for tasks to queue
[2025-05-02T09:48:39.907+0000] {logging_mixin.py:149} INFO - [2025-05-02T09:48:39.906+0000] {dagbag.py:541} INFO - Filling up the DagBag from /opt/airflow/dags/extract.py
[2025-05-02T09:48:42.185+0000] {processor.py:809} INFO - DAG(s) dict_keys(['extract']) retrieved from /opt/airflow/dags/extract.py
[2025-05-02T09:48:42.304+0000] {logging_mixin.py:149} INFO - [2025-05-02T09:48:42.303+0000] {dag.py:2726} INFO - Sync 1 DAGs
[2025-05-02T09:48:42.436+0000] {logging_mixin.py:149} INFO - [2025-05-02T09:48:42.436+0000] {dag.py:3490} INFO - Setting next_dagrun for extract to 2025-05-02T00:00:00+00:00, run_after=2025-05-03T00:00:00+00:00
[2025-05-02T09:48:42.647+0000] {processor.py:178} INFO - Processing /opt/airflow/dags/extract.py took 2.766 seconds
[2025-05-02T09:49:13.127+0000] {processor.py:156} INFO - Started process (PID=316) to work on /opt/airflow/dags/extract.py
[2025-05-02T09:49:13.130+0000] {processor.py:799} INFO - Processing file /opt/airflow/dags/extract.py for tasks to queue
[2025-05-02T09:49:13.132+0000] {logging_mixin.py:149} INFO - [2025-05-02T09:49:13.132+0000] {dagbag.py:541} INFO - Filling up the DagBag from /opt/airflow/dags/extract.py
[2025-05-02T09:49:14.452+0000] {processor.py:809} INFO - DAG(s) dict_keys(['extract']) retrieved from /opt/airflow/dags/extract.py
[2025-05-02T09:49:14.539+0000] {logging_mixin.py:149} INFO - [2025-05-02T09:49:14.538+0000] {dag.py:2726} INFO - Sync 1 DAGs
[2025-05-02T09:49:14.655+0000] {logging_mixin.py:149} INFO - [2025-05-02T09:49:14.654+0000] {dag.py:3490} INFO - Setting next_dagrun for extract to 2025-05-02T00:00:00+00:00, run_after=2025-05-03T00:00:00+00:00
[2025-05-02T09:49:14.736+0000] {processor.py:178} INFO - Processing /opt/airflow/dags/extract.py took 1.617 seconds
[2025-05-02T09:49:45.268+0000] {processor.py:156} INFO - Started process (PID=350) to work on /opt/airflow/dags/extract.py
[2025-05-02T09:49:45.272+0000] {processor.py:799} INFO - Processing file /opt/airflow/dags/extract.py for tasks to queue
[2025-05-02T09:49:45.294+0000] {logging_mixin.py:149} INFO - [2025-05-02T09:49:45.294+0000] {dagbag.py:541} INFO - Filling up the DagBag from /opt/airflow/dags/extract.py
[2025-05-02T09:49:48.228+0000] {processor.py:809} INFO - DAG(s) dict_keys(['extract']) retrieved from /opt/airflow/dags/extract.py
[2025-05-02T09:49:48.323+0000] {logging_mixin.py:149} INFO - [2025-05-02T09:49:48.321+0000] {dag.py:2726} INFO - Sync 1 DAGs
[2025-05-02T09:49:48.423+0000] {logging_mixin.py:149} INFO - [2025-05-02T09:49:48.422+0000] {dag.py:3490} INFO - Setting next_dagrun for extract to 2025-05-02T00:00:00+00:00, run_after=2025-05-03T00:00:00+00:00
[2025-05-02T09:49:48.512+0000] {processor.py:178} INFO - Processing /opt/airflow/dags/extract.py took 3.252 seconds
[2025-05-02T09:50:19.146+0000] {processor.py:156} INFO - Started process (PID=384) to work on /opt/airflow/dags/extract.py
[2025-05-02T09:50:19.154+0000] {processor.py:799} INFO - Processing file /opt/airflow/dags/extract.py for tasks to queue
[2025-05-02T09:50:19.164+0000] {logging_mixin.py:149} INFO - [2025-05-02T09:50:19.163+0000] {dagbag.py:541} INFO - Filling up the DagBag from /opt/airflow/dags/extract.py
[2025-05-02T09:50:21.653+0000] {processor.py:809} INFO - DAG(s) dict_keys(['extract']) retrieved from /opt/airflow/dags/extract.py
[2025-05-02T09:50:21.923+0000] {logging_mixin.py:149} INFO - [2025-05-02T09:50:21.921+0000] {dag.py:2726} INFO - Sync 1 DAGs
[2025-05-02T09:50:22.083+0000] {logging_mixin.py:149} INFO - [2025-05-02T09:50:22.083+0000] {dag.py:3490} INFO - Setting next_dagrun for extract to 2025-05-02T00:00:00+00:00, run_after=2025-05-03T00:00:00+00:00
[2025-05-02T09:50:22.210+0000] {processor.py:178} INFO - Processing /opt/airflow/dags/extract.py took 3.115 seconds
[2025-05-02T09:50:52.605+0000] {processor.py:156} INFO - Started process (PID=418) to work on /opt/airflow/dags/extract.py
[2025-05-02T09:50:52.608+0000] {processor.py:799} INFO - Processing file /opt/airflow/dags/extract.py for tasks to queue
[2025-05-02T09:50:52.611+0000] {logging_mixin.py:149} INFO - [2025-05-02T09:50:52.611+0000] {dagbag.py:541} INFO - Filling up the DagBag from /opt/airflow/dags/extract.py
[2025-05-02T09:50:54.234+0000] {processor.py:809} INFO - DAG(s) dict_keys(['extract']) retrieved from /opt/airflow/dags/extract.py
[2025-05-02T09:50:54.454+0000] {logging_mixin.py:149} INFO - [2025-05-02T09:50:54.452+0000] {dag.py:2726} INFO - Sync 1 DAGs
[2025-05-02T09:50:54.638+0000] {logging_mixin.py:149} INFO - [2025-05-02T09:50:54.637+0000] {dag.py:3490} INFO - Setting next_dagrun for extract to 2025-05-02T00:00:00+00:00, run_after=2025-05-03T00:00:00+00:00
[2025-05-02T09:50:54.762+0000] {processor.py:178} INFO - Processing /opt/airflow/dags/extract.py took 2.166 seconds
[2025-05-02T09:51:25.096+0000] {processor.py:156} INFO - Started process (PID=452) to work on /opt/airflow/dags/extract.py
[2025-05-02T09:51:25.099+0000] {processor.py:799} INFO - Processing file /opt/airflow/dags/extract.py for tasks to queue
[2025-05-02T09:51:25.101+0000] {logging_mixin.py:149} INFO - [2025-05-02T09:51:25.101+0000] {dagbag.py:541} INFO - Filling up the DagBag from /opt/airflow/dags/extract.py
[2025-05-02T09:51:26.255+0000] {processor.py:809} INFO - DAG(s) dict_keys(['extract']) retrieved from /opt/airflow/dags/extract.py
[2025-05-02T09:51:26.364+0000] {logging_mixin.py:149} INFO - [2025-05-02T09:51:26.363+0000] {dag.py:2726} INFO - Sync 1 DAGs
[2025-05-02T09:51:26.486+0000] {logging_mixin.py:149} INFO - [2025-05-02T09:51:26.485+0000] {dag.py:3490} INFO - Setting next_dagrun for extract to 2025-05-02T00:00:00+00:00, run_after=2025-05-03T00:00:00+00:00
[2025-05-02T09:51:26.567+0000] {processor.py:178} INFO - Processing /opt/airflow/dags/extract.py took 1.482 seconds
[2025-05-02T09:51:57.215+0000] {processor.py:156} INFO - Started process (PID=486) to work on /opt/airflow/dags/extract.py
[2025-05-02T09:51:57.217+0000] {processor.py:799} INFO - Processing file /opt/airflow/dags/extract.py for tasks to queue
[2025-05-02T09:51:57.219+0000] {logging_mixin.py:149} INFO - [2025-05-02T09:51:57.219+0000] {dagbag.py:541} INFO - Filling up the DagBag from /opt/airflow/dags/extract.py
[2025-05-02T09:51:58.353+0000] {processor.py:809} INFO - DAG(s) dict_keys(['extract']) retrieved from /opt/airflow/dags/extract.py
[2025-05-02T09:51:58.481+0000] {logging_mixin.py:149} INFO - [2025-05-02T09:51:58.480+0000] {dag.py:2726} INFO - Sync 1 DAGs
[2025-05-02T09:51:58.641+0000] {logging_mixin.py:149} INFO - [2025-05-02T09:51:58.639+0000] {dag.py:3490} INFO - Setting next_dagrun for extract to 2025-05-02T00:00:00+00:00, run_after=2025-05-03T00:00:00+00:00
[2025-05-02T09:51:58.905+0000] {processor.py:178} INFO - Processing /opt/airflow/dags/extract.py took 1.697 seconds
[2025-05-02T09:52:29.440+0000] {processor.py:156} INFO - Started process (PID=520) to work on /opt/airflow/dags/extract.py
[2025-05-02T09:52:29.444+0000] {processor.py:799} INFO - Processing file /opt/airflow/dags/extract.py for tasks to queue
[2025-05-02T09:52:29.449+0000] {logging_mixin.py:149} INFO - [2025-05-02T09:52:29.448+0000] {dagbag.py:541} INFO - Filling up the DagBag from /opt/airflow/dags/extract.py
[2025-05-02T09:52:30.972+0000] {processor.py:809} INFO - DAG(s) dict_keys(['extract']) retrieved from /opt/airflow/dags/extract.py
[2025-05-02T09:52:31.045+0000] {logging_mixin.py:149} INFO - [2025-05-02T09:52:31.044+0000] {dag.py:2726} INFO - Sync 1 DAGs
[2025-05-02T09:52:31.126+0000] {logging_mixin.py:149} INFO - [2025-05-02T09:52:31.125+0000] {dag.py:3490} INFO - Setting next_dagrun for extract to 2025-05-02T00:00:00+00:00, run_after=2025-05-03T00:00:00+00:00
[2025-05-02T09:52:31.219+0000] {processor.py:178} INFO - Processing /opt/airflow/dags/extract.py took 1.797 seconds
[2025-05-02T09:52:58.866+0000] {processor.py:156} INFO - Started process (PID=551) to work on /opt/airflow/dags/extract.py
[2025-05-02T09:52:58.867+0000] {processor.py:799} INFO - Processing file /opt/airflow/dags/extract.py for tasks to queue
[2025-05-02T09:52:58.870+0000] {logging_mixin.py:149} INFO - [2025-05-02T09:52:58.869+0000] {dagbag.py:541} INFO - Filling up the DagBag from /opt/airflow/dags/extract.py
[2025-05-02T09:52:59.762+0000] {processor.py:809} INFO - DAG(s) dict_keys(['extract']) retrieved from /opt/airflow/dags/extract.py
[2025-05-02T09:52:59.960+0000] {logging_mixin.py:149} INFO - [2025-05-02T09:52:59.959+0000] {dag.py:2726} INFO - Sync 1 DAGs
[2025-05-02T09:53:00.084+0000] {logging_mixin.py:149} INFO - [2025-05-02T09:53:00.083+0000] {dag.py:3490} INFO - Setting next_dagrun for extract to 2025-05-02T00:00:00+00:00, run_after=2025-05-03T00:00:00+00:00
[2025-05-02T09:53:00.934+0000] {processor.py:178} INFO - Processing /opt/airflow/dags/extract.py took 2.083 seconds
[2025-05-02T09:53:26.425+0000] {processor.py:156} INFO - Started process (PID=585) to work on /opt/airflow/dags/extract.py
[2025-05-02T09:53:26.427+0000] {processor.py:799} INFO - Processing file /opt/airflow/dags/extract.py for tasks to queue
[2025-05-02T09:53:26.429+0000] {logging_mixin.py:149} INFO - [2025-05-02T09:53:26.429+0000] {dagbag.py:541} INFO - Filling up the DagBag from /opt/airflow/dags/extract.py
[2025-05-02T09:53:27.301+0000] {processor.py:809} INFO - DAG(s) dict_keys(['extract']) retrieved from /opt/airflow/dags/extract.py
[2025-05-02T09:53:27.412+0000] {logging_mixin.py:149} INFO - [2025-05-02T09:53:27.410+0000] {dag.py:2726} INFO - Sync 1 DAGs
[2025-05-02T09:53:27.527+0000] {logging_mixin.py:149} INFO - [2025-05-02T09:53:27.527+0000] {dag.py:3490} INFO - Setting next_dagrun for extract to 2025-05-02T00:00:00+00:00, run_after=2025-05-03T00:00:00+00:00
[2025-05-02T09:53:27.616+0000] {processor.py:178} INFO - Processing /opt/airflow/dags/extract.py took 1.199 seconds
[2025-05-02T09:55:12.510+0000] {processor.py:156} INFO - Started process (PID=162) to work on /opt/airflow/dags/extract.py
[2025-05-02T09:55:12.514+0000] {processor.py:799} INFO - Processing file /opt/airflow/dags/extract.py for tasks to queue
[2025-05-02T09:55:12.517+0000] {logging_mixin.py:149} INFO - [2025-05-02T09:55:12.517+0000] {dagbag.py:541} INFO - Filling up the DagBag from /opt/airflow/dags/extract.py
[2025-05-02T09:55:16.178+0000] {processor.py:809} INFO - DAG(s) dict_keys(['extract']) retrieved from /opt/airflow/dags/extract.py
[2025-05-02T09:55:16.406+0000] {logging_mixin.py:149} INFO - [2025-05-02T09:55:16.404+0000] {dag.py:2726} INFO - Sync 1 DAGs
[2025-05-02T09:55:16.515+0000] {logging_mixin.py:149} INFO - [2025-05-02T09:55:16.514+0000] {dag.py:3490} INFO - Setting next_dagrun for extract to 2025-05-02T00:00:00+00:00, run_after=2025-05-03T00:00:00+00:00
[2025-05-02T09:55:16.613+0000] {processor.py:178} INFO - Processing /opt/airflow/dags/extract.py took 4.108 seconds
[2025-05-02T09:55:47.035+0000] {processor.py:156} INFO - Started process (PID=197) to work on /opt/airflow/dags/extract.py
[2025-05-02T09:55:47.038+0000] {processor.py:799} INFO - Processing file /opt/airflow/dags/extract.py for tasks to queue
[2025-05-02T09:55:47.045+0000] {logging_mixin.py:149} INFO - [2025-05-02T09:55:47.044+0000] {dagbag.py:541} INFO - Filling up the DagBag from /opt/airflow/dags/extract.py
[2025-05-02T09:55:50.012+0000] {processor.py:809} INFO - DAG(s) dict_keys(['extract']) retrieved from /opt/airflow/dags/extract.py
[2025-05-02T09:55:50.113+0000] {logging_mixin.py:149} INFO - [2025-05-02T09:55:50.111+0000] {dag.py:2726} INFO - Sync 1 DAGs
[2025-05-02T09:55:50.182+0000] {logging_mixin.py:149} INFO - [2025-05-02T09:55:50.181+0000] {dag.py:3490} INFO - Setting next_dagrun for extract to 2025-05-02T00:00:00+00:00, run_after=2025-05-03T00:00:00+00:00
[2025-05-02T09:55:50.243+0000] {processor.py:178} INFO - Processing /opt/airflow/dags/extract.py took 3.219 seconds
[2025-05-02T09:56:20.589+0000] {processor.py:156} INFO - Started process (PID=231) to work on /opt/airflow/dags/extract.py
[2025-05-02T09:56:20.604+0000] {processor.py:799} INFO - Processing file /opt/airflow/dags/extract.py for tasks to queue
[2025-05-02T09:56:20.615+0000] {logging_mixin.py:149} INFO - [2025-05-02T09:56:20.614+0000] {dagbag.py:541} INFO - Filling up the DagBag from /opt/airflow/dags/extract.py
[2025-05-02T09:56:25.090+0000] {processor.py:809} INFO - DAG(s) dict_keys(['extract']) retrieved from /opt/airflow/dags/extract.py
[2025-05-02T09:56:25.223+0000] {logging_mixin.py:149} INFO - [2025-05-02T09:56:25.222+0000] {dag.py:2726} INFO - Sync 1 DAGs
[2025-05-02T09:56:25.335+0000] {logging_mixin.py:149} INFO - [2025-05-02T09:56:25.334+0000] {dag.py:3490} INFO - Setting next_dagrun for extract to 2025-05-02T00:00:00+00:00, run_after=2025-05-03T00:00:00+00:00
[2025-05-02T09:56:25.413+0000] {processor.py:178} INFO - Processing /opt/airflow/dags/extract.py took 4.844 seconds
[2025-05-02T09:56:55.927+0000] {processor.py:156} INFO - Started process (PID=293) to work on /opt/airflow/dags/extract.py
[2025-05-02T09:56:55.931+0000] {processor.py:799} INFO - Processing file /opt/airflow/dags/extract.py for tasks to queue
[2025-05-02T09:56:55.934+0000] {logging_mixin.py:149} INFO - [2025-05-02T09:56:55.933+0000] {dagbag.py:541} INFO - Filling up the DagBag from /opt/airflow/dags/extract.py
[2025-05-02T09:56:57.610+0000] {processor.py:809} INFO - DAG(s) dict_keys(['extract']) retrieved from /opt/airflow/dags/extract.py
[2025-05-02T09:56:57.682+0000] {logging_mixin.py:149} INFO - [2025-05-02T09:56:57.680+0000] {dag.py:2726} INFO - Sync 1 DAGs
[2025-05-02T09:56:57.771+0000] {logging_mixin.py:149} INFO - [2025-05-02T09:56:57.770+0000] {dag.py:3490} INFO - Setting next_dagrun for extract to 2025-05-02T00:00:00+00:00, run_after=2025-05-03T00:00:00+00:00
[2025-05-02T09:56:57.848+0000] {processor.py:178} INFO - Processing /opt/airflow/dags/extract.py took 1.932 seconds
[2025-05-02T09:57:28.317+0000] {processor.py:156} INFO - Started process (PID=327) to work on /opt/airflow/dags/extract.py
[2025-05-02T09:57:28.318+0000] {processor.py:799} INFO - Processing file /opt/airflow/dags/extract.py for tasks to queue
[2025-05-02T09:57:28.320+0000] {logging_mixin.py:149} INFO - [2025-05-02T09:57:28.320+0000] {dagbag.py:541} INFO - Filling up the DagBag from /opt/airflow/dags/extract.py
[2025-05-02T09:57:29.680+0000] {processor.py:809} INFO - DAG(s) dict_keys(['extract']) retrieved from /opt/airflow/dags/extract.py
[2025-05-02T09:57:29.758+0000] {logging_mixin.py:149} INFO - [2025-05-02T09:57:29.756+0000] {dag.py:2726} INFO - Sync 1 DAGs
[2025-05-02T09:57:29.861+0000] {logging_mixin.py:149} INFO - [2025-05-02T09:57:29.860+0000] {dag.py:3490} INFO - Setting next_dagrun for extract to 2025-05-02T00:00:00+00:00, run_after=2025-05-03T00:00:00+00:00
[2025-05-02T09:57:29.933+0000] {processor.py:178} INFO - Processing /opt/airflow/dags/extract.py took 1.621 seconds
[2025-05-02T09:58:00.509+0000] {processor.py:156} INFO - Started process (PID=361) to work on /opt/airflow/dags/extract.py
[2025-05-02T09:58:00.525+0000] {processor.py:799} INFO - Processing file /opt/airflow/dags/extract.py for tasks to queue
[2025-05-02T09:58:00.534+0000] {logging_mixin.py:149} INFO - [2025-05-02T09:58:00.533+0000] {dagbag.py:541} INFO - Filling up the DagBag from /opt/airflow/dags/extract.py
[2025-05-02T09:58:02.906+0000] {processor.py:809} INFO - DAG(s) dict_keys(['extract']) retrieved from /opt/airflow/dags/extract.py
[2025-05-02T09:58:03.081+0000] {logging_mixin.py:149} INFO - [2025-05-02T09:58:03.076+0000] {dag.py:2726} INFO - Sync 1 DAGs
[2025-05-02T09:58:03.198+0000] {logging_mixin.py:149} INFO - [2025-05-02T09:58:03.197+0000] {dag.py:3490} INFO - Setting next_dagrun for extract to 2025-05-02T00:00:00+00:00, run_after=2025-05-03T00:00:00+00:00
[2025-05-02T09:58:03.271+0000] {processor.py:178} INFO - Processing /opt/airflow/dags/extract.py took 2.789 seconds
[2025-05-02T09:58:33.775+0000] {processor.py:156} INFO - Started process (PID=395) to work on /opt/airflow/dags/extract.py
[2025-05-02T09:58:33.779+0000] {processor.py:799} INFO - Processing file /opt/airflow/dags/extract.py for tasks to queue
[2025-05-02T09:58:33.783+0000] {logging_mixin.py:149} INFO - [2025-05-02T09:58:33.782+0000] {dagbag.py:541} INFO - Filling up the DagBag from /opt/airflow/dags/extract.py
[2025-05-02T09:58:34.833+0000] {processor.py:809} INFO - DAG(s) dict_keys(['extract']) retrieved from /opt/airflow/dags/extract.py
[2025-05-02T09:58:34.902+0000] {logging_mixin.py:149} INFO - [2025-05-02T09:58:34.901+0000] {dag.py:2726} INFO - Sync 1 DAGs
[2025-05-02T09:58:34.968+0000] {logging_mixin.py:149} INFO - [2025-05-02T09:58:34.968+0000] {dag.py:3490} INFO - Setting next_dagrun for extract to 2025-05-02T00:00:00+00:00, run_after=2025-05-03T00:00:00+00:00
[2025-05-02T09:58:35.026+0000] {processor.py:178} INFO - Processing /opt/airflow/dags/extract.py took 1.275 seconds
[2025-05-02T09:59:05.327+0000] {processor.py:156} INFO - Started process (PID=429) to work on /opt/airflow/dags/extract.py
[2025-05-02T09:59:05.329+0000] {processor.py:799} INFO - Processing file /opt/airflow/dags/extract.py for tasks to queue
[2025-05-02T09:59:05.331+0000] {logging_mixin.py:149} INFO - [2025-05-02T09:59:05.331+0000] {dagbag.py:541} INFO - Filling up the DagBag from /opt/airflow/dags/extract.py
[2025-05-02T09:59:06.172+0000] {processor.py:809} INFO - DAG(s) dict_keys(['extract']) retrieved from /opt/airflow/dags/extract.py
[2025-05-02T09:59:06.234+0000] {logging_mixin.py:149} INFO - [2025-05-02T09:59:06.233+0000] {dag.py:2726} INFO - Sync 1 DAGs
[2025-05-02T09:59:06.294+0000] {logging_mixin.py:149} INFO - [2025-05-02T09:59:06.294+0000] {dag.py:3490} INFO - Setting next_dagrun for extract to 2025-05-02T00:00:00+00:00, run_after=2025-05-03T00:00:00+00:00
[2025-05-02T09:59:06.376+0000] {processor.py:178} INFO - Processing /opt/airflow/dags/extract.py took 1.057 seconds
[2025-05-02T09:59:36.993+0000] {processor.py:156} INFO - Started process (PID=463) to work on /opt/airflow/dags/extract.py
[2025-05-02T09:59:36.996+0000] {processor.py:799} INFO - Processing file /opt/airflow/dags/extract.py for tasks to queue
[2025-05-02T09:59:36.999+0000] {logging_mixin.py:149} INFO - [2025-05-02T09:59:36.998+0000] {dagbag.py:541} INFO - Filling up the DagBag from /opt/airflow/dags/extract.py
[2025-05-02T09:59:38.045+0000] {processor.py:809} INFO - DAG(s) dict_keys(['extract']) retrieved from /opt/airflow/dags/extract.py
[2025-05-02T09:59:38.138+0000] {logging_mixin.py:149} INFO - [2025-05-02T09:59:38.134+0000] {dag.py:2726} INFO - Sync 1 DAGs
[2025-05-02T09:59:38.224+0000] {logging_mixin.py:149} INFO - [2025-05-02T09:59:38.224+0000] {dag.py:3490} INFO - Setting next_dagrun for extract to 2025-05-02T00:00:00+00:00, run_after=2025-05-03T00:00:00+00:00
[2025-05-02T09:59:38.313+0000] {processor.py:178} INFO - Processing /opt/airflow/dags/extract.py took 1.327 seconds
[2025-05-02T10:00:08.423+0000] {processor.py:156} INFO - Started process (PID=497) to work on /opt/airflow/dags/extract.py
[2025-05-02T10:00:08.426+0000] {processor.py:799} INFO - Processing file /opt/airflow/dags/extract.py for tasks to queue
[2025-05-02T10:00:08.428+0000] {logging_mixin.py:149} INFO - [2025-05-02T10:00:08.428+0000] {dagbag.py:541} INFO - Filling up the DagBag from /opt/airflow/dags/extract.py
[2025-05-02T10:00:09.696+0000] {processor.py:809} INFO - DAG(s) dict_keys(['extract']) retrieved from /opt/airflow/dags/extract.py
[2025-05-02T10:00:09.847+0000] {logging_mixin.py:149} INFO - [2025-05-02T10:00:09.845+0000] {dag.py:2726} INFO - Sync 1 DAGs
[2025-05-02T10:00:10.016+0000] {logging_mixin.py:149} INFO - [2025-05-02T10:00:10.015+0000] {dag.py:3490} INFO - Setting next_dagrun for extract to 2025-05-02T00:00:00+00:00, run_after=2025-05-03T00:00:00+00:00
[2025-05-02T10:00:10.142+0000] {processor.py:178} INFO - Processing /opt/airflow/dags/extract.py took 1.730 seconds
[2025-05-02T10:00:40.748+0000] {processor.py:156} INFO - Started process (PID=531) to work on /opt/airflow/dags/extract.py
[2025-05-02T10:00:40.758+0000] {processor.py:799} INFO - Processing file /opt/airflow/dags/extract.py for tasks to queue
[2025-05-02T10:00:40.767+0000] {logging_mixin.py:149} INFO - [2025-05-02T10:00:40.766+0000] {dagbag.py:541} INFO - Filling up the DagBag from /opt/airflow/dags/extract.py
[2025-05-02T10:00:41.961+0000] {processor.py:809} INFO - DAG(s) dict_keys(['extract']) retrieved from /opt/airflow/dags/extract.py
[2025-05-02T10:00:42.047+0000] {logging_mixin.py:149} INFO - [2025-05-02T10:00:42.046+0000] {dag.py:2726} INFO - Sync 1 DAGs
[2025-05-02T10:00:42.116+0000] {logging_mixin.py:149} INFO - [2025-05-02T10:00:42.116+0000] {dag.py:3490} INFO - Setting next_dagrun for extract to 2025-05-02T00:00:00+00:00, run_after=2025-05-03T00:00:00+00:00
[2025-05-02T10:00:42.180+0000] {processor.py:178} INFO - Processing /opt/airflow/dags/extract.py took 1.459 seconds
[2025-05-02T10:01:12.671+0000] {processor.py:156} INFO - Started process (PID=565) to work on /opt/airflow/dags/extract.py
[2025-05-02T10:01:12.675+0000] {processor.py:799} INFO - Processing file /opt/airflow/dags/extract.py for tasks to queue
[2025-05-02T10:01:12.678+0000] {logging_mixin.py:149} INFO - [2025-05-02T10:01:12.677+0000] {dagbag.py:541} INFO - Filling up the DagBag from /opt/airflow/dags/extract.py
[2025-05-02T10:01:13.640+0000] {processor.py:809} INFO - DAG(s) dict_keys(['extract']) retrieved from /opt/airflow/dags/extract.py
[2025-05-02T10:01:13.734+0000] {logging_mixin.py:149} INFO - [2025-05-02T10:01:13.727+0000] {dag.py:2726} INFO - Sync 1 DAGs
[2025-05-02T10:01:13.821+0000] {logging_mixin.py:149} INFO - [2025-05-02T10:01:13.821+0000] {dag.py:3490} INFO - Setting next_dagrun for extract to 2025-05-02T00:00:00+00:00, run_after=2025-05-03T00:00:00+00:00
[2025-05-02T10:01:13.898+0000] {processor.py:178} INFO - Processing /opt/airflow/dags/extract.py took 1.237 seconds
[2025-05-02T10:01:44.409+0000] {processor.py:156} INFO - Started process (PID=599) to work on /opt/airflow/dags/extract.py
[2025-05-02T10:01:44.413+0000] {processor.py:799} INFO - Processing file /opt/airflow/dags/extract.py for tasks to queue
[2025-05-02T10:01:44.416+0000] {logging_mixin.py:149} INFO - [2025-05-02T10:01:44.415+0000] {dagbag.py:541} INFO - Filling up the DagBag from /opt/airflow/dags/extract.py
[2025-05-02T10:01:45.314+0000] {processor.py:809} INFO - DAG(s) dict_keys(['extract']) retrieved from /opt/airflow/dags/extract.py
[2025-05-02T10:01:45.392+0000] {logging_mixin.py:149} INFO - [2025-05-02T10:01:45.391+0000] {dag.py:2726} INFO - Sync 1 DAGs
[2025-05-02T10:01:45.472+0000] {logging_mixin.py:149} INFO - [2025-05-02T10:01:45.471+0000] {dag.py:3490} INFO - Setting next_dagrun for extract to 2025-05-02T00:00:00+00:00, run_after=2025-05-03T00:00:00+00:00
[2025-05-02T10:01:45.552+0000] {processor.py:178} INFO - Processing /opt/airflow/dags/extract.py took 1.150 seconds
[2025-05-02T10:02:16.083+0000] {processor.py:156} INFO - Started process (PID=647) to work on /opt/airflow/dags/extract.py
[2025-05-02T10:02:16.085+0000] {processor.py:799} INFO - Processing file /opt/airflow/dags/extract.py for tasks to queue
[2025-05-02T10:02:16.087+0000] {logging_mixin.py:149} INFO - [2025-05-02T10:02:16.087+0000] {dagbag.py:541} INFO - Filling up the DagBag from /opt/airflow/dags/extract.py
[2025-05-02T10:02:17.288+0000] {processor.py:809} INFO - DAG(s) dict_keys(['extract']) retrieved from /opt/airflow/dags/extract.py
[2025-05-02T10:02:17.369+0000] {logging_mixin.py:149} INFO - [2025-05-02T10:02:17.368+0000] {dag.py:2726} INFO - Sync 1 DAGs
[2025-05-02T10:02:17.439+0000] {logging_mixin.py:149} INFO - [2025-05-02T10:02:17.439+0000] {dag.py:3490} INFO - Setting next_dagrun for extract to 2025-05-02T00:00:00+00:00, run_after=2025-05-03T00:00:00+00:00
[2025-05-02T10:02:17.509+0000] {processor.py:178} INFO - Processing /opt/airflow/dags/extract.py took 1.444 seconds
[2025-05-02T10:02:47.980+0000] {processor.py:156} INFO - Started process (PID=681) to work on /opt/airflow/dags/extract.py
[2025-05-02T10:02:47.984+0000] {processor.py:799} INFO - Processing file /opt/airflow/dags/extract.py for tasks to queue
[2025-05-02T10:02:47.987+0000] {logging_mixin.py:149} INFO - [2025-05-02T10:02:47.987+0000] {dagbag.py:541} INFO - Filling up the DagBag from /opt/airflow/dags/extract.py
[2025-05-02T10:02:48.998+0000] {processor.py:809} INFO - DAG(s) dict_keys(['extract']) retrieved from /opt/airflow/dags/extract.py
[2025-05-02T10:02:49.081+0000] {logging_mixin.py:149} INFO - [2025-05-02T10:02:49.079+0000] {dag.py:2726} INFO - Sync 1 DAGs
[2025-05-02T10:02:49.182+0000] {logging_mixin.py:149} INFO - [2025-05-02T10:02:49.181+0000] {dag.py:3490} INFO - Setting next_dagrun for extract to 2025-05-02T00:00:00+00:00, run_after=2025-05-03T00:00:00+00:00
[2025-05-02T10:02:49.301+0000] {processor.py:178} INFO - Processing /opt/airflow/dags/extract.py took 1.333 seconds
[2025-05-02T10:03:19.511+0000] {processor.py:156} INFO - Started process (PID=715) to work on /opt/airflow/dags/extract.py
[2025-05-02T10:03:19.524+0000] {processor.py:799} INFO - Processing file /opt/airflow/dags/extract.py for tasks to queue
[2025-05-02T10:03:19.533+0000] {logging_mixin.py:149} INFO - [2025-05-02T10:03:19.532+0000] {dagbag.py:541} INFO - Filling up the DagBag from /opt/airflow/dags/extract.py
[2025-05-02T10:03:20.474+0000] {processor.py:809} INFO - DAG(s) dict_keys(['extract']) retrieved from /opt/airflow/dags/extract.py
[2025-05-02T10:03:20.564+0000] {logging_mixin.py:149} INFO - [2025-05-02T10:03:20.562+0000] {dag.py:2726} INFO - Sync 1 DAGs
[2025-05-02T10:03:20.642+0000] {logging_mixin.py:149} INFO - [2025-05-02T10:03:20.642+0000] {dag.py:3490} INFO - Setting next_dagrun for extract to 2025-05-02T00:00:00+00:00, run_after=2025-05-03T00:00:00+00:00
[2025-05-02T10:03:20.735+0000] {processor.py:178} INFO - Processing /opt/airflow/dags/extract.py took 1.234 seconds
[2025-05-02T10:03:51.243+0000] {processor.py:156} INFO - Started process (PID=749) to work on /opt/airflow/dags/extract.py
[2025-05-02T10:03:51.245+0000] {processor.py:799} INFO - Processing file /opt/airflow/dags/extract.py for tasks to queue
[2025-05-02T10:03:51.247+0000] {logging_mixin.py:149} INFO - [2025-05-02T10:03:51.247+0000] {dagbag.py:541} INFO - Filling up the DagBag from /opt/airflow/dags/extract.py
[2025-05-02T10:03:52.163+0000] {processor.py:809} INFO - DAG(s) dict_keys(['extract']) retrieved from /opt/airflow/dags/extract.py
[2025-05-02T10:03:52.234+0000] {logging_mixin.py:149} INFO - [2025-05-02T10:03:52.233+0000] {dag.py:2726} INFO - Sync 1 DAGs
[2025-05-02T10:03:52.311+0000] {logging_mixin.py:149} INFO - [2025-05-02T10:03:52.310+0000] {dag.py:3490} INFO - Setting next_dagrun for extract to 2025-05-02T00:00:00+00:00, run_after=2025-05-03T00:00:00+00:00
[2025-05-02T10:03:54.910+0000] {processor.py:178} INFO - Processing /opt/airflow/dags/extract.py took 3.675 seconds
[2025-05-02T10:04:25.462+0000] {processor.py:156} INFO - Started process (PID=783) to work on /opt/airflow/dags/extract.py
[2025-05-02T10:04:25.464+0000] {processor.py:799} INFO - Processing file /opt/airflow/dags/extract.py for tasks to queue
[2025-05-02T10:04:25.466+0000] {logging_mixin.py:149} INFO - [2025-05-02T10:04:25.466+0000] {dagbag.py:541} INFO - Filling up the DagBag from /opt/airflow/dags/extract.py
[2025-05-02T10:04:26.402+0000] {processor.py:809} INFO - DAG(s) dict_keys(['extract']) retrieved from /opt/airflow/dags/extract.py
[2025-05-02T10:04:26.473+0000] {logging_mixin.py:149} INFO - [2025-05-02T10:04:26.472+0000] {dag.py:2726} INFO - Sync 1 DAGs
[2025-05-02T10:04:26.545+0000] {logging_mixin.py:149} INFO - [2025-05-02T10:04:26.545+0000] {dag.py:3490} INFO - Setting next_dagrun for extract to 2025-05-02T00:00:00+00:00, run_after=2025-05-03T00:00:00+00:00
[2025-05-02T10:04:26.609+0000] {processor.py:178} INFO - Processing /opt/airflow/dags/extract.py took 1.157 seconds
[2025-05-02T10:04:57.071+0000] {processor.py:156} INFO - Started process (PID=817) to work on /opt/airflow/dags/extract.py
[2025-05-02T10:04:57.073+0000] {processor.py:799} INFO - Processing file /opt/airflow/dags/extract.py for tasks to queue
[2025-05-02T10:04:57.076+0000] {logging_mixin.py:149} INFO - [2025-05-02T10:04:57.075+0000] {dagbag.py:541} INFO - Filling up the DagBag from /opt/airflow/dags/extract.py
[2025-05-02T10:04:57.964+0000] {processor.py:809} INFO - DAG(s) dict_keys(['extract']) retrieved from /opt/airflow/dags/extract.py
[2025-05-02T10:04:58.042+0000] {logging_mixin.py:149} INFO - [2025-05-02T10:04:58.041+0000] {dag.py:2726} INFO - Sync 1 DAGs
[2025-05-02T10:04:58.100+0000] {logging_mixin.py:149} INFO - [2025-05-02T10:04:58.099+0000] {dag.py:3490} INFO - Setting next_dagrun for extract to 2025-05-02T00:00:00+00:00, run_after=2025-05-03T00:00:00+00:00
[2025-05-02T10:04:58.158+0000] {processor.py:178} INFO - Processing /opt/airflow/dags/extract.py took 1.094 seconds
[2025-05-02T10:05:28.714+0000] {processor.py:156} INFO - Started process (PID=851) to work on /opt/airflow/dags/extract.py
[2025-05-02T10:05:28.716+0000] {processor.py:799} INFO - Processing file /opt/airflow/dags/extract.py for tasks to queue
[2025-05-02T10:05:28.718+0000] {logging_mixin.py:149} INFO - [2025-05-02T10:05:28.717+0000] {dagbag.py:541} INFO - Filling up the DagBag from /opt/airflow/dags/extract.py
[2025-05-02T10:05:29.621+0000] {processor.py:809} INFO - DAG(s) dict_keys(['extract']) retrieved from /opt/airflow/dags/extract.py
[2025-05-02T10:05:29.702+0000] {logging_mixin.py:149} INFO - [2025-05-02T10:05:29.700+0000] {dag.py:2726} INFO - Sync 1 DAGs
[2025-05-02T10:05:29.771+0000] {logging_mixin.py:149} INFO - [2025-05-02T10:05:29.771+0000] {dag.py:3490} INFO - Setting next_dagrun for extract to 2025-05-02T00:00:00+00:00, run_after=2025-05-03T00:00:00+00:00
[2025-05-02T10:05:31.513+0000] {processor.py:178} INFO - Processing /opt/airflow/dags/extract.py took 2.806 seconds
[2025-05-02T10:06:01.988+0000] {processor.py:156} INFO - Started process (PID=885) to work on /opt/airflow/dags/extract.py
[2025-05-02T10:06:01.996+0000] {processor.py:799} INFO - Processing file /opt/airflow/dags/extract.py for tasks to queue
[2025-05-02T10:06:02.000+0000] {logging_mixin.py:149} INFO - [2025-05-02T10:06:01.999+0000] {dagbag.py:541} INFO - Filling up the DagBag from /opt/airflow/dags/extract.py
[2025-05-02T10:06:03.121+0000] {processor.py:809} INFO - DAG(s) dict_keys(['extract']) retrieved from /opt/airflow/dags/extract.py
[2025-05-02T10:06:03.199+0000] {logging_mixin.py:149} INFO - [2025-05-02T10:06:03.198+0000] {dag.py:2726} INFO - Sync 1 DAGs
[2025-05-02T10:06:03.269+0000] {logging_mixin.py:149} INFO - [2025-05-02T10:06:03.268+0000] {dag.py:3490} INFO - Setting next_dagrun for extract to 2025-05-02T00:00:00+00:00, run_after=2025-05-03T00:00:00+00:00
[2025-05-02T10:06:03.329+0000] {processor.py:178} INFO - Processing /opt/airflow/dags/extract.py took 1.359 seconds
[2025-05-02T10:06:26.842+0000] {processor.py:156} INFO - Started process (PID=919) to work on /opt/airflow/dags/extract.py
[2025-05-02T10:06:26.844+0000] {processor.py:799} INFO - Processing file /opt/airflow/dags/extract.py for tasks to queue
[2025-05-02T10:06:26.845+0000] {logging_mixin.py:149} INFO - [2025-05-02T10:06:26.845+0000] {dagbag.py:541} INFO - Filling up the DagBag from /opt/airflow/dags/extract.py
[2025-05-02T10:06:27.731+0000] {processor.py:809} INFO - DAG(s) dict_keys(['extract']) retrieved from /opt/airflow/dags/extract.py
[2025-05-02T10:06:27.847+0000] {logging_mixin.py:149} INFO - [2025-05-02T10:06:27.846+0000] {dag.py:2726} INFO - Sync 1 DAGs
[2025-05-02T10:06:27.909+0000] {logging_mixin.py:149} INFO - [2025-05-02T10:06:27.909+0000] {dag.py:3490} INFO - Setting next_dagrun for extract to 2025-05-02T00:00:00+00:00, run_after=2025-05-03T00:00:00+00:00
[2025-05-02T10:06:27.984+0000] {processor.py:178} INFO - Processing /opt/airflow/dags/extract.py took 1.151 seconds
[2025-05-02T10:08:06.837+0000] {processor.py:156} INFO - Started process (PID=162) to work on /opt/airflow/dags/extract.py
[2025-05-02T10:08:06.843+0000] {processor.py:799} INFO - Processing file /opt/airflow/dags/extract.py for tasks to queue
[2025-05-02T10:08:06.846+0000] {logging_mixin.py:149} INFO - [2025-05-02T10:08:06.845+0000] {dagbag.py:541} INFO - Filling up the DagBag from /opt/airflow/dags/extract.py
[2025-05-02T10:08:10.590+0000] {processor.py:809} INFO - DAG(s) dict_keys(['extract']) retrieved from /opt/airflow/dags/extract.py
[2025-05-02T10:08:10.806+0000] {logging_mixin.py:149} INFO - [2025-05-02T10:08:10.804+0000] {dag.py:2726} INFO - Sync 1 DAGs
[2025-05-02T10:08:10.880+0000] {logging_mixin.py:149} INFO - [2025-05-02T10:08:10.880+0000] {dag.py:3490} INFO - Setting next_dagrun for extract to 2025-05-02T00:00:00+00:00, run_after=2025-05-03T00:00:00+00:00
[2025-05-02T10:08:10.942+0000] {processor.py:178} INFO - Processing /opt/airflow/dags/extract.py took 4.119 seconds
[2025-05-02T10:08:41.370+0000] {processor.py:156} INFO - Started process (PID=197) to work on /opt/airflow/dags/extract.py
[2025-05-02T10:08:41.374+0000] {processor.py:799} INFO - Processing file /opt/airflow/dags/extract.py for tasks to queue
[2025-05-02T10:08:41.379+0000] {logging_mixin.py:149} INFO - [2025-05-02T10:08:41.377+0000] {dagbag.py:541} INFO - Filling up the DagBag from /opt/airflow/dags/extract.py
[2025-05-02T10:08:44.491+0000] {processor.py:809} INFO - DAG(s) dict_keys(['extract']) retrieved from /opt/airflow/dags/extract.py
[2025-05-02T10:08:44.647+0000] {logging_mixin.py:149} INFO - [2025-05-02T10:08:44.645+0000] {dag.py:2726} INFO - Sync 1 DAGs
[2025-05-02T10:08:44.743+0000] {logging_mixin.py:149} INFO - [2025-05-02T10:08:44.741+0000] {dag.py:3490} INFO - Setting next_dagrun for extract to 2025-05-02T00:00:00+00:00, run_after=2025-05-03T00:00:00+00:00
[2025-05-02T10:08:44.812+0000] {processor.py:178} INFO - Processing /opt/airflow/dags/extract.py took 3.472 seconds
[2025-05-02T10:09:15.331+0000] {processor.py:156} INFO - Started process (PID=231) to work on /opt/airflow/dags/extract.py
[2025-05-02T10:09:15.335+0000] {processor.py:799} INFO - Processing file /opt/airflow/dags/extract.py for tasks to queue
[2025-05-02T10:09:15.342+0000] {logging_mixin.py:149} INFO - [2025-05-02T10:09:15.342+0000] {dagbag.py:541} INFO - Filling up the DagBag from /opt/airflow/dags/extract.py
[2025-05-02T10:09:18.145+0000] {processor.py:809} INFO - DAG(s) dict_keys(['extract']) retrieved from /opt/airflow/dags/extract.py
[2025-05-02T10:09:18.251+0000] {logging_mixin.py:149} INFO - [2025-05-02T10:09:18.249+0000] {dag.py:2726} INFO - Sync 1 DAGs
[2025-05-02T10:09:18.318+0000] {logging_mixin.py:149} INFO - [2025-05-02T10:09:18.318+0000] {dag.py:3490} INFO - Setting next_dagrun for extract to 2025-05-02T00:00:00+00:00, run_after=2025-05-03T00:00:00+00:00
[2025-05-02T10:09:18.384+0000] {processor.py:178} INFO - Processing /opt/airflow/dags/extract.py took 3.068 seconds
[2025-05-02T10:09:48.845+0000] {processor.py:156} INFO - Started process (PID=265) to work on /opt/airflow/dags/extract.py
[2025-05-02T10:09:48.849+0000] {processor.py:799} INFO - Processing file /opt/airflow/dags/extract.py for tasks to queue
[2025-05-02T10:09:48.854+0000] {logging_mixin.py:149} INFO - [2025-05-02T10:09:48.853+0000] {dagbag.py:541} INFO - Filling up the DagBag from /opt/airflow/dags/extract.py
[2025-05-02T10:09:50.578+0000] {processor.py:809} INFO - DAG(s) dict_keys(['extract']) retrieved from /opt/airflow/dags/extract.py
[2025-05-02T10:09:50.680+0000] {logging_mixin.py:149} INFO - [2025-05-02T10:09:50.678+0000] {dag.py:2726} INFO - Sync 1 DAGs
[2025-05-02T10:09:50.752+0000] {logging_mixin.py:149} INFO - [2025-05-02T10:09:50.752+0000] {dag.py:3490} INFO - Setting next_dagrun for extract to 2025-05-02T00:00:00+00:00, run_after=2025-05-03T00:00:00+00:00
[2025-05-02T10:09:50.821+0000] {processor.py:178} INFO - Processing /opt/airflow/dags/extract.py took 1.990 seconds
[2025-05-02T10:10:21.338+0000] {processor.py:156} INFO - Started process (PID=299) to work on /opt/airflow/dags/extract.py
[2025-05-02T10:10:21.342+0000] {processor.py:799} INFO - Processing file /opt/airflow/dags/extract.py for tasks to queue
[2025-05-02T10:10:21.345+0000] {logging_mixin.py:149} INFO - [2025-05-02T10:10:21.345+0000] {dagbag.py:541} INFO - Filling up the DagBag from /opt/airflow/dags/extract.py
[2025-05-02T10:10:22.879+0000] {processor.py:809} INFO - DAG(s) dict_keys(['extract']) retrieved from /opt/airflow/dags/extract.py
[2025-05-02T10:10:22.956+0000] {logging_mixin.py:149} INFO - [2025-05-02T10:10:22.955+0000] {dag.py:2726} INFO - Sync 1 DAGs
[2025-05-02T10:10:23.053+0000] {logging_mixin.py:149} INFO - [2025-05-02T10:10:23.052+0000] {dag.py:3490} INFO - Setting next_dagrun for extract to 2025-05-02T00:00:00+00:00, run_after=2025-05-03T00:00:00+00:00
[2025-05-02T10:10:23.139+0000] {processor.py:178} INFO - Processing /opt/airflow/dags/extract.py took 1.809 seconds
[2025-05-02T10:10:53.596+0000] {processor.py:156} INFO - Started process (PID=333) to work on /opt/airflow/dags/extract.py
[2025-05-02T10:10:53.599+0000] {processor.py:799} INFO - Processing file /opt/airflow/dags/extract.py for tasks to queue
[2025-05-02T10:10:53.602+0000] {logging_mixin.py:149} INFO - [2025-05-02T10:10:53.601+0000] {dagbag.py:541} INFO - Filling up the DagBag from /opt/airflow/dags/extract.py
[2025-05-02T10:10:54.841+0000] {processor.py:809} INFO - DAG(s) dict_keys(['extract']) retrieved from /opt/airflow/dags/extract.py
[2025-05-02T10:10:54.939+0000] {logging_mixin.py:149} INFO - [2025-05-02T10:10:54.930+0000] {dag.py:2726} INFO - Sync 1 DAGs
[2025-05-02T10:10:55.018+0000] {logging_mixin.py:149} INFO - [2025-05-02T10:10:55.018+0000] {dag.py:3490} INFO - Setting next_dagrun for extract to 2025-05-02T00:00:00+00:00, run_after=2025-05-03T00:00:00+00:00
[2025-05-02T10:10:55.089+0000] {processor.py:178} INFO - Processing /opt/airflow/dags/extract.py took 1.503 seconds
[2025-05-02T10:11:25.501+0000] {processor.py:156} INFO - Started process (PID=367) to work on /opt/airflow/dags/extract.py
[2025-05-02T10:11:25.503+0000] {processor.py:799} INFO - Processing file /opt/airflow/dags/extract.py for tasks to queue
[2025-05-02T10:11:25.506+0000] {logging_mixin.py:149} INFO - [2025-05-02T10:11:25.506+0000] {dagbag.py:541} INFO - Filling up the DagBag from /opt/airflow/dags/extract.py
[2025-05-02T10:11:26.492+0000] {processor.py:809} INFO - DAG(s) dict_keys(['extract']) retrieved from /opt/airflow/dags/extract.py
[2025-05-02T10:11:26.575+0000] {logging_mixin.py:149} INFO - [2025-05-02T10:11:26.574+0000] {dag.py:2726} INFO - Sync 1 DAGs
[2025-05-02T10:11:26.656+0000] {logging_mixin.py:149} INFO - [2025-05-02T10:11:26.655+0000] {dag.py:3490} INFO - Setting next_dagrun for extract to 2025-05-02T00:00:00+00:00, run_after=2025-05-03T00:00:00+00:00
[2025-05-02T10:11:26.731+0000] {processor.py:178} INFO - Processing /opt/airflow/dags/extract.py took 1.238 seconds
[2025-05-02T10:11:57.211+0000] {processor.py:156} INFO - Started process (PID=401) to work on /opt/airflow/dags/extract.py
[2025-05-02T10:11:57.214+0000] {processor.py:799} INFO - Processing file /opt/airflow/dags/extract.py for tasks to queue
[2025-05-02T10:11:57.216+0000] {logging_mixin.py:149} INFO - [2025-05-02T10:11:57.216+0000] {dagbag.py:541} INFO - Filling up the DagBag from /opt/airflow/dags/extract.py
[2025-05-02T10:11:58.093+0000] {processor.py:809} INFO - DAG(s) dict_keys(['extract']) retrieved from /opt/airflow/dags/extract.py
[2025-05-02T10:11:58.158+0000] {logging_mixin.py:149} INFO - [2025-05-02T10:11:58.156+0000] {dag.py:2726} INFO - Sync 1 DAGs
[2025-05-02T10:11:58.229+0000] {logging_mixin.py:149} INFO - [2025-05-02T10:11:58.228+0000] {dag.py:3490} INFO - Setting next_dagrun for extract to 2025-05-02T00:00:00+00:00, run_after=2025-05-03T00:00:00+00:00
[2025-05-02T10:11:58.309+0000] {processor.py:178} INFO - Processing /opt/airflow/dags/extract.py took 1.105 seconds
[2025-05-02T10:12:28.743+0000] {processor.py:156} INFO - Started process (PID=435) to work on /opt/airflow/dags/extract.py
[2025-05-02T10:12:28.745+0000] {processor.py:799} INFO - Processing file /opt/airflow/dags/extract.py for tasks to queue
[2025-05-02T10:12:28.747+0000] {logging_mixin.py:149} INFO - [2025-05-02T10:12:28.747+0000] {dagbag.py:541} INFO - Filling up the DagBag from /opt/airflow/dags/extract.py
[2025-05-02T10:12:29.743+0000] {processor.py:809} INFO - DAG(s) dict_keys(['extract']) retrieved from /opt/airflow/dags/extract.py
[2025-05-02T10:12:29.882+0000] {logging_mixin.py:149} INFO - [2025-05-02T10:12:29.878+0000] {dag.py:2726} INFO - Sync 1 DAGs
[2025-05-02T10:12:29.966+0000] {logging_mixin.py:149} INFO - [2025-05-02T10:12:29.965+0000] {dag.py:3490} INFO - Setting next_dagrun for extract to 2025-05-02T00:00:00+00:00, run_after=2025-05-03T00:00:00+00:00
[2025-05-02T10:12:30.052+0000] {processor.py:178} INFO - Processing /opt/airflow/dags/extract.py took 1.314 seconds
[2025-05-02T10:13:00.518+0000] {processor.py:156} INFO - Started process (PID=469) to work on /opt/airflow/dags/extract.py
[2025-05-02T10:13:00.521+0000] {processor.py:799} INFO - Processing file /opt/airflow/dags/extract.py for tasks to queue
[2025-05-02T10:13:00.523+0000] {logging_mixin.py:149} INFO - [2025-05-02T10:13:00.523+0000] {dagbag.py:541} INFO - Filling up the DagBag from /opt/airflow/dags/extract.py
[2025-05-02T10:13:01.482+0000] {processor.py:809} INFO - DAG(s) dict_keys(['extract']) retrieved from /opt/airflow/dags/extract.py
[2025-05-02T10:13:01.610+0000] {logging_mixin.py:149} INFO - [2025-05-02T10:13:01.609+0000] {dag.py:2726} INFO - Sync 1 DAGs
[2025-05-02T10:13:01.687+0000] {logging_mixin.py:149} INFO - [2025-05-02T10:13:01.687+0000] {dag.py:3490} INFO - Setting next_dagrun for extract to 2025-05-02T00:00:00+00:00, run_after=2025-05-03T00:00:00+00:00
[2025-05-02T10:13:01.800+0000] {processor.py:178} INFO - Processing /opt/airflow/dags/extract.py took 1.292 seconds
[2025-05-02T10:13:32.347+0000] {processor.py:156} INFO - Started process (PID=503) to work on /opt/airflow/dags/extract.py
[2025-05-02T10:13:32.349+0000] {processor.py:799} INFO - Processing file /opt/airflow/dags/extract.py for tasks to queue
[2025-05-02T10:13:32.352+0000] {logging_mixin.py:149} INFO - [2025-05-02T10:13:32.351+0000] {dagbag.py:541} INFO - Filling up the DagBag from /opt/airflow/dags/extract.py
[2025-05-02T10:13:33.291+0000] {processor.py:809} INFO - DAG(s) dict_keys(['extract']) retrieved from /opt/airflow/dags/extract.py
[2025-05-02T10:13:33.369+0000] {logging_mixin.py:149} INFO - [2025-05-02T10:13:33.368+0000] {dag.py:2726} INFO - Sync 1 DAGs
[2025-05-02T10:13:33.440+0000] {logging_mixin.py:149} INFO - [2025-05-02T10:13:33.440+0000] {dag.py:3490} INFO - Setting next_dagrun for extract to 2025-05-02T00:00:00+00:00, run_after=2025-05-03T00:00:00+00:00
[2025-05-02T10:13:33.512+0000] {processor.py:178} INFO - Processing /opt/airflow/dags/extract.py took 1.174 seconds
[2025-05-02T10:14:03.734+0000] {processor.py:156} INFO - Started process (PID=537) to work on /opt/airflow/dags/extract.py
[2025-05-02T10:14:03.736+0000] {processor.py:799} INFO - Processing file /opt/airflow/dags/extract.py for tasks to queue
[2025-05-02T10:14:03.738+0000] {logging_mixin.py:149} INFO - [2025-05-02T10:14:03.738+0000] {dagbag.py:541} INFO - Filling up the DagBag from /opt/airflow/dags/extract.py
[2025-05-02T10:14:04.664+0000] {processor.py:809} INFO - DAG(s) dict_keys(['extract']) retrieved from /opt/airflow/dags/extract.py
[2025-05-02T10:14:04.885+0000] {logging_mixin.py:149} INFO - [2025-05-02T10:14:04.868+0000] {dag.py:2726} INFO - Sync 1 DAGs
[2025-05-02T10:14:05.008+0000] {logging_mixin.py:149} INFO - [2025-05-02T10:14:05.007+0000] {dag.py:3490} INFO - Setting next_dagrun for extract to 2025-05-02T00:00:00+00:00, run_after=2025-05-03T00:00:00+00:00
[2025-05-02T10:14:05.102+0000] {processor.py:178} INFO - Processing /opt/airflow/dags/extract.py took 1.377 seconds
[2025-05-02T10:14:35.543+0000] {processor.py:156} INFO - Started process (PID=571) to work on /opt/airflow/dags/extract.py
[2025-05-02T10:14:35.546+0000] {processor.py:799} INFO - Processing file /opt/airflow/dags/extract.py for tasks to queue
[2025-05-02T10:14:35.549+0000] {logging_mixin.py:149} INFO - [2025-05-02T10:14:35.548+0000] {dagbag.py:541} INFO - Filling up the DagBag from /opt/airflow/dags/extract.py
[2025-05-02T10:14:36.456+0000] {processor.py:809} INFO - DAG(s) dict_keys(['extract']) retrieved from /opt/airflow/dags/extract.py
[2025-05-02T10:14:36.585+0000] {logging_mixin.py:149} INFO - [2025-05-02T10:14:36.584+0000] {dag.py:2726} INFO - Sync 1 DAGs
[2025-05-02T10:14:36.654+0000] {logging_mixin.py:149} INFO - [2025-05-02T10:14:36.654+0000] {dag.py:3490} INFO - Setting next_dagrun for extract to 2025-05-02T00:00:00+00:00, run_after=2025-05-03T00:00:00+00:00
[2025-05-02T10:14:36.724+0000] {processor.py:178} INFO - Processing /opt/airflow/dags/extract.py took 1.189 seconds
[2025-05-02T10:15:06.943+0000] {processor.py:156} INFO - Started process (PID=605) to work on /opt/airflow/dags/extract.py
[2025-05-02T10:15:06.946+0000] {processor.py:799} INFO - Processing file /opt/airflow/dags/extract.py for tasks to queue
[2025-05-02T10:15:06.948+0000] {logging_mixin.py:149} INFO - [2025-05-02T10:15:06.948+0000] {dagbag.py:541} INFO - Filling up the DagBag from /opt/airflow/dags/extract.py
[2025-05-02T10:15:08.173+0000] {processor.py:809} INFO - DAG(s) dict_keys(['extract']) retrieved from /opt/airflow/dags/extract.py
[2025-05-02T10:15:08.253+0000] {logging_mixin.py:149} INFO - [2025-05-02T10:15:08.252+0000] {dag.py:2726} INFO - Sync 1 DAGs
[2025-05-02T10:15:08.331+0000] {logging_mixin.py:149} INFO - [2025-05-02T10:15:08.331+0000] {dag.py:3490} INFO - Setting next_dagrun for extract to 2025-05-02T00:00:00+00:00, run_after=2025-05-03T00:00:00+00:00
[2025-05-02T10:15:08.406+0000] {processor.py:178} INFO - Processing /opt/airflow/dags/extract.py took 1.471 seconds
[2025-05-02T10:15:38.827+0000] {processor.py:156} INFO - Started process (PID=653) to work on /opt/airflow/dags/extract.py
[2025-05-02T10:15:38.830+0000] {processor.py:799} INFO - Processing file /opt/airflow/dags/extract.py for tasks to queue
[2025-05-02T10:15:38.832+0000] {logging_mixin.py:149} INFO - [2025-05-02T10:15:38.832+0000] {dagbag.py:541} INFO - Filling up the DagBag from /opt/airflow/dags/extract.py
[2025-05-02T10:15:39.720+0000] {processor.py:809} INFO - DAG(s) dict_keys(['extract']) retrieved from /opt/airflow/dags/extract.py
[2025-05-02T10:15:39.782+0000] {logging_mixin.py:149} INFO - [2025-05-02T10:15:39.779+0000] {dag.py:2726} INFO - Sync 1 DAGs
[2025-05-02T10:15:39.835+0000] {logging_mixin.py:149} INFO - [2025-05-02T10:15:39.835+0000] {dag.py:3490} INFO - Setting next_dagrun for extract to 2025-05-02T00:00:00+00:00, run_after=2025-05-03T00:00:00+00:00
[2025-05-02T10:15:39.899+0000] {processor.py:178} INFO - Processing /opt/airflow/dags/extract.py took 1.077 seconds
[2025-05-02T10:16:10.150+0000] {processor.py:156} INFO - Started process (PID=673) to work on /opt/airflow/dags/extract.py
[2025-05-02T10:16:10.152+0000] {processor.py:799} INFO - Processing file /opt/airflow/dags/extract.py for tasks to queue
[2025-05-02T10:16:10.154+0000] {logging_mixin.py:149} INFO - [2025-05-02T10:16:10.154+0000] {dagbag.py:541} INFO - Filling up the DagBag from /opt/airflow/dags/extract.py
[2025-05-02T10:16:11.050+0000] {processor.py:809} INFO - DAG(s) dict_keys(['extract']) retrieved from /opt/airflow/dags/extract.py
[2025-05-02T10:16:11.189+0000] {logging_mixin.py:149} INFO - [2025-05-02T10:16:11.188+0000] {dag.py:2726} INFO - Sync 1 DAGs
[2025-05-02T10:16:11.262+0000] {logging_mixin.py:149} INFO - [2025-05-02T10:16:11.262+0000] {dag.py:3490} INFO - Setting next_dagrun for extract to 2025-05-02T00:00:00+00:00, run_after=2025-05-03T00:00:00+00:00
[2025-05-02T10:16:11.333+0000] {processor.py:178} INFO - Processing /opt/airflow/dags/extract.py took 1.190 seconds
[2025-05-02T10:16:41.758+0000] {processor.py:156} INFO - Started process (PID=707) to work on /opt/airflow/dags/extract.py
[2025-05-02T10:16:41.761+0000] {processor.py:799} INFO - Processing file /opt/airflow/dags/extract.py for tasks to queue
[2025-05-02T10:16:41.764+0000] {logging_mixin.py:149} INFO - [2025-05-02T10:16:41.763+0000] {dagbag.py:541} INFO - Filling up the DagBag from /opt/airflow/dags/extract.py
[2025-05-02T10:16:42.738+0000] {processor.py:809} INFO - DAG(s) dict_keys(['extract']) retrieved from /opt/airflow/dags/extract.py
[2025-05-02T10:16:42.806+0000] {logging_mixin.py:149} INFO - [2025-05-02T10:16:42.804+0000] {dag.py:2726} INFO - Sync 1 DAGs
[2025-05-02T10:16:42.877+0000] {logging_mixin.py:149} INFO - [2025-05-02T10:16:42.877+0000] {dag.py:3490} INFO - Setting next_dagrun for extract to 2025-05-02T00:00:00+00:00, run_after=2025-05-03T00:00:00+00:00
[2025-05-02T10:16:43.898+0000] {processor.py:178} INFO - Processing /opt/airflow/dags/extract.py took 2.149 seconds
[2025-05-02T10:17:14.344+0000] {processor.py:156} INFO - Started process (PID=741) to work on /opt/airflow/dags/extract.py
[2025-05-02T10:17:14.346+0000] {processor.py:799} INFO - Processing file /opt/airflow/dags/extract.py for tasks to queue
[2025-05-02T10:17:14.349+0000] {logging_mixin.py:149} INFO - [2025-05-02T10:17:14.348+0000] {dagbag.py:541} INFO - Filling up the DagBag from /opt/airflow/dags/extract.py
[2025-05-02T10:17:15.737+0000] {processor.py:809} INFO - DAG(s) dict_keys(['extract']) retrieved from /opt/airflow/dags/extract.py
[2025-05-02T10:17:15.801+0000] {logging_mixin.py:149} INFO - [2025-05-02T10:17:15.800+0000] {dag.py:2726} INFO - Sync 1 DAGs
[2025-05-02T10:17:15.866+0000] {logging_mixin.py:149} INFO - [2025-05-02T10:17:15.865+0000] {dag.py:3490} INFO - Setting next_dagrun for extract to 2025-05-02T00:00:00+00:00, run_after=2025-05-03T00:00:00+00:00
[2025-05-02T10:17:16.009+0000] {processor.py:178} INFO - Processing /opt/airflow/dags/extract.py took 1.671 seconds
[2025-05-02T10:17:46.456+0000] {processor.py:156} INFO - Started process (PID=775) to work on /opt/airflow/dags/extract.py
[2025-05-02T10:17:46.458+0000] {processor.py:799} INFO - Processing file /opt/airflow/dags/extract.py for tasks to queue
[2025-05-02T10:17:46.461+0000] {logging_mixin.py:149} INFO - [2025-05-02T10:17:46.460+0000] {dagbag.py:541} INFO - Filling up the DagBag from /opt/airflow/dags/extract.py
[2025-05-02T10:17:47.950+0000] {processor.py:809} INFO - DAG(s) dict_keys(['extract']) retrieved from /opt/airflow/dags/extract.py
[2025-05-02T10:17:48.205+0000] {logging_mixin.py:149} INFO - [2025-05-02T10:17:48.204+0000] {dag.py:2726} INFO - Sync 1 DAGs
[2025-05-02T10:17:48.359+0000] {logging_mixin.py:149} INFO - [2025-05-02T10:17:48.358+0000] {dag.py:3490} INFO - Setting next_dagrun for extract to 2025-05-02T00:00:00+00:00, run_after=2025-05-03T00:00:00+00:00
[2025-05-02T10:17:48.455+0000] {processor.py:178} INFO - Processing /opt/airflow/dags/extract.py took 2.009 seconds
[2025-05-02T10:18:19.230+0000] {processor.py:156} INFO - Started process (PID=810) to work on /opt/airflow/dags/extract.py
[2025-05-02T10:18:19.264+0000] {processor.py:799} INFO - Processing file /opt/airflow/dags/extract.py for tasks to queue
[2025-05-02T10:18:19.273+0000] {logging_mixin.py:149} INFO - [2025-05-02T10:18:19.272+0000] {dagbag.py:541} INFO - Filling up the DagBag from /opt/airflow/dags/extract.py
[2025-05-02T10:18:24.131+0000] {processor.py:809} INFO - DAG(s) dict_keys(['extract']) retrieved from /opt/airflow/dags/extract.py
[2025-05-02T10:18:24.354+0000] {logging_mixin.py:149} INFO - [2025-05-02T10:18:24.353+0000] {dag.py:2726} INFO - Sync 1 DAGs
[2025-05-02T10:18:24.443+0000] {logging_mixin.py:149} INFO - [2025-05-02T10:18:24.443+0000] {dag.py:3490} INFO - Setting next_dagrun for extract to 2025-05-02T00:00:00+00:00, run_after=2025-05-03T00:00:00+00:00
[2025-05-02T10:18:25.627+0000] {processor.py:178} INFO - Processing /opt/airflow/dags/extract.py took 6.508 seconds
[2025-05-02T10:18:56.079+0000] {processor.py:156} INFO - Started process (PID=871) to work on /opt/airflow/dags/extract.py
[2025-05-02T10:18:56.082+0000] {processor.py:799} INFO - Processing file /opt/airflow/dags/extract.py for tasks to queue
[2025-05-02T10:18:56.085+0000] {logging_mixin.py:149} INFO - [2025-05-02T10:18:56.084+0000] {dagbag.py:541} INFO - Filling up the DagBag from /opt/airflow/dags/extract.py
[2025-05-02T10:18:57.029+0000] {processor.py:809} INFO - DAG(s) dict_keys(['extract']) retrieved from /opt/airflow/dags/extract.py
[2025-05-02T10:18:57.083+0000] {logging_mixin.py:149} INFO - [2025-05-02T10:18:57.083+0000] {dag.py:2726} INFO - Sync 1 DAGs
[2025-05-02T10:18:57.143+0000] {logging_mixin.py:149} INFO - [2025-05-02T10:18:57.143+0000] {dag.py:3490} INFO - Setting next_dagrun for extract to 2025-05-02T00:00:00+00:00, run_after=2025-05-03T00:00:00+00:00
[2025-05-02T10:18:57.202+0000] {processor.py:178} INFO - Processing /opt/airflow/dags/extract.py took 1.139 seconds
[2025-05-02T10:19:27.681+0000] {processor.py:156} INFO - Started process (PID=905) to work on /opt/airflow/dags/extract.py
[2025-05-02T10:19:27.684+0000] {processor.py:799} INFO - Processing file /opt/airflow/dags/extract.py for tasks to queue
[2025-05-02T10:19:27.687+0000] {logging_mixin.py:149} INFO - [2025-05-02T10:19:27.686+0000] {dagbag.py:541} INFO - Filling up the DagBag from /opt/airflow/dags/extract.py
[2025-05-02T10:19:28.719+0000] {processor.py:809} INFO - DAG(s) dict_keys(['extract']) retrieved from /opt/airflow/dags/extract.py
[2025-05-02T10:19:28.800+0000] {logging_mixin.py:149} INFO - [2025-05-02T10:19:28.798+0000] {dag.py:2726} INFO - Sync 1 DAGs
[2025-05-02T10:19:28.884+0000] {logging_mixin.py:149} INFO - [2025-05-02T10:19:28.884+0000] {dag.py:3490} INFO - Setting next_dagrun for extract to 2025-05-02T00:00:00+00:00, run_after=2025-05-03T00:00:00+00:00
[2025-05-02T10:19:28.963+0000] {processor.py:178} INFO - Processing /opt/airflow/dags/extract.py took 1.291 seconds
[2025-05-02T10:19:59.422+0000] {processor.py:156} INFO - Started process (PID=939) to work on /opt/airflow/dags/extract.py
[2025-05-02T10:19:59.428+0000] {processor.py:799} INFO - Processing file /opt/airflow/dags/extract.py for tasks to queue
[2025-05-02T10:19:59.431+0000] {logging_mixin.py:149} INFO - [2025-05-02T10:19:59.431+0000] {dagbag.py:541} INFO - Filling up the DagBag from /opt/airflow/dags/extract.py
[2025-05-02T10:20:00.390+0000] {processor.py:809} INFO - DAG(s) dict_keys(['extract']) retrieved from /opt/airflow/dags/extract.py
[2025-05-02T10:20:00.515+0000] {logging_mixin.py:149} INFO - [2025-05-02T10:20:00.514+0000] {dag.py:2726} INFO - Sync 1 DAGs
[2025-05-02T10:20:00.583+0000] {logging_mixin.py:149} INFO - [2025-05-02T10:20:00.583+0000] {dag.py:3490} INFO - Setting next_dagrun for extract to 2025-05-02T00:00:00+00:00, run_after=2025-05-03T00:00:00+00:00
[2025-05-02T10:20:01.202+0000] {processor.py:178} INFO - Processing /opt/airflow/dags/extract.py took 1.789 seconds
[2025-05-02T10:20:31.463+0000] {processor.py:156} INFO - Started process (PID=973) to work on /opt/airflow/dags/extract.py
[2025-05-02T10:20:31.466+0000] {processor.py:799} INFO - Processing file /opt/airflow/dags/extract.py for tasks to queue
[2025-05-02T10:20:31.469+0000] {logging_mixin.py:149} INFO - [2025-05-02T10:20:31.468+0000] {dagbag.py:541} INFO - Filling up the DagBag from /opt/airflow/dags/extract.py
[2025-05-02T10:20:32.558+0000] {processor.py:809} INFO - DAG(s) dict_keys(['extract']) retrieved from /opt/airflow/dags/extract.py
[2025-05-02T10:20:32.638+0000] {logging_mixin.py:149} INFO - [2025-05-02T10:20:32.637+0000] {dag.py:2726} INFO - Sync 1 DAGs
[2025-05-02T10:20:33.012+0000] {logging_mixin.py:149} INFO - [2025-05-02T10:20:33.012+0000] {dag.py:3490} INFO - Setting next_dagrun for extract to 2025-05-02T00:00:00+00:00, run_after=2025-05-03T00:00:00+00:00
[2025-05-02T10:20:33.076+0000] {processor.py:178} INFO - Processing /opt/airflow/dags/extract.py took 1.654 seconds
[2025-05-02T10:21:03.274+0000] {processor.py:156} INFO - Started process (PID=1007) to work on /opt/airflow/dags/extract.py
[2025-05-02T10:21:03.276+0000] {processor.py:799} INFO - Processing file /opt/airflow/dags/extract.py for tasks to queue
[2025-05-02T10:21:03.279+0000] {logging_mixin.py:149} INFO - [2025-05-02T10:21:03.278+0000] {dagbag.py:541} INFO - Filling up the DagBag from /opt/airflow/dags/extract.py
[2025-05-02T10:21:04.324+0000] {processor.py:809} INFO - DAG(s) dict_keys(['extract']) retrieved from /opt/airflow/dags/extract.py
[2025-05-02T10:21:04.415+0000] {logging_mixin.py:149} INFO - [2025-05-02T10:21:04.414+0000] {dag.py:2726} INFO - Sync 1 DAGs
[2025-05-02T10:21:04.487+0000] {logging_mixin.py:149} INFO - [2025-05-02T10:21:04.486+0000] {dag.py:3490} INFO - Setting next_dagrun for extract to 2025-05-02T00:00:00+00:00, run_after=2025-05-03T00:00:00+00:00
[2025-05-02T10:21:04.567+0000] {processor.py:178} INFO - Processing /opt/airflow/dags/extract.py took 1.300 seconds
[2025-05-02T10:21:35.077+0000] {processor.py:156} INFO - Started process (PID=1041) to work on /opt/airflow/dags/extract.py
[2025-05-02T10:21:35.079+0000] {processor.py:799} INFO - Processing file /opt/airflow/dags/extract.py for tasks to queue
[2025-05-02T10:21:35.082+0000] {logging_mixin.py:149} INFO - [2025-05-02T10:21:35.081+0000] {dagbag.py:541} INFO - Filling up the DagBag from /opt/airflow/dags/extract.py
[2025-05-02T10:21:36.240+0000] {processor.py:809} INFO - DAG(s) dict_keys(['extract']) retrieved from /opt/airflow/dags/extract.py
[2025-05-02T10:21:36.312+0000] {logging_mixin.py:149} INFO - [2025-05-02T10:21:36.310+0000] {dag.py:2726} INFO - Sync 1 DAGs
[2025-05-02T10:21:36.389+0000] {logging_mixin.py:149} INFO - [2025-05-02T10:21:36.389+0000] {dag.py:3490} INFO - Setting next_dagrun for extract to 2025-05-02T00:00:00+00:00, run_after=2025-05-03T00:00:00+00:00
[2025-05-02T10:21:37.065+0000] {processor.py:178} INFO - Processing /opt/airflow/dags/extract.py took 2.002 seconds
[2025-05-02T10:22:07.536+0000] {processor.py:156} INFO - Started process (PID=1075) to work on /opt/airflow/dags/extract.py
[2025-05-02T10:22:07.539+0000] {processor.py:799} INFO - Processing file /opt/airflow/dags/extract.py for tasks to queue
[2025-05-02T10:22:07.541+0000] {logging_mixin.py:149} INFO - [2025-05-02T10:22:07.541+0000] {dagbag.py:541} INFO - Filling up the DagBag from /opt/airflow/dags/extract.py
[2025-05-02T10:22:08.586+0000] {processor.py:809} INFO - DAG(s) dict_keys(['extract']) retrieved from /opt/airflow/dags/extract.py
[2025-05-02T10:22:08.650+0000] {logging_mixin.py:149} INFO - [2025-05-02T10:22:08.648+0000] {dag.py:2726} INFO - Sync 1 DAGs
[2025-05-02T10:22:09.444+0000] {logging_mixin.py:149} INFO - [2025-05-02T10:22:09.443+0000] {dag.py:3490} INFO - Setting next_dagrun for extract to 2025-05-02T00:00:00+00:00, run_after=2025-05-03T00:00:00+00:00
[2025-05-02T10:22:09.664+0000] {processor.py:178} INFO - Processing /opt/airflow/dags/extract.py took 2.174 seconds
[2025-05-02T10:22:40.027+0000] {processor.py:156} INFO - Started process (PID=1109) to work on /opt/airflow/dags/extract.py
[2025-05-02T10:22:40.030+0000] {processor.py:799} INFO - Processing file /opt/airflow/dags/extract.py for tasks to queue
[2025-05-02T10:22:40.033+0000] {logging_mixin.py:149} INFO - [2025-05-02T10:22:40.033+0000] {dagbag.py:541} INFO - Filling up the DagBag from /opt/airflow/dags/extract.py
[2025-05-02T10:22:41.083+0000] {processor.py:809} INFO - DAG(s) dict_keys(['extract']) retrieved from /opt/airflow/dags/extract.py
[2025-05-02T10:22:41.221+0000] {logging_mixin.py:149} INFO - [2025-05-02T10:22:41.220+0000] {dag.py:2726} INFO - Sync 1 DAGs
[2025-05-02T10:22:41.298+0000] {logging_mixin.py:149} INFO - [2025-05-02T10:22:41.297+0000] {dag.py:3490} INFO - Setting next_dagrun for extract to 2025-05-02T00:00:00+00:00, run_after=2025-05-03T00:00:00+00:00
[2025-05-02T10:22:41.422+0000] {processor.py:178} INFO - Processing /opt/airflow/dags/extract.py took 1.439 seconds
[2025-05-02T10:23:11.951+0000] {processor.py:156} INFO - Started process (PID=1143) to work on /opt/airflow/dags/extract.py
[2025-05-02T10:23:11.953+0000] {processor.py:799} INFO - Processing file /opt/airflow/dags/extract.py for tasks to queue
[2025-05-02T10:23:11.955+0000] {logging_mixin.py:149} INFO - [2025-05-02T10:23:11.955+0000] {dagbag.py:541} INFO - Filling up the DagBag from /opt/airflow/dags/extract.py
[2025-05-02T10:23:12.978+0000] {processor.py:809} INFO - DAG(s) dict_keys(['extract']) retrieved from /opt/airflow/dags/extract.py
[2025-05-02T10:23:13.110+0000] {logging_mixin.py:149} INFO - [2025-05-02T10:23:13.109+0000] {dag.py:2726} INFO - Sync 1 DAGs
[2025-05-02T10:23:13.181+0000] {logging_mixin.py:149} INFO - [2025-05-02T10:23:13.181+0000] {dag.py:3490} INFO - Setting next_dagrun for extract to 2025-05-02T00:00:00+00:00, run_after=2025-05-03T00:00:00+00:00
[2025-05-02T10:23:13.674+0000] {processor.py:178} INFO - Processing /opt/airflow/dags/extract.py took 1.730 seconds
[2025-05-02T10:23:44.159+0000] {processor.py:156} INFO - Started process (PID=1177) to work on /opt/airflow/dags/extract.py
[2025-05-02T10:23:44.161+0000] {processor.py:799} INFO - Processing file /opt/airflow/dags/extract.py for tasks to queue
[2025-05-02T10:23:44.164+0000] {logging_mixin.py:149} INFO - [2025-05-02T10:23:44.163+0000] {dagbag.py:541} INFO - Filling up the DagBag from /opt/airflow/dags/extract.py
[2025-05-02T10:23:45.128+0000] {processor.py:809} INFO - DAG(s) dict_keys(['extract']) retrieved from /opt/airflow/dags/extract.py
[2025-05-02T10:23:45.249+0000] {logging_mixin.py:149} INFO - [2025-05-02T10:23:45.248+0000] {dag.py:2726} INFO - Sync 1 DAGs
[2025-05-02T10:23:45.849+0000] {logging_mixin.py:149} INFO - [2025-05-02T10:23:45.848+0000] {dag.py:3490} INFO - Setting next_dagrun for extract to 2025-05-02T00:00:00+00:00, run_after=2025-05-03T00:00:00+00:00
[2025-05-02T10:23:45.916+0000] {processor.py:178} INFO - Processing /opt/airflow/dags/extract.py took 1.769 seconds
[2025-05-02T10:24:16.352+0000] {processor.py:156} INFO - Started process (PID=1211) to work on /opt/airflow/dags/extract.py
[2025-05-02T10:24:16.354+0000] {processor.py:799} INFO - Processing file /opt/airflow/dags/extract.py for tasks to queue
[2025-05-02T10:24:16.356+0000] {logging_mixin.py:149} INFO - [2025-05-02T10:24:16.356+0000] {dagbag.py:541} INFO - Filling up the DagBag from /opt/airflow/dags/extract.py
[2025-05-02T10:24:17.256+0000] {processor.py:809} INFO - DAG(s) dict_keys(['extract']) retrieved from /opt/airflow/dags/extract.py
[2025-05-02T10:24:17.719+0000] {logging_mixin.py:149} INFO - [2025-05-02T10:24:17.718+0000] {dag.py:2726} INFO - Sync 1 DAGs
[2025-05-02T10:24:17.794+0000] {logging_mixin.py:149} INFO - [2025-05-02T10:24:17.793+0000] {dag.py:3490} INFO - Setting next_dagrun for extract to 2025-05-02T00:00:00+00:00, run_after=2025-05-03T00:00:00+00:00
[2025-05-02T10:24:17.856+0000] {processor.py:178} INFO - Processing /opt/airflow/dags/extract.py took 1.510 seconds
[2025-05-02T10:24:48.083+0000] {processor.py:156} INFO - Started process (PID=1245) to work on /opt/airflow/dags/extract.py
[2025-05-02T10:24:48.085+0000] {processor.py:799} INFO - Processing file /opt/airflow/dags/extract.py for tasks to queue
[2025-05-02T10:24:48.087+0000] {logging_mixin.py:149} INFO - [2025-05-02T10:24:48.087+0000] {dagbag.py:541} INFO - Filling up the DagBag from /opt/airflow/dags/extract.py
[2025-05-02T10:24:49.087+0000] {processor.py:809} INFO - DAG(s) dict_keys(['extract']) retrieved from /opt/airflow/dags/extract.py
[2025-05-02T10:24:49.227+0000] {logging_mixin.py:149} INFO - [2025-05-02T10:24:49.225+0000] {dag.py:2726} INFO - Sync 1 DAGs
[2025-05-02T10:24:49.312+0000] {logging_mixin.py:149} INFO - [2025-05-02T10:24:49.312+0000] {dag.py:3490} INFO - Setting next_dagrun for extract to 2025-05-02T00:00:00+00:00, run_after=2025-05-03T00:00:00+00:00
[2025-05-02T10:24:49.923+0000] {processor.py:178} INFO - Processing /opt/airflow/dags/extract.py took 1.847 seconds
[2025-05-02T10:25:20.224+0000] {processor.py:156} INFO - Started process (PID=1279) to work on /opt/airflow/dags/extract.py
[2025-05-02T10:25:20.226+0000] {processor.py:799} INFO - Processing file /opt/airflow/dags/extract.py for tasks to queue
[2025-05-02T10:25:20.228+0000] {logging_mixin.py:149} INFO - [2025-05-02T10:25:20.228+0000] {dagbag.py:541} INFO - Filling up the DagBag from /opt/airflow/dags/extract.py
[2025-05-02T10:25:21.251+0000] {processor.py:809} INFO - DAG(s) dict_keys(['extract']) retrieved from /opt/airflow/dags/extract.py
[2025-05-02T10:25:21.383+0000] {logging_mixin.py:149} INFO - [2025-05-02T10:25:21.382+0000] {dag.py:2726} INFO - Sync 1 DAGs
[2025-05-02T10:25:21.829+0000] {logging_mixin.py:149} INFO - [2025-05-02T10:25:21.828+0000] {dag.py:3490} INFO - Setting next_dagrun for extract to 2025-05-02T00:00:00+00:00, run_after=2025-05-03T00:00:00+00:00
[2025-05-02T10:25:21.899+0000] {processor.py:178} INFO - Processing /opt/airflow/dags/extract.py took 1.682 seconds
[2025-05-02T10:25:52.324+0000] {processor.py:156} INFO - Started process (PID=1313) to work on /opt/airflow/dags/extract.py
[2025-05-02T10:25:52.326+0000] {processor.py:799} INFO - Processing file /opt/airflow/dags/extract.py for tasks to queue
[2025-05-02T10:25:52.328+0000] {logging_mixin.py:149} INFO - [2025-05-02T10:25:52.328+0000] {dagbag.py:541} INFO - Filling up the DagBag from /opt/airflow/dags/extract.py
[2025-05-02T10:25:53.267+0000] {processor.py:809} INFO - DAG(s) dict_keys(['extract']) retrieved from /opt/airflow/dags/extract.py
[2025-05-02T10:25:53.669+0000] {logging_mixin.py:149} INFO - [2025-05-02T10:25:53.668+0000] {dag.py:2726} INFO - Sync 1 DAGs
[2025-05-02T10:25:53.740+0000] {logging_mixin.py:149} INFO - [2025-05-02T10:25:53.740+0000] {dag.py:3490} INFO - Setting next_dagrun for extract to 2025-05-02T00:00:00+00:00, run_after=2025-05-03T00:00:00+00:00
[2025-05-02T10:25:53.838+0000] {processor.py:178} INFO - Processing /opt/airflow/dags/extract.py took 1.523 seconds
[2025-05-02T10:26:24.278+0000] {processor.py:156} INFO - Started process (PID=1347) to work on /opt/airflow/dags/extract.py
[2025-05-02T10:26:24.281+0000] {processor.py:799} INFO - Processing file /opt/airflow/dags/extract.py for tasks to queue
[2025-05-02T10:26:24.283+0000] {logging_mixin.py:149} INFO - [2025-05-02T10:26:24.283+0000] {dagbag.py:541} INFO - Filling up the DagBag from /opt/airflow/dags/extract.py
[2025-05-02T10:26:25.207+0000] {processor.py:809} INFO - DAG(s) dict_keys(['extract']) retrieved from /opt/airflow/dags/extract.py
[2025-05-02T10:26:25.277+0000] {logging_mixin.py:149} INFO - [2025-05-02T10:26:25.276+0000] {dag.py:2726} INFO - Sync 1 DAGs
[2025-05-02T10:26:25.350+0000] {logging_mixin.py:149} INFO - [2025-05-02T10:26:25.350+0000] {dag.py:3490} INFO - Setting next_dagrun for extract to 2025-05-02T00:00:00+00:00, run_after=2025-05-03T00:00:00+00:00
[2025-05-02T10:26:26.028+0000] {processor.py:178} INFO - Processing /opt/airflow/dags/extract.py took 1.758 seconds
[2025-05-02T10:26:56.404+0000] {processor.py:156} INFO - Started process (PID=1381) to work on /opt/airflow/dags/extract.py
[2025-05-02T10:26:56.407+0000] {processor.py:799} INFO - Processing file /opt/airflow/dags/extract.py for tasks to queue
[2025-05-02T10:26:56.409+0000] {logging_mixin.py:149} INFO - [2025-05-02T10:26:56.409+0000] {dagbag.py:541} INFO - Filling up the DagBag from /opt/airflow/dags/extract.py
[2025-05-02T10:26:57.401+0000] {processor.py:809} INFO - DAG(s) dict_keys(['extract']) retrieved from /opt/airflow/dags/extract.py
[2025-05-02T10:26:57.481+0000] {logging_mixin.py:149} INFO - [2025-05-02T10:26:57.480+0000] {dag.py:2726} INFO - Sync 1 DAGs
[2025-05-02T10:26:57.879+0000] {logging_mixin.py:149} INFO - [2025-05-02T10:26:57.879+0000] {dag.py:3490} INFO - Setting next_dagrun for extract to 2025-05-02T00:00:00+00:00, run_after=2025-05-03T00:00:00+00:00
[2025-05-02T10:26:57.964+0000] {processor.py:178} INFO - Processing /opt/airflow/dags/extract.py took 1.578 seconds
[2025-05-02T10:27:28.462+0000] {processor.py:156} INFO - Started process (PID=1415) to work on /opt/airflow/dags/extract.py
[2025-05-02T10:27:28.465+0000] {processor.py:799} INFO - Processing file /opt/airflow/dags/extract.py for tasks to queue
[2025-05-02T10:27:28.467+0000] {logging_mixin.py:149} INFO - [2025-05-02T10:27:28.467+0000] {dagbag.py:541} INFO - Filling up the DagBag from /opt/airflow/dags/extract.py
[2025-05-02T10:27:29.365+0000] {processor.py:809} INFO - DAG(s) dict_keys(['extract']) retrieved from /opt/airflow/dags/extract.py
[2025-05-02T10:27:29.781+0000] {logging_mixin.py:149} INFO - [2025-05-02T10:27:29.780+0000] {dag.py:2726} INFO - Sync 1 DAGs
[2025-05-02T10:27:29.851+0000] {logging_mixin.py:149} INFO - [2025-05-02T10:27:29.851+0000] {dag.py:3490} INFO - Setting next_dagrun for extract to 2025-05-02T00:00:00+00:00, run_after=2025-05-03T00:00:00+00:00
[2025-05-02T10:27:29.924+0000] {processor.py:178} INFO - Processing /opt/airflow/dags/extract.py took 1.472 seconds
[2025-05-02T10:28:00.367+0000] {processor.py:156} INFO - Started process (PID=1449) to work on /opt/airflow/dags/extract.py
[2025-05-02T10:28:00.370+0000] {processor.py:799} INFO - Processing file /opt/airflow/dags/extract.py for tasks to queue
[2025-05-02T10:28:00.373+0000] {logging_mixin.py:149} INFO - [2025-05-02T10:28:00.372+0000] {dagbag.py:541} INFO - Filling up the DagBag from /opt/airflow/dags/extract.py
[2025-05-02T10:28:01.304+0000] {processor.py:809} INFO - DAG(s) dict_keys(['extract']) retrieved from /opt/airflow/dags/extract.py
[2025-05-02T10:28:01.465+0000] {logging_mixin.py:149} INFO - [2025-05-02T10:28:01.463+0000] {dag.py:2726} INFO - Sync 1 DAGs
[2025-05-02T10:28:01.544+0000] {logging_mixin.py:149} INFO - [2025-05-02T10:28:01.543+0000] {dag.py:3490} INFO - Setting next_dagrun for extract to 2025-05-02T00:00:00+00:00, run_after=2025-05-03T00:00:00+00:00
[2025-05-02T10:28:02.000+0000] {processor.py:178} INFO - Processing /opt/airflow/dags/extract.py took 1.639 seconds
[2025-05-02T10:28:32.531+0000] {processor.py:156} INFO - Started process (PID=1483) to work on /opt/airflow/dags/extract.py
[2025-05-02T10:28:32.533+0000] {processor.py:799} INFO - Processing file /opt/airflow/dags/extract.py for tasks to queue
[2025-05-02T10:28:32.535+0000] {logging_mixin.py:149} INFO - [2025-05-02T10:28:32.535+0000] {dagbag.py:541} INFO - Filling up the DagBag from /opt/airflow/dags/extract.py
[2025-05-02T10:28:33.643+0000] {processor.py:809} INFO - DAG(s) dict_keys(['extract']) retrieved from /opt/airflow/dags/extract.py
[2025-05-02T10:28:33.737+0000] {logging_mixin.py:149} INFO - [2025-05-02T10:28:33.735+0000] {dag.py:2726} INFO - Sync 1 DAGs
[2025-05-02T10:28:34.390+0000] {logging_mixin.py:149} INFO - [2025-05-02T10:28:34.389+0000] {dag.py:3490} INFO - Setting next_dagrun for extract to 2025-05-02T00:00:00+00:00, run_after=2025-05-03T00:00:00+00:00
[2025-05-02T10:28:34.477+0000] {processor.py:178} INFO - Processing /opt/airflow/dags/extract.py took 1.954 seconds
[2025-05-02T10:34:05.691+0000] {processor.py:156} INFO - Started process (PID=1517) to work on /opt/airflow/dags/extract.py
[2025-05-02T10:34:05.700+0000] {processor.py:799} INFO - Processing file /opt/airflow/dags/extract.py for tasks to queue
[2025-05-02T10:34:05.705+0000] {logging_mixin.py:149} INFO - [2025-05-02T10:34:05.705+0000] {dagbag.py:541} INFO - Filling up the DagBag from /opt/airflow/dags/extract.py
[2025-05-02T10:34:11.343+0000] {processor.py:809} INFO - DAG(s) dict_keys(['extract']) retrieved from /opt/airflow/dags/extract.py
[2025-05-02T10:34:12.095+0000] {logging_mixin.py:149} INFO - [2025-05-02T10:34:12.077+0000] {dag.py:2726} INFO - Sync 1 DAGs
[2025-05-02T10:34:15.228+0000] {logging_mixin.py:149} INFO - [2025-05-02T10:34:15.227+0000] {dag.py:3490} INFO - Setting next_dagrun for extract to 2025-05-02T00:00:00+00:00, run_after=2025-05-03T00:00:00+00:00
[2025-05-02T10:34:15.362+0000] {processor.py:178} INFO - Processing /opt/airflow/dags/extract.py took 9.727 seconds
[2025-05-02T10:34:45.674+0000] {processor.py:156} INFO - Started process (PID=1553) to work on /opt/airflow/dags/extract.py
[2025-05-02T10:34:45.679+0000] {processor.py:799} INFO - Processing file /opt/airflow/dags/extract.py for tasks to queue
[2025-05-02T10:34:45.685+0000] {logging_mixin.py:149} INFO - [2025-05-02T10:34:45.683+0000] {dagbag.py:541} INFO - Filling up the DagBag from /opt/airflow/dags/extract.py
[2025-05-02T10:34:47.745+0000] {processor.py:809} INFO - DAG(s) dict_keys(['extract']) retrieved from /opt/airflow/dags/extract.py
[2025-05-02T10:34:48.955+0000] {logging_mixin.py:149} INFO - [2025-05-02T10:34:48.953+0000] {dag.py:2726} INFO - Sync 1 DAGs
[2025-05-02T10:34:49.017+0000] {logging_mixin.py:149} INFO - [2025-05-02T10:34:49.016+0000] {dag.py:3490} INFO - Setting next_dagrun for extract to 2025-05-02T00:00:00+00:00, run_after=2025-05-03T00:00:00+00:00
[2025-05-02T10:34:49.070+0000] {processor.py:178} INFO - Processing /opt/airflow/dags/extract.py took 3.422 seconds
[2025-05-02T10:35:19.514+0000] {processor.py:156} INFO - Started process (PID=1587) to work on /opt/airflow/dags/extract.py
[2025-05-02T10:35:19.516+0000] {processor.py:799} INFO - Processing file /opt/airflow/dags/extract.py for tasks to queue
[2025-05-02T10:35:19.520+0000] {logging_mixin.py:149} INFO - [2025-05-02T10:35:19.520+0000] {dagbag.py:541} INFO - Filling up the DagBag from /opt/airflow/dags/extract.py
[2025-05-02T10:35:21.373+0000] {processor.py:809} INFO - DAG(s) dict_keys(['extract']) retrieved from /opt/airflow/dags/extract.py
[2025-05-02T10:35:21.722+0000] {logging_mixin.py:149} INFO - [2025-05-02T10:35:21.720+0000] {dag.py:2726} INFO - Sync 1 DAGs
[2025-05-02T10:35:24.446+0000] {logging_mixin.py:149} INFO - [2025-05-02T10:35:24.446+0000] {dag.py:3490} INFO - Setting next_dagrun for extract to 2025-05-02T00:00:00+00:00, run_after=2025-05-03T00:00:00+00:00
[2025-05-02T10:35:24.521+0000] {processor.py:178} INFO - Processing /opt/airflow/dags/extract.py took 5.020 seconds
[2025-05-02T10:35:54.953+0000] {processor.py:156} INFO - Started process (PID=1621) to work on /opt/airflow/dags/extract.py
[2025-05-02T10:35:54.955+0000] {processor.py:799} INFO - Processing file /opt/airflow/dags/extract.py for tasks to queue
[2025-05-02T10:35:54.960+0000] {logging_mixin.py:149} INFO - [2025-05-02T10:35:54.959+0000] {dagbag.py:541} INFO - Filling up the DagBag from /opt/airflow/dags/extract.py
[2025-05-02T10:35:56.166+0000] {processor.py:809} INFO - DAG(s) dict_keys(['extract']) retrieved from /opt/airflow/dags/extract.py
[2025-05-02T10:35:56.230+0000] {logging_mixin.py:149} INFO - [2025-05-02T10:35:56.226+0000] {dag.py:2726} INFO - Sync 1 DAGs
[2025-05-02T10:35:56.851+0000] {logging_mixin.py:149} INFO - [2025-05-02T10:35:56.850+0000] {dag.py:3490} INFO - Setting next_dagrun for extract to 2025-05-02T00:00:00+00:00, run_after=2025-05-03T00:00:00+00:00
[2025-05-02T10:35:56.928+0000] {processor.py:178} INFO - Processing /opt/airflow/dags/extract.py took 1.986 seconds
[2025-05-02T10:36:27.416+0000] {processor.py:156} INFO - Started process (PID=1655) to work on /opt/airflow/dags/extract.py
[2025-05-02T10:36:27.420+0000] {processor.py:799} INFO - Processing file /opt/airflow/dags/extract.py for tasks to queue
[2025-05-02T10:36:27.423+0000] {logging_mixin.py:149} INFO - [2025-05-02T10:36:27.422+0000] {dagbag.py:541} INFO - Filling up the DagBag from /opt/airflow/dags/extract.py
[2025-05-02T10:36:28.683+0000] {processor.py:809} INFO - DAG(s) dict_keys(['extract']) retrieved from /opt/airflow/dags/extract.py
[2025-05-02T10:36:29.781+0000] {logging_mixin.py:149} INFO - [2025-05-02T10:36:29.779+0000] {dag.py:2726} INFO - Sync 1 DAGs
[2025-05-02T10:36:29.861+0000] {logging_mixin.py:149} INFO - [2025-05-02T10:36:29.861+0000] {dag.py:3490} INFO - Setting next_dagrun for extract to 2025-05-02T00:00:00+00:00, run_after=2025-05-03T00:00:00+00:00
[2025-05-02T10:36:29.948+0000] {processor.py:178} INFO - Processing /opt/airflow/dags/extract.py took 2.559 seconds
[2025-05-02T10:37:00.181+0000] {processor.py:156} INFO - Started process (PID=1689) to work on /opt/airflow/dags/extract.py
[2025-05-02T10:37:00.184+0000] {processor.py:799} INFO - Processing file /opt/airflow/dags/extract.py for tasks to queue
[2025-05-02T10:37:00.186+0000] {logging_mixin.py:149} INFO - [2025-05-02T10:37:00.186+0000] {dagbag.py:541} INFO - Filling up the DagBag from /opt/airflow/dags/extract.py
[2025-05-02T10:37:01.310+0000] {processor.py:809} INFO - DAG(s) dict_keys(['extract']) retrieved from /opt/airflow/dags/extract.py
[2025-05-02T10:37:01.393+0000] {logging_mixin.py:149} INFO - [2025-05-02T10:37:01.392+0000] {dag.py:2726} INFO - Sync 1 DAGs
[2025-05-02T10:37:01.846+0000] {logging_mixin.py:149} INFO - [2025-05-02T10:37:01.845+0000] {dag.py:3490} INFO - Setting next_dagrun for extract to 2025-05-02T00:00:00+00:00, run_after=2025-05-03T00:00:00+00:00
[2025-05-02T10:37:01.914+0000] {processor.py:178} INFO - Processing /opt/airflow/dags/extract.py took 1.740 seconds
[2025-05-02T10:37:32.423+0000] {processor.py:156} INFO - Started process (PID=1723) to work on /opt/airflow/dags/extract.py
[2025-05-02T10:37:32.426+0000] {processor.py:799} INFO - Processing file /opt/airflow/dags/extract.py for tasks to queue
[2025-05-02T10:37:32.429+0000] {logging_mixin.py:149} INFO - [2025-05-02T10:37:32.428+0000] {dagbag.py:541} INFO - Filling up the DagBag from /opt/airflow/dags/extract.py
[2025-05-02T10:37:33.394+0000] {processor.py:809} INFO - DAG(s) dict_keys(['extract']) retrieved from /opt/airflow/dags/extract.py
[2025-05-02T10:37:33.523+0000] {logging_mixin.py:149} INFO - [2025-05-02T10:37:33.520+0000] {dag.py:2726} INFO - Sync 1 DAGs
[2025-05-02T10:37:33.909+0000] {logging_mixin.py:149} INFO - [2025-05-02T10:37:33.909+0000] {dag.py:3490} INFO - Setting next_dagrun for extract to 2025-05-02T00:00:00+00:00, run_after=2025-05-03T00:00:00+00:00
[2025-05-02T10:37:33.984+0000] {processor.py:178} INFO - Processing /opt/airflow/dags/extract.py took 1.601 seconds
[2025-05-02T10:38:04.434+0000] {processor.py:156} INFO - Started process (PID=1757) to work on /opt/airflow/dags/extract.py
[2025-05-02T10:38:04.438+0000] {processor.py:799} INFO - Processing file /opt/airflow/dags/extract.py for tasks to queue
[2025-05-02T10:38:04.442+0000] {logging_mixin.py:149} INFO - [2025-05-02T10:38:04.441+0000] {dagbag.py:541} INFO - Filling up the DagBag from /opt/airflow/dags/extract.py
[2025-05-02T10:38:05.379+0000] {processor.py:809} INFO - DAG(s) dict_keys(['extract']) retrieved from /opt/airflow/dags/extract.py
[2025-05-02T10:38:05.805+0000] {logging_mixin.py:149} INFO - [2025-05-02T10:38:05.804+0000] {dag.py:2726} INFO - Sync 1 DAGs
[2025-05-02T10:38:05.937+0000] {logging_mixin.py:149} INFO - [2025-05-02T10:38:05.936+0000] {dag.py:3490} INFO - Setting next_dagrun for extract to 2025-05-02T00:00:00+00:00, run_after=2025-05-03T00:00:00+00:00
[2025-05-02T10:38:05.997+0000] {processor.py:178} INFO - Processing /opt/airflow/dags/extract.py took 1.580 seconds
[2025-05-02T10:38:36.480+0000] {processor.py:156} INFO - Started process (PID=1791) to work on /opt/airflow/dags/extract.py
[2025-05-02T10:38:36.483+0000] {processor.py:799} INFO - Processing file /opt/airflow/dags/extract.py for tasks to queue
[2025-05-02T10:38:36.485+0000] {logging_mixin.py:149} INFO - [2025-05-02T10:38:36.485+0000] {dagbag.py:541} INFO - Filling up the DagBag from /opt/airflow/dags/extract.py
[2025-05-02T10:38:37.498+0000] {processor.py:809} INFO - DAG(s) dict_keys(['extract']) retrieved from /opt/airflow/dags/extract.py
[2025-05-02T10:38:37.585+0000] {logging_mixin.py:149} INFO - [2025-05-02T10:38:37.584+0000] {dag.py:2726} INFO - Sync 1 DAGs
[2025-05-02T10:38:38.041+0000] {logging_mixin.py:149} INFO - [2025-05-02T10:38:38.040+0000] {dag.py:3490} INFO - Setting next_dagrun for extract to 2025-05-02T00:00:00+00:00, run_after=2025-05-03T00:00:00+00:00
[2025-05-02T10:38:38.141+0000] {processor.py:178} INFO - Processing /opt/airflow/dags/extract.py took 1.680 seconds
[2025-05-02T10:39:08.801+0000] {processor.py:156} INFO - Started process (PID=1825) to work on /opt/airflow/dags/extract.py
[2025-05-02T10:39:08.803+0000] {processor.py:799} INFO - Processing file /opt/airflow/dags/extract.py for tasks to queue
[2025-05-02T10:39:08.806+0000] {logging_mixin.py:149} INFO - [2025-05-02T10:39:08.805+0000] {dagbag.py:541} INFO - Filling up the DagBag from /opt/airflow/dags/extract.py
[2025-05-02T10:39:10.313+0000] {processor.py:809} INFO - DAG(s) dict_keys(['extract']) retrieved from /opt/airflow/dags/extract.py
[2025-05-02T10:39:10.396+0000] {logging_mixin.py:149} INFO - [2025-05-02T10:39:10.392+0000] {dag.py:2726} INFO - Sync 1 DAGs
[2025-05-02T10:39:10.854+0000] {logging_mixin.py:149} INFO - [2025-05-02T10:39:10.854+0000] {dag.py:3490} INFO - Setting next_dagrun for extract to 2025-05-02T00:00:00+00:00, run_after=2025-05-03T00:00:00+00:00
[2025-05-02T10:39:10.943+0000] {processor.py:178} INFO - Processing /opt/airflow/dags/extract.py took 2.156 seconds
[2025-05-02T10:39:41.403+0000] {processor.py:156} INFO - Started process (PID=1859) to work on /opt/airflow/dags/extract.py
[2025-05-02T10:39:41.407+0000] {processor.py:799} INFO - Processing file /opt/airflow/dags/extract.py for tasks to queue
[2025-05-02T10:39:41.409+0000] {logging_mixin.py:149} INFO - [2025-05-02T10:39:41.409+0000] {dagbag.py:541} INFO - Filling up the DagBag from /opt/airflow/dags/extract.py
[2025-05-02T10:39:42.498+0000] {processor.py:809} INFO - DAG(s) dict_keys(['extract']) retrieved from /opt/airflow/dags/extract.py
[2025-05-02T10:39:42.816+0000] {logging_mixin.py:149} INFO - [2025-05-02T10:39:42.815+0000] {dag.py:2726} INFO - Sync 1 DAGs
[2025-05-02T10:39:42.867+0000] {logging_mixin.py:149} INFO - [2025-05-02T10:39:42.867+0000] {dag.py:3490} INFO - Setting next_dagrun for extract to 2025-05-02T00:00:00+00:00, run_after=2025-05-03T00:00:00+00:00
[2025-05-02T10:39:42.924+0000] {processor.py:178} INFO - Processing /opt/airflow/dags/extract.py took 1.528 seconds
[2025-05-02T10:40:13.428+0000] {processor.py:156} INFO - Started process (PID=1893) to work on /opt/airflow/dags/extract.py
[2025-05-02T10:40:13.431+0000] {processor.py:799} INFO - Processing file /opt/airflow/dags/extract.py for tasks to queue
[2025-05-02T10:40:13.433+0000] {logging_mixin.py:149} INFO - [2025-05-02T10:40:13.433+0000] {dagbag.py:541} INFO - Filling up the DagBag from /opt/airflow/dags/extract.py
[2025-05-02T10:40:14.457+0000] {processor.py:809} INFO - DAG(s) dict_keys(['extract']) retrieved from /opt/airflow/dags/extract.py
[2025-05-02T10:40:14.534+0000] {logging_mixin.py:149} INFO - [2025-05-02T10:40:14.533+0000] {dag.py:2726} INFO - Sync 1 DAGs
[2025-05-02T10:40:15.097+0000] {logging_mixin.py:149} INFO - [2025-05-02T10:40:15.097+0000] {dag.py:3490} INFO - Setting next_dagrun for extract to 2025-05-02T00:00:00+00:00, run_after=2025-05-03T00:00:00+00:00
[2025-05-02T10:40:15.152+0000] {processor.py:178} INFO - Processing /opt/airflow/dags/extract.py took 1.732 seconds
[2025-05-02T10:40:45.444+0000] {processor.py:156} INFO - Started process (PID=1927) to work on /opt/airflow/dags/extract.py
[2025-05-02T10:40:45.447+0000] {processor.py:799} INFO - Processing file /opt/airflow/dags/extract.py for tasks to queue
[2025-05-02T10:40:45.449+0000] {logging_mixin.py:149} INFO - [2025-05-02T10:40:45.449+0000] {dagbag.py:541} INFO - Filling up the DagBag from /opt/airflow/dags/extract.py
[2025-05-02T10:40:46.417+0000] {processor.py:809} INFO - DAG(s) dict_keys(['extract']) retrieved from /opt/airflow/dags/extract.py
[2025-05-02T10:40:46.507+0000] {logging_mixin.py:149} INFO - [2025-05-02T10:40:46.500+0000] {dag.py:2726} INFO - Sync 1 DAGs
[2025-05-02T10:40:46.921+0000] {logging_mixin.py:149} INFO - [2025-05-02T10:40:46.921+0000] {dag.py:3490} INFO - Setting next_dagrun for extract to 2025-05-02T00:00:00+00:00, run_after=2025-05-03T00:00:00+00:00
[2025-05-02T10:40:47.057+0000] {processor.py:178} INFO - Processing /opt/airflow/dags/extract.py took 1.640 seconds
[2025-05-02T10:41:17.548+0000] {processor.py:156} INFO - Started process (PID=1961) to work on /opt/airflow/dags/extract.py
[2025-05-02T10:41:17.551+0000] {processor.py:799} INFO - Processing file /opt/airflow/dags/extract.py for tasks to queue
[2025-05-02T10:41:17.554+0000] {logging_mixin.py:149} INFO - [2025-05-02T10:41:17.553+0000] {dagbag.py:541} INFO - Filling up the DagBag from /opt/airflow/dags/extract.py
[2025-05-02T10:41:18.521+0000] {processor.py:809} INFO - DAG(s) dict_keys(['extract']) retrieved from /opt/airflow/dags/extract.py
[2025-05-02T10:41:18.893+0000] {logging_mixin.py:149} INFO - [2025-05-02T10:41:18.892+0000] {dag.py:2726} INFO - Sync 1 DAGs
[2025-05-02T10:41:18.945+0000] {logging_mixin.py:149} INFO - [2025-05-02T10:41:18.945+0000] {dag.py:3490} INFO - Setting next_dagrun for extract to 2025-05-02T00:00:00+00:00, run_after=2025-05-03T00:00:00+00:00
[2025-05-02T10:41:19.065+0000] {processor.py:178} INFO - Processing /opt/airflow/dags/extract.py took 1.526 seconds
[2025-05-02T10:41:49.542+0000] {processor.py:156} INFO - Started process (PID=1995) to work on /opt/airflow/dags/extract.py
[2025-05-02T10:41:49.546+0000] {processor.py:799} INFO - Processing file /opt/airflow/dags/extract.py for tasks to queue
[2025-05-02T10:41:49.549+0000] {logging_mixin.py:149} INFO - [2025-05-02T10:41:49.548+0000] {dagbag.py:541} INFO - Filling up the DagBag from /opt/airflow/dags/extract.py
[2025-05-02T10:41:50.669+0000] {processor.py:809} INFO - DAG(s) dict_keys(['extract']) retrieved from /opt/airflow/dags/extract.py
[2025-05-02T10:41:50.760+0000] {logging_mixin.py:149} INFO - [2025-05-02T10:41:50.759+0000] {dag.py:2726} INFO - Sync 1 DAGs
[2025-05-02T10:41:51.154+0000] {logging_mixin.py:149} INFO - [2025-05-02T10:41:51.154+0000] {dag.py:3490} INFO - Setting next_dagrun for extract to 2025-05-02T00:00:00+00:00, run_after=2025-05-03T00:00:00+00:00
[2025-05-02T10:41:51.212+0000] {processor.py:178} INFO - Processing /opt/airflow/dags/extract.py took 1.682 seconds
[2025-05-02T10:42:21.813+0000] {processor.py:156} INFO - Started process (PID=2029) to work on /opt/airflow/dags/extract.py
[2025-05-02T10:42:21.815+0000] {processor.py:799} INFO - Processing file /opt/airflow/dags/extract.py for tasks to queue
[2025-05-02T10:42:21.818+0000] {logging_mixin.py:149} INFO - [2025-05-02T10:42:21.817+0000] {dagbag.py:541} INFO - Filling up the DagBag from /opt/airflow/dags/extract.py
[2025-05-02T10:42:22.818+0000] {processor.py:809} INFO - DAG(s) dict_keys(['extract']) retrieved from /opt/airflow/dags/extract.py
[2025-05-02T10:42:22.930+0000] {logging_mixin.py:149} INFO - [2025-05-02T10:42:22.926+0000] {dag.py:2726} INFO - Sync 1 DAGs
[2025-05-02T10:42:23.247+0000] {logging_mixin.py:149} INFO - [2025-05-02T10:42:23.247+0000] {dag.py:3490} INFO - Setting next_dagrun for extract to 2025-05-02T00:00:00+00:00, run_after=2025-05-03T00:00:00+00:00
[2025-05-02T10:42:23.302+0000] {processor.py:178} INFO - Processing /opt/airflow/dags/extract.py took 1.498 seconds
[2025-05-02T10:42:53.798+0000] {processor.py:156} INFO - Started process (PID=2063) to work on /opt/airflow/dags/extract.py
[2025-05-02T10:42:53.802+0000] {processor.py:799} INFO - Processing file /opt/airflow/dags/extract.py for tasks to queue
[2025-05-02T10:42:53.806+0000] {logging_mixin.py:149} INFO - [2025-05-02T10:42:53.805+0000] {dagbag.py:541} INFO - Filling up the DagBag from /opt/airflow/dags/extract.py
[2025-05-02T10:42:54.777+0000] {processor.py:809} INFO - DAG(s) dict_keys(['extract']) retrieved from /opt/airflow/dags/extract.py
[2025-05-02T10:42:55.140+0000] {logging_mixin.py:149} INFO - [2025-05-02T10:42:55.137+0000] {dag.py:2726} INFO - Sync 1 DAGs
[2025-05-02T10:42:55.199+0000] {logging_mixin.py:149} INFO - [2025-05-02T10:42:55.199+0000] {dag.py:3490} INFO - Setting next_dagrun for extract to 2025-05-02T00:00:00+00:00, run_after=2025-05-03T00:00:00+00:00
[2025-05-02T10:42:55.266+0000] {processor.py:178} INFO - Processing /opt/airflow/dags/extract.py took 1.493 seconds
[2025-05-02T10:43:25.752+0000] {processor.py:156} INFO - Started process (PID=2097) to work on /opt/airflow/dags/extract.py
[2025-05-02T10:43:25.755+0000] {processor.py:799} INFO - Processing file /opt/airflow/dags/extract.py for tasks to queue
[2025-05-02T10:43:25.758+0000] {logging_mixin.py:149} INFO - [2025-05-02T10:43:25.757+0000] {dagbag.py:541} INFO - Filling up the DagBag from /opt/airflow/dags/extract.py
[2025-05-02T10:43:26.779+0000] {processor.py:809} INFO - DAG(s) dict_keys(['extract']) retrieved from /opt/airflow/dags/extract.py
[2025-05-02T10:43:26.854+0000] {logging_mixin.py:149} INFO - [2025-05-02T10:43:26.853+0000] {dag.py:2726} INFO - Sync 1 DAGs
[2025-05-02T10:43:27.305+0000] {logging_mixin.py:149} INFO - [2025-05-02T10:43:27.305+0000] {dag.py:3490} INFO - Setting next_dagrun for extract to 2025-05-02T00:00:00+00:00, run_after=2025-05-03T00:00:00+00:00
[2025-05-02T10:43:27.387+0000] {processor.py:178} INFO - Processing /opt/airflow/dags/extract.py took 1.643 seconds
[2025-05-02T10:43:57.908+0000] {processor.py:156} INFO - Started process (PID=2131) to work on /opt/airflow/dags/extract.py
[2025-05-02T10:43:57.910+0000] {processor.py:799} INFO - Processing file /opt/airflow/dags/extract.py for tasks to queue
[2025-05-02T10:43:57.913+0000] {logging_mixin.py:149} INFO - [2025-05-02T10:43:57.913+0000] {dagbag.py:541} INFO - Filling up the DagBag from /opt/airflow/dags/extract.py
[2025-05-02T10:43:58.970+0000] {processor.py:809} INFO - DAG(s) dict_keys(['extract']) retrieved from /opt/airflow/dags/extract.py
[2025-05-02T10:43:59.051+0000] {logging_mixin.py:149} INFO - [2025-05-02T10:43:59.043+0000] {dag.py:2726} INFO - Sync 1 DAGs
[2025-05-02T10:43:59.418+0000] {logging_mixin.py:149} INFO - [2025-05-02T10:43:59.418+0000] {dag.py:3490} INFO - Setting next_dagrun for extract to 2025-05-02T00:00:00+00:00, run_after=2025-05-03T00:00:00+00:00
[2025-05-02T10:43:59.488+0000] {processor.py:178} INFO - Processing /opt/airflow/dags/extract.py took 1.589 seconds
[2025-05-02T10:44:30.073+0000] {processor.py:156} INFO - Started process (PID=2165) to work on /opt/airflow/dags/extract.py
[2025-05-02T10:44:30.078+0000] {processor.py:799} INFO - Processing file /opt/airflow/dags/extract.py for tasks to queue
[2025-05-02T10:44:30.084+0000] {logging_mixin.py:149} INFO - [2025-05-02T10:44:30.084+0000] {dagbag.py:541} INFO - Filling up the DagBag from /opt/airflow/dags/extract.py
[2025-05-02T10:44:31.063+0000] {processor.py:809} INFO - DAG(s) dict_keys(['extract']) retrieved from /opt/airflow/dags/extract.py
[2025-05-02T10:44:31.425+0000] {logging_mixin.py:149} INFO - [2025-05-02T10:44:31.424+0000] {dag.py:2726} INFO - Sync 1 DAGs
[2025-05-02T10:44:31.510+0000] {logging_mixin.py:149} INFO - [2025-05-02T10:44:31.510+0000] {dag.py:3490} INFO - Setting next_dagrun for extract to 2025-05-02T00:00:00+00:00, run_after=2025-05-03T00:00:00+00:00
[2025-05-02T10:44:31.574+0000] {processor.py:178} INFO - Processing /opt/airflow/dags/extract.py took 1.513 seconds
[2025-05-02T10:45:02.076+0000] {processor.py:156} INFO - Started process (PID=2199) to work on /opt/airflow/dags/extract.py
[2025-05-02T10:45:02.088+0000] {processor.py:799} INFO - Processing file /opt/airflow/dags/extract.py for tasks to queue
[2025-05-02T10:45:02.098+0000] {logging_mixin.py:149} INFO - [2025-05-02T10:45:02.097+0000] {dagbag.py:541} INFO - Filling up the DagBag from /opt/airflow/dags/extract.py
[2025-05-02T10:45:03.029+0000] {processor.py:809} INFO - DAG(s) dict_keys(['extract']) retrieved from /opt/airflow/dags/extract.py
[2025-05-02T10:45:03.100+0000] {logging_mixin.py:149} INFO - [2025-05-02T10:45:03.099+0000] {dag.py:2726} INFO - Sync 1 DAGs
[2025-05-02T10:45:03.566+0000] {logging_mixin.py:149} INFO - [2025-05-02T10:45:03.566+0000] {dag.py:3490} INFO - Setting next_dagrun for extract to 2025-05-02T00:00:00+00:00, run_after=2025-05-03T00:00:00+00:00
[2025-05-02T10:45:03.664+0000] {processor.py:178} INFO - Processing /opt/airflow/dags/extract.py took 1.600 seconds
[2025-05-02T10:45:32.341+0000] {processor.py:156} INFO - Started process (PID=2233) to work on /opt/airflow/dags/extract.py
[2025-05-02T10:45:32.351+0000] {processor.py:799} INFO - Processing file /opt/airflow/dags/extract.py for tasks to queue
[2025-05-02T10:45:32.354+0000] {logging_mixin.py:149} INFO - [2025-05-02T10:45:32.354+0000] {dagbag.py:541} INFO - Filling up the DagBag from /opt/airflow/dags/extract.py
[2025-05-02T10:45:33.419+0000] {processor.py:809} INFO - DAG(s) dict_keys(['extract']) retrieved from /opt/airflow/dags/extract.py
[2025-05-02T10:45:33.907+0000] {logging_mixin.py:149} INFO - [2025-05-02T10:45:33.906+0000] {dag.py:2726} INFO - Sync 1 DAGs
[2025-05-02T10:45:33.956+0000] {logging_mixin.py:149} INFO - [2025-05-02T10:45:33.956+0000] {dag.py:3490} INFO - Setting next_dagrun for extract to 2025-05-02T00:00:00+00:00, run_after=2025-05-03T00:00:00+00:00
[2025-05-02T10:45:34.050+0000] {processor.py:178} INFO - Processing /opt/airflow/dags/extract.py took 1.715 seconds
[2025-05-02T10:45:52.734+0000] {processor.py:156} INFO - Started process (PID=2267) to work on /opt/airflow/dags/extract.py
[2025-05-02T10:45:52.736+0000] {processor.py:799} INFO - Processing file /opt/airflow/dags/extract.py for tasks to queue
[2025-05-02T10:45:52.738+0000] {logging_mixin.py:149} INFO - [2025-05-02T10:45:52.737+0000] {dagbag.py:541} INFO - Filling up the DagBag from /opt/airflow/dags/extract.py
[2025-05-02T10:45:53.665+0000] {processor.py:809} INFO - DAG(s) dict_keys(['extract']) retrieved from /opt/airflow/dags/extract.py
[2025-05-02T10:45:53.762+0000] {logging_mixin.py:149} INFO - [2025-05-02T10:45:53.759+0000] {dag.py:2726} INFO - Sync 1 DAGs
[2025-05-02T10:45:54.044+0000] {logging_mixin.py:149} INFO - [2025-05-02T10:45:54.044+0000] {dag.py:3490} INFO - Setting next_dagrun for extract to 2025-05-02T00:00:00+00:00, run_after=2025-05-03T00:00:00+00:00
[2025-05-02T10:45:54.118+0000] {processor.py:178} INFO - Processing /opt/airflow/dags/extract.py took 1.390 seconds
[2025-05-02T10:47:50.199+0000] {processor.py:156} INFO - Started process (PID=162) to work on /opt/airflow/dags/extract.py
[2025-05-02T10:47:50.204+0000] {processor.py:799} INFO - Processing file /opt/airflow/dags/extract.py for tasks to queue
[2025-05-02T10:47:50.206+0000] {logging_mixin.py:149} INFO - [2025-05-02T10:47:50.206+0000] {dagbag.py:541} INFO - Filling up the DagBag from /opt/airflow/dags/extract.py
[2025-05-02T10:47:54.359+0000] {processor.py:809} INFO - DAG(s) dict_keys(['extract']) retrieved from /opt/airflow/dags/extract.py
[2025-05-02T10:47:54.531+0000] {logging_mixin.py:149} INFO - [2025-05-02T10:47:54.530+0000] {dag.py:2726} INFO - Sync 1 DAGs
[2025-05-02T10:47:54.600+0000] {logging_mixin.py:149} INFO - [2025-05-02T10:47:54.599+0000] {dag.py:3490} INFO - Setting next_dagrun for extract to 2025-05-02T00:00:00+00:00, run_after=2025-05-03T00:00:00+00:00
[2025-05-02T10:47:54.670+0000] {processor.py:178} INFO - Processing /opt/airflow/dags/extract.py took 4.479 seconds
[2025-05-02T10:48:25.120+0000] {processor.py:156} INFO - Started process (PID=197) to work on /opt/airflow/dags/extract.py
[2025-05-02T10:48:25.128+0000] {processor.py:799} INFO - Processing file /opt/airflow/dags/extract.py for tasks to queue
[2025-05-02T10:48:25.130+0000] {logging_mixin.py:149} INFO - [2025-05-02T10:48:25.130+0000] {dagbag.py:541} INFO - Filling up the DagBag from /opt/airflow/dags/extract.py
[2025-05-02T10:48:28.394+0000] {processor.py:809} INFO - DAG(s) dict_keys(['extract']) retrieved from /opt/airflow/dags/extract.py
[2025-05-02T10:48:28.553+0000] {logging_mixin.py:149} INFO - [2025-05-02T10:48:28.552+0000] {dag.py:2726} INFO - Sync 1 DAGs
[2025-05-02T10:48:28.636+0000] {logging_mixin.py:149} INFO - [2025-05-02T10:48:28.636+0000] {dag.py:3490} INFO - Setting next_dagrun for extract to 2025-05-02T00:00:00+00:00, run_after=2025-05-03T00:00:00+00:00
[2025-05-02T10:48:28.701+0000] {processor.py:178} INFO - Processing /opt/airflow/dags/extract.py took 3.604 seconds
[2025-05-02T10:48:59.237+0000] {processor.py:156} INFO - Started process (PID=231) to work on /opt/airflow/dags/extract.py
[2025-05-02T10:48:59.241+0000] {processor.py:799} INFO - Processing file /opt/airflow/dags/extract.py for tasks to queue
[2025-05-02T10:48:59.243+0000] {logging_mixin.py:149} INFO - [2025-05-02T10:48:59.242+0000] {dagbag.py:541} INFO - Filling up the DagBag from /opt/airflow/dags/extract.py
[2025-05-02T10:49:04.749+0000] {processor.py:809} INFO - DAG(s) dict_keys(['extract']) retrieved from /opt/airflow/dags/extract.py
[2025-05-02T10:49:05.057+0000] {logging_mixin.py:149} INFO - [2025-05-02T10:49:05.052+0000] {dag.py:2726} INFO - Sync 1 DAGs
[2025-05-02T10:49:05.265+0000] {logging_mixin.py:149} INFO - [2025-05-02T10:49:05.264+0000] {dag.py:3490} INFO - Setting next_dagrun for extract to 2025-05-02T00:00:00+00:00, run_after=2025-05-03T00:00:00+00:00
[2025-05-02T10:49:05.383+0000] {processor.py:178} INFO - Processing /opt/airflow/dags/extract.py took 6.188 seconds
[2025-05-02T10:49:35.755+0000] {processor.py:156} INFO - Started process (PID=265) to work on /opt/airflow/dags/extract.py
[2025-05-02T10:49:35.760+0000] {processor.py:799} INFO - Processing file /opt/airflow/dags/extract.py for tasks to queue
[2025-05-02T10:49:35.768+0000] {logging_mixin.py:149} INFO - [2025-05-02T10:49:35.768+0000] {dagbag.py:541} INFO - Filling up the DagBag from /opt/airflow/dags/extract.py
[2025-05-02T10:49:37.483+0000] {processor.py:809} INFO - DAG(s) dict_keys(['extract']) retrieved from /opt/airflow/dags/extract.py
[2025-05-02T10:49:37.572+0000] {logging_mixin.py:149} INFO - [2025-05-02T10:49:37.570+0000] {dag.py:2726} INFO - Sync 1 DAGs
[2025-05-02T10:49:37.652+0000] {logging_mixin.py:149} INFO - [2025-05-02T10:49:37.652+0000] {dag.py:3490} INFO - Setting next_dagrun for extract to 2025-05-02T00:00:00+00:00, run_after=2025-05-03T00:00:00+00:00
[2025-05-02T10:49:37.724+0000] {processor.py:178} INFO - Processing /opt/airflow/dags/extract.py took 1.979 seconds
[2025-05-02T10:50:08.267+0000] {processor.py:156} INFO - Started process (PID=299) to work on /opt/airflow/dags/extract.py
[2025-05-02T10:50:08.270+0000] {processor.py:799} INFO - Processing file /opt/airflow/dags/extract.py for tasks to queue
[2025-05-02T10:50:08.272+0000] {logging_mixin.py:149} INFO - [2025-05-02T10:50:08.271+0000] {dagbag.py:541} INFO - Filling up the DagBag from /opt/airflow/dags/extract.py
[2025-05-02T10:50:10.207+0000] {processor.py:809} INFO - DAG(s) dict_keys(['extract']) retrieved from /opt/airflow/dags/extract.py
[2025-05-02T10:50:10.290+0000] {logging_mixin.py:149} INFO - [2025-05-02T10:50:10.288+0000] {dag.py:2726} INFO - Sync 1 DAGs
[2025-05-02T10:50:10.377+0000] {logging_mixin.py:149} INFO - [2025-05-02T10:50:10.377+0000] {dag.py:3490} INFO - Setting next_dagrun for extract to 2025-05-02T00:00:00+00:00, run_after=2025-05-03T00:00:00+00:00
[2025-05-02T10:50:10.450+0000] {processor.py:178} INFO - Processing /opt/airflow/dags/extract.py took 2.190 seconds
[2025-05-02T10:50:40.952+0000] {processor.py:156} INFO - Started process (PID=333) to work on /opt/airflow/dags/extract.py
[2025-05-02T10:50:40.957+0000] {processor.py:799} INFO - Processing file /opt/airflow/dags/extract.py for tasks to queue
[2025-05-02T10:50:40.969+0000] {logging_mixin.py:149} INFO - [2025-05-02T10:50:40.968+0000] {dagbag.py:541} INFO - Filling up the DagBag from /opt/airflow/dags/extract.py
[2025-05-02T10:50:42.021+0000] {processor.py:809} INFO - DAG(s) dict_keys(['extract']) retrieved from /opt/airflow/dags/extract.py
[2025-05-02T10:50:42.081+0000] {logging_mixin.py:149} INFO - [2025-05-02T10:50:42.080+0000] {dag.py:2726} INFO - Sync 1 DAGs
[2025-05-02T10:50:42.144+0000] {logging_mixin.py:149} INFO - [2025-05-02T10:50:42.144+0000] {dag.py:3490} INFO - Setting next_dagrun for extract to 2025-05-02T00:00:00+00:00, run_after=2025-05-03T00:00:00+00:00
[2025-05-02T10:50:42.206+0000] {processor.py:178} INFO - Processing /opt/airflow/dags/extract.py took 1.275 seconds
[2025-05-02T10:51:12.724+0000] {processor.py:156} INFO - Started process (PID=367) to work on /opt/airflow/dags/extract.py
[2025-05-02T10:51:12.728+0000] {processor.py:799} INFO - Processing file /opt/airflow/dags/extract.py for tasks to queue
[2025-05-02T10:51:12.741+0000] {logging_mixin.py:149} INFO - [2025-05-02T10:51:12.740+0000] {dagbag.py:541} INFO - Filling up the DagBag from /opt/airflow/dags/extract.py
[2025-05-02T10:51:13.676+0000] {processor.py:809} INFO - DAG(s) dict_keys(['extract']) retrieved from /opt/airflow/dags/extract.py
[2025-05-02T10:51:13.814+0000] {logging_mixin.py:149} INFO - [2025-05-02T10:51:13.812+0000] {dag.py:2726} INFO - Sync 1 DAGs
[2025-05-02T10:51:13.890+0000] {logging_mixin.py:149} INFO - [2025-05-02T10:51:13.889+0000] {dag.py:3490} INFO - Setting next_dagrun for extract to 2025-05-02T00:00:00+00:00, run_after=2025-05-03T00:00:00+00:00
[2025-05-02T10:51:13.964+0000] {processor.py:178} INFO - Processing /opt/airflow/dags/extract.py took 1.255 seconds
[2025-05-02T10:51:44.243+0000] {processor.py:156} INFO - Started process (PID=402) to work on /opt/airflow/dags/extract.py
[2025-05-02T10:51:44.246+0000] {processor.py:799} INFO - Processing file /opt/airflow/dags/extract.py for tasks to queue
[2025-05-02T10:51:44.251+0000] {logging_mixin.py:149} INFO - [2025-05-02T10:51:44.250+0000] {dagbag.py:541} INFO - Filling up the DagBag from /opt/airflow/dags/extract.py
[2025-05-02T10:51:50.058+0000] {processor.py:809} INFO - DAG(s) dict_keys(['extract']) retrieved from /opt/airflow/dags/extract.py
[2025-05-02T10:51:50.652+0000] {logging_mixin.py:149} INFO - [2025-05-02T10:51:50.650+0000] {dag.py:2726} INFO - Sync 1 DAGs
[2025-05-02T10:51:50.833+0000] {logging_mixin.py:149} INFO - [2025-05-02T10:51:50.832+0000] {dag.py:3490} INFO - Setting next_dagrun for extract to 2025-05-02T00:00:00+00:00, run_after=2025-05-03T00:00:00+00:00
[2025-05-02T10:51:50.932+0000] {processor.py:178} INFO - Processing /opt/airflow/dags/extract.py took 6.731 seconds
[2025-05-02T10:52:21.455+0000] {processor.py:156} INFO - Started process (PID=477) to work on /opt/airflow/dags/extract.py
[2025-05-02T10:52:21.459+0000] {processor.py:799} INFO - Processing file /opt/airflow/dags/extract.py for tasks to queue
[2025-05-02T10:52:21.461+0000] {logging_mixin.py:149} INFO - [2025-05-02T10:52:21.461+0000] {dagbag.py:541} INFO - Filling up the DagBag from /opt/airflow/dags/extract.py
[2025-05-02T10:52:22.382+0000] {processor.py:809} INFO - DAG(s) dict_keys(['extract']) retrieved from /opt/airflow/dags/extract.py
[2025-05-02T10:52:22.455+0000] {logging_mixin.py:149} INFO - [2025-05-02T10:52:22.453+0000] {dag.py:2726} INFO - Sync 1 DAGs
[2025-05-02T10:52:22.516+0000] {logging_mixin.py:149} INFO - [2025-05-02T10:52:22.516+0000] {dag.py:3490} INFO - Setting next_dagrun for extract to 2025-05-02T00:00:00+00:00, run_after=2025-05-03T00:00:00+00:00
[2025-05-02T10:52:22.575+0000] {processor.py:178} INFO - Processing /opt/airflow/dags/extract.py took 1.130 seconds
[2025-05-02T10:52:53.064+0000] {processor.py:156} INFO - Started process (PID=511) to work on /opt/airflow/dags/extract.py
[2025-05-02T10:52:53.068+0000] {processor.py:799} INFO - Processing file /opt/airflow/dags/extract.py for tasks to queue
[2025-05-02T10:52:53.070+0000] {logging_mixin.py:149} INFO - [2025-05-02T10:52:53.070+0000] {dagbag.py:541} INFO - Filling up the DagBag from /opt/airflow/dags/extract.py
[2025-05-02T10:52:54.004+0000] {processor.py:809} INFO - DAG(s) dict_keys(['extract']) retrieved from /opt/airflow/dags/extract.py
[2025-05-02T10:52:54.086+0000] {logging_mixin.py:149} INFO - [2025-05-02T10:52:54.085+0000] {dag.py:2726} INFO - Sync 1 DAGs
[2025-05-02T10:52:54.180+0000] {logging_mixin.py:149} INFO - [2025-05-02T10:52:54.179+0000] {dag.py:3490} INFO - Setting next_dagrun for extract to 2025-05-02T00:00:00+00:00, run_after=2025-05-03T00:00:00+00:00
[2025-05-02T10:52:54.277+0000] {processor.py:178} INFO - Processing /opt/airflow/dags/extract.py took 1.222 seconds
[2025-05-02T10:53:24.749+0000] {processor.py:156} INFO - Started process (PID=545) to work on /opt/airflow/dags/extract.py
[2025-05-02T10:53:24.752+0000] {processor.py:799} INFO - Processing file /opt/airflow/dags/extract.py for tasks to queue
[2025-05-02T10:53:24.754+0000] {logging_mixin.py:149} INFO - [2025-05-02T10:53:24.754+0000] {dagbag.py:541} INFO - Filling up the DagBag from /opt/airflow/dags/extract.py
[2025-05-02T10:53:26.923+0000] {processor.py:809} INFO - DAG(s) dict_keys(['extract']) retrieved from /opt/airflow/dags/extract.py
[2025-05-02T10:53:27.029+0000] {logging_mixin.py:149} INFO - [2025-05-02T10:53:27.028+0000] {dag.py:2726} INFO - Sync 1 DAGs
[2025-05-02T10:53:27.153+0000] {logging_mixin.py:149} INFO - [2025-05-02T10:53:27.152+0000] {dag.py:3490} INFO - Setting next_dagrun for extract to 2025-05-02T00:00:00+00:00, run_after=2025-05-03T00:00:00+00:00
[2025-05-02T10:53:27.235+0000] {processor.py:178} INFO - Processing /opt/airflow/dags/extract.py took 2.495 seconds
[2025-05-02T10:53:57.681+0000] {processor.py:156} INFO - Started process (PID=579) to work on /opt/airflow/dags/extract.py
[2025-05-02T10:53:57.684+0000] {processor.py:799} INFO - Processing file /opt/airflow/dags/extract.py for tasks to queue
[2025-05-02T10:53:57.686+0000] {logging_mixin.py:149} INFO - [2025-05-02T10:53:57.685+0000] {dagbag.py:541} INFO - Filling up the DagBag from /opt/airflow/dags/extract.py
[2025-05-02T10:53:59.190+0000] {processor.py:809} INFO - DAG(s) dict_keys(['extract']) retrieved from /opt/airflow/dags/extract.py
[2025-05-02T10:53:59.302+0000] {logging_mixin.py:149} INFO - [2025-05-02T10:53:59.300+0000] {dag.py:2726} INFO - Sync 1 DAGs
[2025-05-02T10:53:59.399+0000] {logging_mixin.py:149} INFO - [2025-05-02T10:53:59.398+0000] {dag.py:3490} INFO - Setting next_dagrun for extract to 2025-05-02T00:00:00+00:00, run_after=2025-05-03T00:00:00+00:00
[2025-05-02T10:53:59.470+0000] {processor.py:178} INFO - Processing /opt/airflow/dags/extract.py took 1.807 seconds
[2025-05-02T10:54:29.971+0000] {processor.py:156} INFO - Started process (PID=613) to work on /opt/airflow/dags/extract.py
[2025-05-02T10:54:29.985+0000] {processor.py:799} INFO - Processing file /opt/airflow/dags/extract.py for tasks to queue
[2025-05-02T10:54:29.989+0000] {logging_mixin.py:149} INFO - [2025-05-02T10:54:29.988+0000] {dagbag.py:541} INFO - Filling up the DagBag from /opt/airflow/dags/extract.py
[2025-05-02T10:54:31.047+0000] {processor.py:809} INFO - DAG(s) dict_keys(['extract']) retrieved from /opt/airflow/dags/extract.py
[2025-05-02T10:54:31.127+0000] {logging_mixin.py:149} INFO - [2025-05-02T10:54:31.125+0000] {dag.py:2726} INFO - Sync 1 DAGs
[2025-05-02T10:54:31.310+0000] {logging_mixin.py:149} INFO - [2025-05-02T10:54:31.309+0000] {dag.py:3490} INFO - Setting next_dagrun for extract to 2025-05-02T00:00:00+00:00, run_after=2025-05-03T00:00:00+00:00
[2025-05-02T10:54:31.395+0000] {processor.py:178} INFO - Processing /opt/airflow/dags/extract.py took 1.441 seconds
[2025-05-02T10:55:01.883+0000] {processor.py:156} INFO - Started process (PID=647) to work on /opt/airflow/dags/extract.py
[2025-05-02T10:55:01.886+0000] {processor.py:799} INFO - Processing file /opt/airflow/dags/extract.py for tasks to queue
[2025-05-02T10:55:01.888+0000] {logging_mixin.py:149} INFO - [2025-05-02T10:55:01.888+0000] {dagbag.py:541} INFO - Filling up the DagBag from /opt/airflow/dags/extract.py
[2025-05-02T10:55:02.898+0000] {processor.py:809} INFO - DAG(s) dict_keys(['extract']) retrieved from /opt/airflow/dags/extract.py
[2025-05-02T10:55:02.974+0000] {logging_mixin.py:149} INFO - [2025-05-02T10:55:02.973+0000] {dag.py:2726} INFO - Sync 1 DAGs
[2025-05-02T10:55:03.047+0000] {logging_mixin.py:149} INFO - [2025-05-02T10:55:03.045+0000] {dag.py:3490} INFO - Setting next_dagrun for extract to 2025-05-02T00:00:00+00:00, run_after=2025-05-03T00:00:00+00:00
[2025-05-02T10:55:03.144+0000] {processor.py:178} INFO - Processing /opt/airflow/dags/extract.py took 1.271 seconds
[2025-05-02T10:55:33.624+0000] {processor.py:156} INFO - Started process (PID=681) to work on /opt/airflow/dags/extract.py
[2025-05-02T10:55:33.627+0000] {processor.py:799} INFO - Processing file /opt/airflow/dags/extract.py for tasks to queue
[2025-05-02T10:55:33.629+0000] {logging_mixin.py:149} INFO - [2025-05-02T10:55:33.629+0000] {dagbag.py:541} INFO - Filling up the DagBag from /opt/airflow/dags/extract.py
[2025-05-02T10:55:34.600+0000] {processor.py:809} INFO - DAG(s) dict_keys(['extract']) retrieved from /opt/airflow/dags/extract.py
[2025-05-02T10:55:34.752+0000] {logging_mixin.py:149} INFO - [2025-05-02T10:55:34.749+0000] {dag.py:2726} INFO - Sync 1 DAGs
[2025-05-02T10:55:34.847+0000] {logging_mixin.py:149} INFO - [2025-05-02T10:55:34.846+0000] {dag.py:3490} INFO - Setting next_dagrun for extract to 2025-05-02T00:00:00+00:00, run_after=2025-05-03T00:00:00+00:00
[2025-05-02T10:55:34.931+0000] {processor.py:178} INFO - Processing /opt/airflow/dags/extract.py took 1.321 seconds
[2025-05-02T10:56:05.448+0000] {processor.py:156} INFO - Started process (PID=715) to work on /opt/airflow/dags/extract.py
[2025-05-02T10:56:05.451+0000] {processor.py:799} INFO - Processing file /opt/airflow/dags/extract.py for tasks to queue
[2025-05-02T10:56:05.454+0000] {logging_mixin.py:149} INFO - [2025-05-02T10:56:05.453+0000] {dagbag.py:541} INFO - Filling up the DagBag from /opt/airflow/dags/extract.py
[2025-05-02T10:56:06.412+0000] {processor.py:809} INFO - DAG(s) dict_keys(['extract']) retrieved from /opt/airflow/dags/extract.py
[2025-05-02T10:56:06.548+0000] {logging_mixin.py:149} INFO - [2025-05-02T10:56:06.547+0000] {dag.py:2726} INFO - Sync 1 DAGs
[2025-05-02T10:56:06.620+0000] {logging_mixin.py:149} INFO - [2025-05-02T10:56:06.619+0000] {dag.py:3490} INFO - Setting next_dagrun for extract to 2025-05-02T00:00:00+00:00, run_after=2025-05-03T00:00:00+00:00
[2025-05-02T10:56:06.735+0000] {processor.py:178} INFO - Processing /opt/airflow/dags/extract.py took 1.296 seconds
[2025-05-02T10:56:37.199+0000] {processor.py:156} INFO - Started process (PID=749) to work on /opt/airflow/dags/extract.py
[2025-05-02T10:56:37.203+0000] {processor.py:799} INFO - Processing file /opt/airflow/dags/extract.py for tasks to queue
[2025-05-02T10:56:37.216+0000] {logging_mixin.py:149} INFO - [2025-05-02T10:56:37.214+0000] {dagbag.py:541} INFO - Filling up the DagBag from /opt/airflow/dags/extract.py
[2025-05-02T10:56:38.205+0000] {processor.py:809} INFO - DAG(s) dict_keys(['extract']) retrieved from /opt/airflow/dags/extract.py
[2025-05-02T10:56:38.265+0000] {logging_mixin.py:149} INFO - [2025-05-02T10:56:38.264+0000] {dag.py:2726} INFO - Sync 1 DAGs
[2025-05-02T10:56:39.579+0000] {logging_mixin.py:149} INFO - [2025-05-02T10:56:39.579+0000] {dag.py:3490} INFO - Setting next_dagrun for extract to 2025-05-02T00:00:00+00:00, run_after=2025-05-03T00:00:00+00:00
[2025-05-02T10:56:39.632+0000] {processor.py:178} INFO - Processing /opt/airflow/dags/extract.py took 2.448 seconds
[2025-05-02T10:57:09.979+0000] {processor.py:156} INFO - Started process (PID=812) to work on /opt/airflow/dags/extract.py
[2025-05-02T10:57:09.984+0000] {processor.py:799} INFO - Processing file /opt/airflow/dags/extract.py for tasks to queue
[2025-05-02T10:57:09.991+0000] {logging_mixin.py:149} INFO - [2025-05-02T10:57:09.990+0000] {dagbag.py:541} INFO - Filling up the DagBag from /opt/airflow/dags/extract.py
[2025-05-02T10:57:10.811+0000] {processor.py:809} INFO - DAG(s) dict_keys(['extract']) retrieved from /opt/airflow/dags/extract.py
[2025-05-02T10:57:10.878+0000] {logging_mixin.py:149} INFO - [2025-05-02T10:57:10.877+0000] {dag.py:2726} INFO - Sync 1 DAGs
[2025-05-02T10:57:10.938+0000] {logging_mixin.py:149} INFO - [2025-05-02T10:57:10.938+0000] {dag.py:3490} INFO - Setting next_dagrun for extract to 2025-05-02T00:00:00+00:00, run_after=2025-05-03T00:00:00+00:00
[2025-05-02T10:57:11.002+0000] {processor.py:178} INFO - Processing /opt/airflow/dags/extract.py took 1.046 seconds
[2025-05-02T10:57:41.472+0000] {processor.py:156} INFO - Started process (PID=846) to work on /opt/airflow/dags/extract.py
[2025-05-02T10:57:41.475+0000] {processor.py:799} INFO - Processing file /opt/airflow/dags/extract.py for tasks to queue
[2025-05-02T10:57:41.478+0000] {logging_mixin.py:149} INFO - [2025-05-02T10:57:41.478+0000] {dagbag.py:541} INFO - Filling up the DagBag from /opt/airflow/dags/extract.py
[2025-05-02T10:57:42.312+0000] {processor.py:809} INFO - DAG(s) dict_keys(['extract']) retrieved from /opt/airflow/dags/extract.py
[2025-05-02T10:57:42.380+0000] {logging_mixin.py:149} INFO - [2025-05-02T10:57:42.379+0000] {dag.py:2726} INFO - Sync 1 DAGs
[2025-05-02T10:57:42.424+0000] {logging_mixin.py:149} INFO - [2025-05-02T10:57:42.423+0000] {dag.py:3490} INFO - Setting next_dagrun for extract to 2025-05-02T00:00:00+00:00, run_after=2025-05-03T00:00:00+00:00
[2025-05-02T10:57:42.483+0000] {processor.py:178} INFO - Processing /opt/airflow/dags/extract.py took 1.020 seconds
[2025-05-02T10:58:12.927+0000] {processor.py:156} INFO - Started process (PID=880) to work on /opt/airflow/dags/extract.py
[2025-05-02T10:58:12.930+0000] {processor.py:799} INFO - Processing file /opt/airflow/dags/extract.py for tasks to queue
[2025-05-02T10:58:12.933+0000] {logging_mixin.py:149} INFO - [2025-05-02T10:58:12.933+0000] {dagbag.py:541} INFO - Filling up the DagBag from /opt/airflow/dags/extract.py
[2025-05-02T10:58:14.585+0000] {processor.py:809} INFO - DAG(s) dict_keys(['extract']) retrieved from /opt/airflow/dags/extract.py
[2025-05-02T10:58:14.785+0000] {logging_mixin.py:149} INFO - [2025-05-02T10:58:14.784+0000] {dag.py:2726} INFO - Sync 1 DAGs
[2025-05-02T10:58:15.376+0000] {logging_mixin.py:149} INFO - [2025-05-02T10:58:15.375+0000] {dag.py:3490} INFO - Setting next_dagrun for extract to 2025-05-02T00:00:00+00:00, run_after=2025-05-03T00:00:00+00:00
[2025-05-02T10:58:15.432+0000] {processor.py:178} INFO - Processing /opt/airflow/dags/extract.py took 2.515 seconds
[2025-05-02T10:58:45.801+0000] {processor.py:156} INFO - Started process (PID=914) to work on /opt/airflow/dags/extract.py
[2025-05-02T10:58:45.804+0000] {processor.py:799} INFO - Processing file /opt/airflow/dags/extract.py for tasks to queue
[2025-05-02T10:58:45.806+0000] {logging_mixin.py:149} INFO - [2025-05-02T10:58:45.806+0000] {dagbag.py:541} INFO - Filling up the DagBag from /opt/airflow/dags/extract.py
[2025-05-02T10:58:46.676+0000] {processor.py:809} INFO - DAG(s) dict_keys(['extract']) retrieved from /opt/airflow/dags/extract.py
[2025-05-02T10:58:46.803+0000] {logging_mixin.py:149} INFO - [2025-05-02T10:58:46.802+0000] {dag.py:2726} INFO - Sync 1 DAGs
[2025-05-02T10:58:46.860+0000] {logging_mixin.py:149} INFO - [2025-05-02T10:58:46.854+0000] {dag.py:3490} INFO - Setting next_dagrun for extract to 2025-05-02T00:00:00+00:00, run_after=2025-05-03T00:00:00+00:00
[2025-05-02T10:58:46.913+0000] {processor.py:178} INFO - Processing /opt/airflow/dags/extract.py took 1.119 seconds
[2025-05-02T10:59:17.476+0000] {processor.py:156} INFO - Started process (PID=948) to work on /opt/airflow/dags/extract.py
[2025-05-02T10:59:17.479+0000] {processor.py:799} INFO - Processing file /opt/airflow/dags/extract.py for tasks to queue
[2025-05-02T10:59:17.481+0000] {logging_mixin.py:149} INFO - [2025-05-02T10:59:17.481+0000] {dagbag.py:541} INFO - Filling up the DagBag from /opt/airflow/dags/extract.py
[2025-05-02T10:59:18.275+0000] {processor.py:809} INFO - DAG(s) dict_keys(['extract']) retrieved from /opt/airflow/dags/extract.py
[2025-05-02T10:59:18.386+0000] {logging_mixin.py:149} INFO - [2025-05-02T10:59:18.385+0000] {dag.py:2726} INFO - Sync 1 DAGs
[2025-05-02T10:59:18.431+0000] {logging_mixin.py:149} INFO - [2025-05-02T10:59:18.431+0000] {dag.py:3490} INFO - Setting next_dagrun for extract to 2025-05-02T00:00:00+00:00, run_after=2025-05-03T00:00:00+00:00
[2025-05-02T10:59:18.483+0000] {processor.py:178} INFO - Processing /opt/airflow/dags/extract.py took 1.014 seconds
[2025-05-02T10:59:48.921+0000] {processor.py:156} INFO - Started process (PID=982) to work on /opt/airflow/dags/extract.py
[2025-05-02T10:59:48.923+0000] {processor.py:799} INFO - Processing file /opt/airflow/dags/extract.py for tasks to queue
[2025-05-02T10:59:48.925+0000] {logging_mixin.py:149} INFO - [2025-05-02T10:59:48.924+0000] {dagbag.py:541} INFO - Filling up the DagBag from /opt/airflow/dags/extract.py
[2025-05-02T10:59:49.764+0000] {processor.py:809} INFO - DAG(s) dict_keys(['extract']) retrieved from /opt/airflow/dags/extract.py
[2025-05-02T10:59:49.844+0000] {logging_mixin.py:149} INFO - [2025-05-02T10:59:49.844+0000] {dag.py:2726} INFO - Sync 1 DAGs
[2025-05-02T10:59:50.124+0000] {logging_mixin.py:149} INFO - [2025-05-02T10:59:50.124+0000] {dag.py:3490} INFO - Setting next_dagrun for extract to 2025-05-02T00:00:00+00:00, run_after=2025-05-03T00:00:00+00:00
[2025-05-02T10:59:50.214+0000] {processor.py:178} INFO - Processing /opt/airflow/dags/extract.py took 1.301 seconds
[2025-05-02T11:00:20.445+0000] {processor.py:156} INFO - Started process (PID=1016) to work on /opt/airflow/dags/extract.py
[2025-05-02T11:00:20.449+0000] {processor.py:799} INFO - Processing file /opt/airflow/dags/extract.py for tasks to queue
[2025-05-02T11:00:20.452+0000] {logging_mixin.py:149} INFO - [2025-05-02T11:00:20.452+0000] {dagbag.py:541} INFO - Filling up the DagBag from /opt/airflow/dags/extract.py
[2025-05-02T11:00:21.263+0000] {processor.py:809} INFO - DAG(s) dict_keys(['extract']) retrieved from /opt/airflow/dags/extract.py
[2025-05-02T11:00:21.324+0000] {logging_mixin.py:149} INFO - [2025-05-02T11:00:21.323+0000] {dag.py:2726} INFO - Sync 1 DAGs
[2025-05-02T11:00:21.374+0000] {logging_mixin.py:149} INFO - [2025-05-02T11:00:21.373+0000] {dag.py:3490} INFO - Setting next_dagrun for extract to 2025-05-02T00:00:00+00:00, run_after=2025-05-03T00:00:00+00:00
[2025-05-02T11:00:21.434+0000] {processor.py:178} INFO - Processing /opt/airflow/dags/extract.py took 0.997 seconds
[2025-05-02T11:00:51.685+0000] {processor.py:156} INFO - Started process (PID=1035) to work on /opt/airflow/dags/extract.py
[2025-05-02T11:00:51.689+0000] {processor.py:799} INFO - Processing file /opt/airflow/dags/extract.py for tasks to queue
[2025-05-02T11:00:51.693+0000] {logging_mixin.py:149} INFO - [2025-05-02T11:00:51.692+0000] {dagbag.py:541} INFO - Filling up the DagBag from /opt/airflow/dags/extract.py
[2025-05-02T11:00:52.567+0000] {processor.py:809} INFO - DAG(s) dict_keys(['extract']) retrieved from /opt/airflow/dags/extract.py
[2025-05-02T11:00:52.657+0000] {logging_mixin.py:149} INFO - [2025-05-02T11:00:52.656+0000] {dag.py:2726} INFO - Sync 1 DAGs
[2025-05-02T11:00:52.738+0000] {logging_mixin.py:149} INFO - [2025-05-02T11:00:52.738+0000] {dag.py:3490} INFO - Setting next_dagrun for extract to 2025-05-02T00:00:00+00:00, run_after=2025-05-03T00:00:00+00:00
[2025-05-02T11:00:52.798+0000] {processor.py:178} INFO - Processing /opt/airflow/dags/extract.py took 1.123 seconds
[2025-05-02T11:01:23.123+0000] {processor.py:156} INFO - Started process (PID=1069) to work on /opt/airflow/dags/extract.py
[2025-05-02T11:01:23.125+0000] {processor.py:799} INFO - Processing file /opt/airflow/dags/extract.py for tasks to queue
[2025-05-02T11:01:23.128+0000] {logging_mixin.py:149} INFO - [2025-05-02T11:01:23.127+0000] {dagbag.py:541} INFO - Filling up the DagBag from /opt/airflow/dags/extract.py
[2025-05-02T11:01:24.057+0000] {processor.py:809} INFO - DAG(s) dict_keys(['extract']) retrieved from /opt/airflow/dags/extract.py
[2025-05-02T11:01:24.123+0000] {logging_mixin.py:149} INFO - [2025-05-02T11:01:24.122+0000] {dag.py:2726} INFO - Sync 1 DAGs
[2025-05-02T11:01:24.192+0000] {logging_mixin.py:149} INFO - [2025-05-02T11:01:24.192+0000] {dag.py:3490} INFO - Setting next_dagrun for extract to 2025-05-02T00:00:00+00:00, run_after=2025-05-03T00:00:00+00:00
[2025-05-02T11:01:25.055+0000] {processor.py:178} INFO - Processing /opt/airflow/dags/extract.py took 1.938 seconds
[2025-05-02T11:01:55.410+0000] {processor.py:156} INFO - Started process (PID=1103) to work on /opt/airflow/dags/extract.py
[2025-05-02T11:01:55.413+0000] {processor.py:799} INFO - Processing file /opt/airflow/dags/extract.py for tasks to queue
[2025-05-02T11:01:55.415+0000] {logging_mixin.py:149} INFO - [2025-05-02T11:01:55.414+0000] {dagbag.py:541} INFO - Filling up the DagBag from /opt/airflow/dags/extract.py
[2025-05-02T11:01:56.325+0000] {processor.py:809} INFO - DAG(s) dict_keys(['extract']) retrieved from /opt/airflow/dags/extract.py
[2025-05-02T11:01:56.404+0000] {logging_mixin.py:149} INFO - [2025-05-02T11:01:56.403+0000] {dag.py:2726} INFO - Sync 1 DAGs
[2025-05-02T11:01:56.720+0000] {logging_mixin.py:149} INFO - [2025-05-02T11:01:56.720+0000] {dag.py:3490} INFO - Setting next_dagrun for extract to 2025-05-02T00:00:00+00:00, run_after=2025-05-03T00:00:00+00:00
[2025-05-02T11:01:56.776+0000] {processor.py:178} INFO - Processing /opt/airflow/dags/extract.py took 1.375 seconds
[2025-05-02T11:02:27.082+0000] {processor.py:156} INFO - Started process (PID=1137) to work on /opt/airflow/dags/extract.py
[2025-05-02T11:02:27.085+0000] {processor.py:799} INFO - Processing file /opt/airflow/dags/extract.py for tasks to queue
[2025-05-02T11:02:27.087+0000] {logging_mixin.py:149} INFO - [2025-05-02T11:02:27.087+0000] {dagbag.py:541} INFO - Filling up the DagBag from /opt/airflow/dags/extract.py
[2025-05-02T11:02:28.045+0000] {processor.py:809} INFO - DAG(s) dict_keys(['extract']) retrieved from /opt/airflow/dags/extract.py
[2025-05-02T11:02:28.118+0000] {logging_mixin.py:149} INFO - [2025-05-02T11:02:28.117+0000] {dag.py:2726} INFO - Sync 1 DAGs
[2025-05-02T11:02:28.176+0000] {logging_mixin.py:149} INFO - [2025-05-02T11:02:28.176+0000] {dag.py:3490} INFO - Setting next_dagrun for extract to 2025-05-02T00:00:00+00:00, run_after=2025-05-03T00:00:00+00:00
[2025-05-02T11:02:28.235+0000] {processor.py:178} INFO - Processing /opt/airflow/dags/extract.py took 1.162 seconds
[2025-05-02T11:02:58.889+0000] {processor.py:156} INFO - Started process (PID=1171) to work on /opt/airflow/dags/extract.py
[2025-05-02T11:02:58.892+0000] {processor.py:799} INFO - Processing file /opt/airflow/dags/extract.py for tasks to queue
[2025-05-02T11:02:58.895+0000] {logging_mixin.py:149} INFO - [2025-05-02T11:02:58.895+0000] {dagbag.py:541} INFO - Filling up the DagBag from /opt/airflow/dags/extract.py
[2025-05-02T11:02:59.865+0000] {processor.py:809} INFO - DAG(s) dict_keys(['extract']) retrieved from /opt/airflow/dags/extract.py
[2025-05-02T11:02:59.931+0000] {logging_mixin.py:149} INFO - [2025-05-02T11:02:59.930+0000] {dag.py:2726} INFO - Sync 1 DAGs
[2025-05-02T11:02:59.998+0000] {logging_mixin.py:149} INFO - [2025-05-02T11:02:59.998+0000] {dag.py:3490} INFO - Setting next_dagrun for extract to 2025-05-02T00:00:00+00:00, run_after=2025-05-03T00:00:00+00:00
[2025-05-02T11:03:00.775+0000] {processor.py:178} INFO - Processing /opt/airflow/dags/extract.py took 1.899 seconds
[2025-05-02T11:03:30.991+0000] {processor.py:156} INFO - Started process (PID=1205) to work on /opt/airflow/dags/extract.py
[2025-05-02T11:03:30.996+0000] {processor.py:799} INFO - Processing file /opt/airflow/dags/extract.py for tasks to queue
[2025-05-02T11:03:30.998+0000] {logging_mixin.py:149} INFO - [2025-05-02T11:03:30.997+0000] {dagbag.py:541} INFO - Filling up the DagBag from /opt/airflow/dags/extract.py
[2025-05-02T11:03:31.914+0000] {processor.py:809} INFO - DAG(s) dict_keys(['extract']) retrieved from /opt/airflow/dags/extract.py
[2025-05-02T11:03:32.000+0000] {logging_mixin.py:149} INFO - [2025-05-02T11:03:31.999+0000] {dag.py:2726} INFO - Sync 1 DAGs
[2025-05-02T11:03:32.360+0000] {logging_mixin.py:149} INFO - [2025-05-02T11:03:32.358+0000] {dag.py:3490} INFO - Setting next_dagrun for extract to 2025-05-02T00:00:00+00:00, run_after=2025-05-03T00:00:00+00:00
[2025-05-02T11:03:32.860+0000] {processor.py:178} INFO - Processing /opt/airflow/dags/extract.py took 1.874 seconds
[2025-05-02T11:04:03.414+0000] {processor.py:156} INFO - Started process (PID=1239) to work on /opt/airflow/dags/extract.py
[2025-05-02T11:04:03.417+0000] {processor.py:799} INFO - Processing file /opt/airflow/dags/extract.py for tasks to queue
[2025-05-02T11:04:03.418+0000] {logging_mixin.py:149} INFO - [2025-05-02T11:04:03.418+0000] {dagbag.py:541} INFO - Filling up the DagBag from /opt/airflow/dags/extract.py
[2025-05-02T11:04:04.465+0000] {processor.py:809} INFO - DAG(s) dict_keys(['extract']) retrieved from /opt/airflow/dags/extract.py
[2025-05-02T11:04:04.548+0000] {logging_mixin.py:149} INFO - [2025-05-02T11:04:04.547+0000] {dag.py:2726} INFO - Sync 1 DAGs
[2025-05-02T11:04:04.609+0000] {logging_mixin.py:149} INFO - [2025-05-02T11:04:04.609+0000] {dag.py:3490} INFO - Setting next_dagrun for extract to 2025-05-02T00:00:00+00:00, run_after=2025-05-03T00:00:00+00:00
[2025-05-02T11:04:04.671+0000] {processor.py:178} INFO - Processing /opt/airflow/dags/extract.py took 1.303 seconds
[2025-05-02T11:04:35.142+0000] {processor.py:156} INFO - Started process (PID=1273) to work on /opt/airflow/dags/extract.py
[2025-05-02T11:04:35.145+0000] {processor.py:799} INFO - Processing file /opt/airflow/dags/extract.py for tasks to queue
[2025-05-02T11:04:35.147+0000] {logging_mixin.py:149} INFO - [2025-05-02T11:04:35.147+0000] {dagbag.py:541} INFO - Filling up the DagBag from /opt/airflow/dags/extract.py
[2025-05-02T11:04:36.008+0000] {processor.py:809} INFO - DAG(s) dict_keys(['extract']) retrieved from /opt/airflow/dags/extract.py
[2025-05-02T11:04:36.088+0000] {logging_mixin.py:149} INFO - [2025-05-02T11:04:36.087+0000] {dag.py:2726} INFO - Sync 1 DAGs
[2025-05-02T11:04:36.159+0000] {logging_mixin.py:149} INFO - [2025-05-02T11:04:36.159+0000] {dag.py:3490} INFO - Setting next_dagrun for extract to 2025-05-02T00:00:00+00:00, run_after=2025-05-03T00:00:00+00:00
[2025-05-02T11:04:36.476+0000] {processor.py:178} INFO - Processing /opt/airflow/dags/extract.py took 1.340 seconds
[2025-05-02T11:04:38.882+0000] {processor.py:156} INFO - Started process (PID=1307) to work on /opt/airflow/dags/extract.py
[2025-05-02T11:04:38.884+0000] {processor.py:799} INFO - Processing file /opt/airflow/dags/extract.py for tasks to queue
[2025-05-02T11:04:38.885+0000] {logging_mixin.py:149} INFO - [2025-05-02T11:04:38.885+0000] {dagbag.py:541} INFO - Filling up the DagBag from /opt/airflow/dags/extract.py
[2025-05-02T11:04:39.663+0000] {processor.py:809} INFO - DAG(s) dict_keys(['extract']) retrieved from /opt/airflow/dags/extract.py
[2025-05-02T11:04:39.788+0000] {logging_mixin.py:149} INFO - [2025-05-02T11:04:39.787+0000] {dag.py:2726} INFO - Sync 1 DAGs
[2025-05-02T11:04:40.083+0000] {logging_mixin.py:149} INFO - [2025-05-02T11:04:40.082+0000] {dag.py:3490} INFO - Setting next_dagrun for extract to 2025-05-02T00:00:00+00:00, run_after=2025-05-03T00:00:00+00:00
[2025-05-02T11:04:40.158+0000] {processor.py:178} INFO - Processing /opt/airflow/dags/extract.py took 1.282 seconds
[2025-05-02T11:06:40.487+0000] {processor.py:156} INFO - Started process (PID=162) to work on /opt/airflow/dags/extract.py
[2025-05-02T11:06:40.491+0000] {processor.py:799} INFO - Processing file /opt/airflow/dags/extract.py for tasks to queue
[2025-05-02T11:06:40.494+0000] {logging_mixin.py:149} INFO - [2025-05-02T11:06:40.494+0000] {dagbag.py:541} INFO - Filling up the DagBag from /opt/airflow/dags/extract.py
[2025-05-02T11:06:44.573+0000] {processor.py:809} INFO - DAG(s) dict_keys(['extract']) retrieved from /opt/airflow/dags/extract.py
[2025-05-02T11:06:44.788+0000] {logging_mixin.py:149} INFO - [2025-05-02T11:06:44.787+0000] {dag.py:2726} INFO - Sync 1 DAGs
[2025-05-02T11:06:44.849+0000] {logging_mixin.py:149} INFO - [2025-05-02T11:06:44.849+0000] {dag.py:3490} INFO - Setting next_dagrun for extract to 2025-05-02T00:00:00+00:00, run_after=2025-05-03T00:00:00+00:00
[2025-05-02T11:06:44.915+0000] {processor.py:178} INFO - Processing /opt/airflow/dags/extract.py took 4.441 seconds
[2025-05-02T11:07:15.380+0000] {processor.py:156} INFO - Started process (PID=197) to work on /opt/airflow/dags/extract.py
[2025-05-02T11:07:15.385+0000] {processor.py:799} INFO - Processing file /opt/airflow/dags/extract.py for tasks to queue
[2025-05-02T11:07:15.391+0000] {logging_mixin.py:149} INFO - [2025-05-02T11:07:15.390+0000] {dagbag.py:541} INFO - Filling up the DagBag from /opt/airflow/dags/extract.py
[2025-05-02T11:07:18.099+0000] {processor.py:809} INFO - DAG(s) dict_keys(['extract']) retrieved from /opt/airflow/dags/extract.py
[2025-05-02T11:07:18.281+0000] {logging_mixin.py:149} INFO - [2025-05-02T11:07:18.280+0000] {dag.py:2726} INFO - Sync 1 DAGs
[2025-05-02T11:07:18.349+0000] {logging_mixin.py:149} INFO - [2025-05-02T11:07:18.349+0000] {dag.py:3490} INFO - Setting next_dagrun for extract to 2025-05-02T00:00:00+00:00, run_after=2025-05-03T00:00:00+00:00
[2025-05-02T11:07:18.408+0000] {processor.py:178} INFO - Processing /opt/airflow/dags/extract.py took 3.045 seconds
[2025-05-02T11:07:48.869+0000] {processor.py:156} INFO - Started process (PID=231) to work on /opt/airflow/dags/extract.py
[2025-05-02T11:07:48.873+0000] {processor.py:799} INFO - Processing file /opt/airflow/dags/extract.py for tasks to queue
[2025-05-02T11:07:48.876+0000] {logging_mixin.py:149} INFO - [2025-05-02T11:07:48.876+0000] {dagbag.py:541} INFO - Filling up the DagBag from /opt/airflow/dags/extract.py
[2025-05-02T11:07:52.159+0000] {processor.py:809} INFO - DAG(s) dict_keys(['extract']) retrieved from /opt/airflow/dags/extract.py
[2025-05-02T11:07:52.264+0000] {logging_mixin.py:149} INFO - [2025-05-02T11:07:52.264+0000] {dag.py:2726} INFO - Sync 1 DAGs
[2025-05-02T11:07:52.356+0000] {logging_mixin.py:149} INFO - [2025-05-02T11:07:52.356+0000] {dag.py:3490} INFO - Setting next_dagrun for extract to 2025-05-02T00:00:00+00:00, run_after=2025-05-03T00:00:00+00:00
[2025-05-02T11:07:52.412+0000] {processor.py:178} INFO - Processing /opt/airflow/dags/extract.py took 3.553 seconds
[2025-05-02T11:08:22.861+0000] {processor.py:156} INFO - Started process (PID=265) to work on /opt/airflow/dags/extract.py
[2025-05-02T11:08:22.863+0000] {processor.py:799} INFO - Processing file /opt/airflow/dags/extract.py for tasks to queue
[2025-05-02T11:08:22.866+0000] {logging_mixin.py:149} INFO - [2025-05-02T11:08:22.866+0000] {dagbag.py:541} INFO - Filling up the DagBag from /opt/airflow/dags/extract.py
[2025-05-02T11:08:24.619+0000] {processor.py:809} INFO - DAG(s) dict_keys(['extract']) retrieved from /opt/airflow/dags/extract.py
[2025-05-02T11:08:24.731+0000] {logging_mixin.py:149} INFO - [2025-05-02T11:08:24.730+0000] {dag.py:2726} INFO - Sync 1 DAGs
[2025-05-02T11:08:24.830+0000] {logging_mixin.py:149} INFO - [2025-05-02T11:08:24.829+0000] {dag.py:3490} INFO - Setting next_dagrun for extract to 2025-05-02T00:00:00+00:00, run_after=2025-05-03T00:00:00+00:00
[2025-05-02T11:08:24.903+0000] {processor.py:178} INFO - Processing /opt/airflow/dags/extract.py took 2.050 seconds
[2025-05-02T11:08:55.307+0000] {processor.py:156} INFO - Started process (PID=299) to work on /opt/airflow/dags/extract.py
[2025-05-02T11:08:55.309+0000] {processor.py:799} INFO - Processing file /opt/airflow/dags/extract.py for tasks to queue
[2025-05-02T11:08:55.311+0000] {logging_mixin.py:149} INFO - [2025-05-02T11:08:55.311+0000] {dagbag.py:541} INFO - Filling up the DagBag from /opt/airflow/dags/extract.py
[2025-05-02T11:08:56.366+0000] {processor.py:809} INFO - DAG(s) dict_keys(['extract']) retrieved from /opt/airflow/dags/extract.py
[2025-05-02T11:08:56.488+0000] {logging_mixin.py:149} INFO - [2025-05-02T11:08:56.487+0000] {dag.py:2726} INFO - Sync 1 DAGs
[2025-05-02T11:08:56.574+0000] {logging_mixin.py:149} INFO - [2025-05-02T11:08:56.574+0000] {dag.py:3490} INFO - Setting next_dagrun for extract to 2025-05-02T00:00:00+00:00, run_after=2025-05-03T00:00:00+00:00
[2025-05-02T11:08:56.653+0000] {processor.py:178} INFO - Processing /opt/airflow/dags/extract.py took 1.353 seconds
[2025-05-02T11:09:26.999+0000] {processor.py:156} INFO - Started process (PID=333) to work on /opt/airflow/dags/extract.py
[2025-05-02T11:09:27.001+0000] {processor.py:799} INFO - Processing file /opt/airflow/dags/extract.py for tasks to queue
[2025-05-02T11:09:27.003+0000] {logging_mixin.py:149} INFO - [2025-05-02T11:09:27.003+0000] {dagbag.py:541} INFO - Filling up the DagBag from /opt/airflow/dags/extract.py
[2025-05-02T11:09:27.894+0000] {processor.py:809} INFO - DAG(s) dict_keys(['extract']) retrieved from /opt/airflow/dags/extract.py
[2025-05-02T11:09:27.984+0000] {logging_mixin.py:149} INFO - [2025-05-02T11:09:27.982+0000] {dag.py:2726} INFO - Sync 1 DAGs
[2025-05-02T11:09:28.069+0000] {logging_mixin.py:149} INFO - [2025-05-02T11:09:28.069+0000] {dag.py:3490} INFO - Setting next_dagrun for extract to 2025-05-02T00:00:00+00:00, run_after=2025-05-03T00:00:00+00:00
[2025-05-02T11:09:28.141+0000] {processor.py:178} INFO - Processing /opt/airflow/dags/extract.py took 1.148 seconds
[2025-05-02T11:09:58.543+0000] {processor.py:156} INFO - Started process (PID=367) to work on /opt/airflow/dags/extract.py
[2025-05-02T11:09:58.548+0000] {processor.py:799} INFO - Processing file /opt/airflow/dags/extract.py for tasks to queue
[2025-05-02T11:09:58.551+0000] {logging_mixin.py:149} INFO - [2025-05-02T11:09:58.551+0000] {dagbag.py:541} INFO - Filling up the DagBag from /opt/airflow/dags/extract.py
[2025-05-02T11:10:01.118+0000] {processor.py:809} INFO - DAG(s) dict_keys(['extract']) retrieved from /opt/airflow/dags/extract.py
[2025-05-02T11:10:01.340+0000] {logging_mixin.py:149} INFO - [2025-05-02T11:10:01.338+0000] {dag.py:2726} INFO - Sync 1 DAGs
[2025-05-02T11:10:01.571+0000] {logging_mixin.py:149} INFO - [2025-05-02T11:10:01.571+0000] {dag.py:3490} INFO - Setting next_dagrun for extract to 2025-05-02T00:00:00+00:00, run_after=2025-05-03T00:00:00+00:00
[2025-05-02T11:10:01.660+0000] {processor.py:178} INFO - Processing /opt/airflow/dags/extract.py took 3.136 seconds
[2025-05-02T11:10:32.163+0000] {processor.py:156} INFO - Started process (PID=401) to work on /opt/airflow/dags/extract.py
[2025-05-02T11:10:32.170+0000] {processor.py:799} INFO - Processing file /opt/airflow/dags/extract.py for tasks to queue
[2025-05-02T11:10:32.175+0000] {logging_mixin.py:149} INFO - [2025-05-02T11:10:32.175+0000] {dagbag.py:541} INFO - Filling up the DagBag from /opt/airflow/dags/extract.py
[2025-05-02T11:10:34.913+0000] {processor.py:809} INFO - DAG(s) dict_keys(['extract']) retrieved from /opt/airflow/dags/extract.py
[2025-05-02T11:10:35.199+0000] {logging_mixin.py:149} INFO - [2025-05-02T11:10:35.197+0000] {dag.py:2726} INFO - Sync 1 DAGs
[2025-05-02T11:10:35.393+0000] {logging_mixin.py:149} INFO - [2025-05-02T11:10:35.392+0000] {dag.py:3490} INFO - Setting next_dagrun for extract to 2025-05-02T00:00:00+00:00, run_after=2025-05-03T00:00:00+00:00
[2025-05-02T11:10:35.587+0000] {processor.py:178} INFO - Processing /opt/airflow/dags/extract.py took 3.462 seconds
[2025-05-02T11:11:05.819+0000] {processor.py:156} INFO - Started process (PID=477) to work on /opt/airflow/dags/extract.py
[2025-05-02T11:11:05.823+0000] {processor.py:799} INFO - Processing file /opt/airflow/dags/extract.py for tasks to queue
[2025-05-02T11:11:05.826+0000] {logging_mixin.py:149} INFO - [2025-05-02T11:11:05.826+0000] {dagbag.py:541} INFO - Filling up the DagBag from /opt/airflow/dags/extract.py
[2025-05-02T11:11:06.895+0000] {processor.py:809} INFO - DAG(s) dict_keys(['extract']) retrieved from /opt/airflow/dags/extract.py
[2025-05-02T11:11:07.033+0000] {logging_mixin.py:149} INFO - [2025-05-02T11:11:07.031+0000] {dag.py:2726} INFO - Sync 1 DAGs
[2025-05-02T11:11:07.160+0000] {logging_mixin.py:149} INFO - [2025-05-02T11:11:07.159+0000] {dag.py:3490} INFO - Setting next_dagrun for extract to 2025-05-02T00:00:00+00:00, run_after=2025-05-03T00:00:00+00:00
[2025-05-02T11:11:07.286+0000] {processor.py:178} INFO - Processing /opt/airflow/dags/extract.py took 1.479 seconds
[2025-05-02T11:11:37.761+0000] {processor.py:156} INFO - Started process (PID=511) to work on /opt/airflow/dags/extract.py
[2025-05-02T11:11:37.765+0000] {processor.py:799} INFO - Processing file /opt/airflow/dags/extract.py for tasks to queue
[2025-05-02T11:11:37.767+0000] {logging_mixin.py:149} INFO - [2025-05-02T11:11:37.767+0000] {dagbag.py:541} INFO - Filling up the DagBag from /opt/airflow/dags/extract.py
[2025-05-02T11:11:39.270+0000] {processor.py:809} INFO - DAG(s) dict_keys(['extract']) retrieved from /opt/airflow/dags/extract.py
[2025-05-02T11:11:39.382+0000] {logging_mixin.py:149} INFO - [2025-05-02T11:11:39.381+0000] {dag.py:2726} INFO - Sync 1 DAGs
[2025-05-02T11:11:39.481+0000] {logging_mixin.py:149} INFO - [2025-05-02T11:11:39.481+0000] {dag.py:3490} INFO - Setting next_dagrun for extract to 2025-05-02T00:00:00+00:00, run_after=2025-05-03T00:00:00+00:00
[2025-05-02T11:11:39.678+0000] {processor.py:178} INFO - Processing /opt/airflow/dags/extract.py took 1.927 seconds
[2025-05-02T11:12:10.232+0000] {processor.py:156} INFO - Started process (PID=545) to work on /opt/airflow/dags/extract.py
[2025-05-02T11:12:10.234+0000] {processor.py:799} INFO - Processing file /opt/airflow/dags/extract.py for tasks to queue
[2025-05-02T11:12:10.236+0000] {logging_mixin.py:149} INFO - [2025-05-02T11:12:10.236+0000] {dagbag.py:541} INFO - Filling up the DagBag from /opt/airflow/dags/extract.py
[2025-05-02T11:12:11.195+0000] {processor.py:809} INFO - DAG(s) dict_keys(['extract']) retrieved from /opt/airflow/dags/extract.py
[2025-05-02T11:12:11.281+0000] {logging_mixin.py:149} INFO - [2025-05-02T11:12:11.280+0000] {dag.py:2726} INFO - Sync 1 DAGs
[2025-05-02T11:12:11.389+0000] {logging_mixin.py:149} INFO - [2025-05-02T11:12:11.388+0000] {dag.py:3490} INFO - Setting next_dagrun for extract to 2025-05-02T00:00:00+00:00, run_after=2025-05-03T00:00:00+00:00
[2025-05-02T11:12:11.483+0000] {processor.py:178} INFO - Processing /opt/airflow/dags/extract.py took 1.257 seconds
[2025-05-02T11:12:41.638+0000] {processor.py:156} INFO - Started process (PID=579) to work on /opt/airflow/dags/extract.py
[2025-05-02T11:12:41.640+0000] {processor.py:799} INFO - Processing file /opt/airflow/dags/extract.py for tasks to queue
[2025-05-02T11:12:41.643+0000] {logging_mixin.py:149} INFO - [2025-05-02T11:12:41.642+0000] {dagbag.py:541} INFO - Filling up the DagBag from /opt/airflow/dags/extract.py
[2025-05-02T11:12:42.557+0000] {processor.py:809} INFO - DAG(s) dict_keys(['extract']) retrieved from /opt/airflow/dags/extract.py
[2025-05-02T11:12:42.691+0000] {logging_mixin.py:149} INFO - [2025-05-02T11:12:42.689+0000] {dag.py:2726} INFO - Sync 1 DAGs
[2025-05-02T11:12:42.916+0000] {logging_mixin.py:149} INFO - [2025-05-02T11:12:42.911+0000] {dag.py:3490} INFO - Setting next_dagrun for extract to 2025-05-02T00:00:00+00:00, run_after=2025-05-03T00:00:00+00:00
[2025-05-02T11:12:43.012+0000] {processor.py:178} INFO - Processing /opt/airflow/dags/extract.py took 1.379 seconds
[2025-05-02T11:13:13.546+0000] {processor.py:156} INFO - Started process (PID=613) to work on /opt/airflow/dags/extract.py
[2025-05-02T11:13:13.549+0000] {processor.py:799} INFO - Processing file /opt/airflow/dags/extract.py for tasks to queue
[2025-05-02T11:13:13.554+0000] {logging_mixin.py:149} INFO - [2025-05-02T11:13:13.554+0000] {dagbag.py:541} INFO - Filling up the DagBag from /opt/airflow/dags/extract.py
[2025-05-02T11:13:14.577+0000] {processor.py:809} INFO - DAG(s) dict_keys(['extract']) retrieved from /opt/airflow/dags/extract.py
[2025-05-02T11:13:14.706+0000] {logging_mixin.py:149} INFO - [2025-05-02T11:13:14.703+0000] {dag.py:2726} INFO - Sync 1 DAGs
[2025-05-02T11:13:14.942+0000] {logging_mixin.py:149} INFO - [2025-05-02T11:13:14.940+0000] {dag.py:3490} INFO - Setting next_dagrun for extract to 2025-05-02T00:00:00+00:00, run_after=2025-05-03T00:00:00+00:00
[2025-05-02T11:13:15.171+0000] {processor.py:178} INFO - Processing /opt/airflow/dags/extract.py took 1.639 seconds
[2025-05-02T11:13:45.689+0000] {processor.py:156} INFO - Started process (PID=647) to work on /opt/airflow/dags/extract.py
[2025-05-02T11:13:45.694+0000] {processor.py:799} INFO - Processing file /opt/airflow/dags/extract.py for tasks to queue
[2025-05-02T11:13:45.697+0000] {logging_mixin.py:149} INFO - [2025-05-02T11:13:45.697+0000] {dagbag.py:541} INFO - Filling up the DagBag from /opt/airflow/dags/extract.py
[2025-05-02T11:13:46.706+0000] {processor.py:809} INFO - DAG(s) dict_keys(['extract']) retrieved from /opt/airflow/dags/extract.py
[2025-05-02T11:13:46.771+0000] {logging_mixin.py:149} INFO - [2025-05-02T11:13:46.771+0000] {dag.py:2726} INFO - Sync 1 DAGs
[2025-05-02T11:13:46.840+0000] {logging_mixin.py:149} INFO - [2025-05-02T11:13:46.839+0000] {dag.py:3490} INFO - Setting next_dagrun for extract to 2025-05-02T00:00:00+00:00, run_after=2025-05-03T00:00:00+00:00
[2025-05-02T11:13:46.902+0000] {processor.py:178} INFO - Processing /opt/airflow/dags/extract.py took 1.230 seconds
[2025-05-02T11:15:31.262+0000] {processor.py:156} INFO - Started process (PID=162) to work on /opt/airflow/dags/extract.py
[2025-05-02T11:15:31.273+0000] {processor.py:799} INFO - Processing file /opt/airflow/dags/extract.py for tasks to queue
[2025-05-02T11:15:31.277+0000] {logging_mixin.py:149} INFO - [2025-05-02T11:15:31.276+0000] {dagbag.py:541} INFO - Filling up the DagBag from /opt/airflow/dags/extract.py
[2025-05-02T11:15:34.789+0000] {processor.py:809} INFO - DAG(s) dict_keys(['extract']) retrieved from /opt/airflow/dags/extract.py
[2025-05-02T11:15:34.954+0000] {logging_mixin.py:149} INFO - [2025-05-02T11:15:34.953+0000] {dag.py:2726} INFO - Sync 1 DAGs
[2025-05-02T11:15:35.010+0000] {logging_mixin.py:149} INFO - [2025-05-02T11:15:35.010+0000] {dag.py:3490} INFO - Setting next_dagrun for extract to 2025-05-02T00:00:00+00:00, run_after=2025-05-03T00:00:00+00:00
[2025-05-02T11:15:35.064+0000] {processor.py:178} INFO - Processing /opt/airflow/dags/extract.py took 3.819 seconds
[2025-05-02T11:16:05.464+0000] {processor.py:156} INFO - Started process (PID=211) to work on /opt/airflow/dags/extract.py
[2025-05-02T11:16:05.466+0000] {processor.py:799} INFO - Processing file /opt/airflow/dags/extract.py for tasks to queue
[2025-05-02T11:16:05.468+0000] {logging_mixin.py:149} INFO - [2025-05-02T11:16:05.468+0000] {dagbag.py:541} INFO - Filling up the DagBag from /opt/airflow/dags/extract.py
[2025-05-02T11:16:07.850+0000] {processor.py:809} INFO - DAG(s) dict_keys(['extract']) retrieved from /opt/airflow/dags/extract.py
[2025-05-02T11:16:07.952+0000] {logging_mixin.py:149} INFO - [2025-05-02T11:16:07.951+0000] {dag.py:2726} INFO - Sync 1 DAGs
[2025-05-02T11:16:08.053+0000] {logging_mixin.py:149} INFO - [2025-05-02T11:16:08.053+0000] {dag.py:3490} INFO - Setting next_dagrun for extract to 2025-05-02T00:00:00+00:00, run_after=2025-05-03T00:00:00+00:00
[2025-05-02T11:16:08.119+0000] {processor.py:178} INFO - Processing /opt/airflow/dags/extract.py took 2.662 seconds
[2025-05-02T11:16:38.591+0000] {processor.py:156} INFO - Started process (PID=245) to work on /opt/airflow/dags/extract.py
[2025-05-02T11:16:38.595+0000] {processor.py:799} INFO - Processing file /opt/airflow/dags/extract.py for tasks to queue
[2025-05-02T11:16:38.600+0000] {logging_mixin.py:149} INFO - [2025-05-02T11:16:38.599+0000] {dagbag.py:541} INFO - Filling up the DagBag from /opt/airflow/dags/extract.py
[2025-05-02T11:16:40.775+0000] {processor.py:809} INFO - DAG(s) dict_keys(['extract']) retrieved from /opt/airflow/dags/extract.py
[2025-05-02T11:16:40.824+0000] {logging_mixin.py:149} INFO - [2025-05-02T11:16:40.823+0000] {dag.py:2726} INFO - Sync 1 DAGs
[2025-05-02T11:16:40.883+0000] {logging_mixin.py:149} INFO - [2025-05-02T11:16:40.883+0000] {dag.py:3490} INFO - Setting next_dagrun for extract to 2025-05-02T00:00:00+00:00, run_after=2025-05-03T00:00:00+00:00
[2025-05-02T11:16:40.954+0000] {processor.py:178} INFO - Processing /opt/airflow/dags/extract.py took 2.376 seconds
[2025-05-02T11:17:11.409+0000] {processor.py:156} INFO - Started process (PID=279) to work on /opt/airflow/dags/extract.py
[2025-05-02T11:17:11.412+0000] {processor.py:799} INFO - Processing file /opt/airflow/dags/extract.py for tasks to queue
[2025-05-02T11:17:11.415+0000] {logging_mixin.py:149} INFO - [2025-05-02T11:17:11.414+0000] {dagbag.py:541} INFO - Filling up the DagBag from /opt/airflow/dags/extract.py
[2025-05-02T11:17:12.843+0000] {processor.py:809} INFO - DAG(s) dict_keys(['extract']) retrieved from /opt/airflow/dags/extract.py
[2025-05-02T11:17:12.893+0000] {logging_mixin.py:149} INFO - [2025-05-02T11:17:12.892+0000] {dag.py:2726} INFO - Sync 1 DAGs
[2025-05-02T11:17:12.949+0000] {logging_mixin.py:149} INFO - [2025-05-02T11:17:12.949+0000] {dag.py:3490} INFO - Setting next_dagrun for extract to 2025-05-02T00:00:00+00:00, run_after=2025-05-03T00:00:00+00:00
[2025-05-02T11:17:13.002+0000] {processor.py:178} INFO - Processing /opt/airflow/dags/extract.py took 1.604 seconds
[2025-05-02T11:17:43.438+0000] {processor.py:156} INFO - Started process (PID=313) to work on /opt/airflow/dags/extract.py
[2025-05-02T11:17:43.440+0000] {processor.py:799} INFO - Processing file /opt/airflow/dags/extract.py for tasks to queue
[2025-05-02T11:17:43.442+0000] {logging_mixin.py:149} INFO - [2025-05-02T11:17:43.442+0000] {dagbag.py:541} INFO - Filling up the DagBag from /opt/airflow/dags/extract.py
[2025-05-02T11:17:44.723+0000] {processor.py:809} INFO - DAG(s) dict_keys(['extract']) retrieved from /opt/airflow/dags/extract.py
[2025-05-02T11:17:44.789+0000] {logging_mixin.py:149} INFO - [2025-05-02T11:17:44.787+0000] {dag.py:2726} INFO - Sync 1 DAGs
[2025-05-02T11:17:44.853+0000] {logging_mixin.py:149} INFO - [2025-05-02T11:17:44.852+0000] {dag.py:3490} INFO - Setting next_dagrun for extract to 2025-05-02T00:00:00+00:00, run_after=2025-05-03T00:00:00+00:00
[2025-05-02T11:17:44.913+0000] {processor.py:178} INFO - Processing /opt/airflow/dags/extract.py took 1.481 seconds
[2025-05-02T11:18:15.414+0000] {processor.py:156} INFO - Started process (PID=347) to work on /opt/airflow/dags/extract.py
[2025-05-02T11:18:15.418+0000] {processor.py:799} INFO - Processing file /opt/airflow/dags/extract.py for tasks to queue
[2025-05-02T11:18:15.420+0000] {logging_mixin.py:149} INFO - [2025-05-02T11:18:15.420+0000] {dagbag.py:541} INFO - Filling up the DagBag from /opt/airflow/dags/extract.py
[2025-05-02T11:18:16.447+0000] {processor.py:809} INFO - DAG(s) dict_keys(['extract']) retrieved from /opt/airflow/dags/extract.py
[2025-05-02T11:18:16.560+0000] {logging_mixin.py:149} INFO - [2025-05-02T11:18:16.559+0000] {dag.py:2726} INFO - Sync 1 DAGs
[2025-05-02T11:18:16.615+0000] {logging_mixin.py:149} INFO - [2025-05-02T11:18:16.615+0000] {dag.py:3490} INFO - Setting next_dagrun for extract to 2025-05-02T00:00:00+00:00, run_after=2025-05-03T00:00:00+00:00
[2025-05-02T11:18:16.674+0000] {processor.py:178} INFO - Processing /opt/airflow/dags/extract.py took 1.271 seconds
[2025-05-02T11:18:46.826+0000] {processor.py:156} INFO - Started process (PID=381) to work on /opt/airflow/dags/extract.py
[2025-05-02T11:18:46.830+0000] {processor.py:799} INFO - Processing file /opt/airflow/dags/extract.py for tasks to queue
[2025-05-02T11:18:46.832+0000] {logging_mixin.py:149} INFO - [2025-05-02T11:18:46.832+0000] {dagbag.py:541} INFO - Filling up the DagBag from /opt/airflow/dags/extract.py
[2025-05-02T11:18:47.749+0000] {processor.py:809} INFO - DAG(s) dict_keys(['extract']) retrieved from /opt/airflow/dags/extract.py
[2025-05-02T11:18:47.811+0000] {logging_mixin.py:149} INFO - [2025-05-02T11:18:47.810+0000] {dag.py:2726} INFO - Sync 1 DAGs
[2025-05-02T11:18:47.870+0000] {logging_mixin.py:149} INFO - [2025-05-02T11:18:47.869+0000] {dag.py:3490} INFO - Setting next_dagrun for extract to 2025-05-02T00:00:00+00:00, run_after=2025-05-03T00:00:00+00:00
[2025-05-02T11:18:47.933+0000] {processor.py:178} INFO - Processing /opt/airflow/dags/extract.py took 1.113 seconds
[2025-05-02T11:19:18.400+0000] {processor.py:156} INFO - Started process (PID=415) to work on /opt/airflow/dags/extract.py
[2025-05-02T11:19:18.405+0000] {processor.py:799} INFO - Processing file /opt/airflow/dags/extract.py for tasks to queue
[2025-05-02T11:19:18.409+0000] {logging_mixin.py:149} INFO - [2025-05-02T11:19:18.408+0000] {dagbag.py:541} INFO - Filling up the DagBag from /opt/airflow/dags/extract.py
[2025-05-02T11:19:19.876+0000] {processor.py:809} INFO - DAG(s) dict_keys(['extract']) retrieved from /opt/airflow/dags/extract.py
[2025-05-02T11:19:20.007+0000] {logging_mixin.py:149} INFO - [2025-05-02T11:19:20.006+0000] {dag.py:2726} INFO - Sync 1 DAGs
[2025-05-02T11:19:20.102+0000] {logging_mixin.py:149} INFO - [2025-05-02T11:19:20.101+0000] {dag.py:3490} INFO - Setting next_dagrun for extract to 2025-05-02T00:00:00+00:00, run_after=2025-05-03T00:00:00+00:00
[2025-05-02T11:19:20.238+0000] {processor.py:178} INFO - Processing /opt/airflow/dags/extract.py took 1.852 seconds
[2025-05-02T11:19:50.746+0000] {processor.py:156} INFO - Started process (PID=449) to work on /opt/airflow/dags/extract.py
[2025-05-02T11:19:50.751+0000] {processor.py:799} INFO - Processing file /opt/airflow/dags/extract.py for tasks to queue
[2025-05-02T11:19:50.754+0000] {logging_mixin.py:149} INFO - [2025-05-02T11:19:50.753+0000] {dagbag.py:541} INFO - Filling up the DagBag from /opt/airflow/dags/extract.py
[2025-05-02T11:19:52.479+0000] {processor.py:809} INFO - DAG(s) dict_keys(['extract']) retrieved from /opt/airflow/dags/extract.py
[2025-05-02T11:19:52.632+0000] {logging_mixin.py:149} INFO - [2025-05-02T11:19:52.630+0000] {dag.py:2726} INFO - Sync 1 DAGs
[2025-05-02T11:19:52.765+0000] {logging_mixin.py:149} INFO - [2025-05-02T11:19:52.764+0000] {dag.py:3490} INFO - Setting next_dagrun for extract to 2025-05-02T00:00:00+00:00, run_after=2025-05-03T00:00:00+00:00
[2025-05-02T11:19:52.877+0000] {processor.py:178} INFO - Processing /opt/airflow/dags/extract.py took 2.144 seconds
[2025-05-02T11:20:23.416+0000] {processor.py:156} INFO - Started process (PID=483) to work on /opt/airflow/dags/extract.py
[2025-05-02T11:20:23.427+0000] {processor.py:799} INFO - Processing file /opt/airflow/dags/extract.py for tasks to queue
[2025-05-02T11:20:23.432+0000] {logging_mixin.py:149} INFO - [2025-05-02T11:20:23.431+0000] {dagbag.py:541} INFO - Filling up the DagBag from /opt/airflow/dags/extract.py
[2025-05-02T11:20:25.262+0000] {processor.py:809} INFO - DAG(s) dict_keys(['extract']) retrieved from /opt/airflow/dags/extract.py
[2025-05-02T11:20:25.349+0000] {logging_mixin.py:149} INFO - [2025-05-02T11:20:25.348+0000] {dag.py:2726} INFO - Sync 1 DAGs
[2025-05-02T11:20:25.455+0000] {logging_mixin.py:149} INFO - [2025-05-02T11:20:25.454+0000] {dag.py:3490} INFO - Setting next_dagrun for extract to 2025-05-02T00:00:00+00:00, run_after=2025-05-03T00:00:00+00:00
[2025-05-02T11:20:25.545+0000] {processor.py:178} INFO - Processing /opt/airflow/dags/extract.py took 2.181 seconds
[2025-05-02T11:20:56.122+0000] {processor.py:156} INFO - Started process (PID=517) to work on /opt/airflow/dags/extract.py
[2025-05-02T11:20:56.127+0000] {processor.py:799} INFO - Processing file /opt/airflow/dags/extract.py for tasks to queue
[2025-05-02T11:20:56.130+0000] {logging_mixin.py:149} INFO - [2025-05-02T11:20:56.129+0000] {dagbag.py:541} INFO - Filling up the DagBag from /opt/airflow/dags/extract.py
[2025-05-02T11:20:57.188+0000] {processor.py:809} INFO - DAG(s) dict_keys(['extract']) retrieved from /opt/airflow/dags/extract.py
[2025-05-02T11:20:57.304+0000] {logging_mixin.py:149} INFO - [2025-05-02T11:20:57.303+0000] {dag.py:2726} INFO - Sync 1 DAGs
[2025-05-02T11:20:57.389+0000] {logging_mixin.py:149} INFO - [2025-05-02T11:20:57.389+0000] {dag.py:3490} INFO - Setting next_dagrun for extract to 2025-05-02T00:00:00+00:00, run_after=2025-05-03T00:00:00+00:00
[2025-05-02T11:20:57.490+0000] {processor.py:178} INFO - Processing /opt/airflow/dags/extract.py took 1.375 seconds
[2025-05-02T11:21:27.991+0000] {processor.py:156} INFO - Started process (PID=551) to work on /opt/airflow/dags/extract.py
[2025-05-02T11:21:27.994+0000] {processor.py:799} INFO - Processing file /opt/airflow/dags/extract.py for tasks to queue
[2025-05-02T11:21:27.997+0000] {logging_mixin.py:149} INFO - [2025-05-02T11:21:27.997+0000] {dagbag.py:541} INFO - Filling up the DagBag from /opt/airflow/dags/extract.py
[2025-05-02T11:21:29.078+0000] {processor.py:809} INFO - DAG(s) dict_keys(['extract']) retrieved from /opt/airflow/dags/extract.py
[2025-05-02T11:21:29.155+0000] {logging_mixin.py:149} INFO - [2025-05-02T11:21:29.154+0000] {dag.py:2726} INFO - Sync 1 DAGs
[2025-05-02T11:21:29.216+0000] {logging_mixin.py:149} INFO - [2025-05-02T11:21:29.216+0000] {dag.py:3490} INFO - Setting next_dagrun for extract to 2025-05-02T00:00:00+00:00, run_after=2025-05-03T00:00:00+00:00
[2025-05-02T11:21:29.276+0000] {processor.py:178} INFO - Processing /opt/airflow/dags/extract.py took 1.292 seconds
[2025-05-02T11:21:59.764+0000] {processor.py:156} INFO - Started process (PID=585) to work on /opt/airflow/dags/extract.py
[2025-05-02T11:21:59.768+0000] {processor.py:799} INFO - Processing file /opt/airflow/dags/extract.py for tasks to queue
[2025-05-02T11:21:59.771+0000] {logging_mixin.py:149} INFO - [2025-05-02T11:21:59.770+0000] {dagbag.py:541} INFO - Filling up the DagBag from /opt/airflow/dags/extract.py
[2025-05-02T11:22:00.759+0000] {processor.py:809} INFO - DAG(s) dict_keys(['extract']) retrieved from /opt/airflow/dags/extract.py
[2025-05-02T11:22:00.929+0000] {logging_mixin.py:149} INFO - [2025-05-02T11:22:00.927+0000] {dag.py:2726} INFO - Sync 1 DAGs
[2025-05-02T11:22:01.015+0000] {logging_mixin.py:149} INFO - [2025-05-02T11:22:01.015+0000] {dag.py:3490} INFO - Setting next_dagrun for extract to 2025-05-02T00:00:00+00:00, run_after=2025-05-03T00:00:00+00:00
[2025-05-02T11:22:01.080+0000] {processor.py:178} INFO - Processing /opt/airflow/dags/extract.py took 1.329 seconds
[2025-05-02T11:22:31.242+0000] {processor.py:156} INFO - Started process (PID=619) to work on /opt/airflow/dags/extract.py
[2025-05-02T11:22:31.244+0000] {processor.py:799} INFO - Processing file /opt/airflow/dags/extract.py for tasks to queue
[2025-05-02T11:22:31.246+0000] {logging_mixin.py:149} INFO - [2025-05-02T11:22:31.246+0000] {dagbag.py:541} INFO - Filling up the DagBag from /opt/airflow/dags/extract.py
[2025-05-02T11:22:32.551+0000] {processor.py:809} INFO - DAG(s) dict_keys(['extract']) retrieved from /opt/airflow/dags/extract.py
[2025-05-02T11:22:32.666+0000] {logging_mixin.py:149} INFO - [2025-05-02T11:22:32.665+0000] {dag.py:2726} INFO - Sync 1 DAGs
[2025-05-02T11:22:32.807+0000] {logging_mixin.py:149} INFO - [2025-05-02T11:22:32.806+0000] {dag.py:3490} INFO - Setting next_dagrun for extract to 2025-05-02T00:00:00+00:00, run_after=2025-05-03T00:00:00+00:00
[2025-05-02T11:22:32.924+0000] {processor.py:178} INFO - Processing /opt/airflow/dags/extract.py took 1.694 seconds
[2025-05-02T11:23:03.349+0000] {processor.py:156} INFO - Started process (PID=653) to work on /opt/airflow/dags/extract.py
[2025-05-02T11:23:03.352+0000] {processor.py:799} INFO - Processing file /opt/airflow/dags/extract.py for tasks to queue
[2025-05-02T11:23:03.355+0000] {logging_mixin.py:149} INFO - [2025-05-02T11:23:03.354+0000] {dagbag.py:541} INFO - Filling up the DagBag from /opt/airflow/dags/extract.py
[2025-05-02T11:23:04.393+0000] {processor.py:809} INFO - DAG(s) dict_keys(['extract']) retrieved from /opt/airflow/dags/extract.py
[2025-05-02T11:23:04.461+0000] {logging_mixin.py:149} INFO - [2025-05-02T11:23:04.458+0000] {dag.py:2726} INFO - Sync 1 DAGs
[2025-05-02T11:23:04.525+0000] {logging_mixin.py:149} INFO - [2025-05-02T11:23:04.524+0000] {dag.py:3490} INFO - Setting next_dagrun for extract to 2025-05-02T00:00:00+00:00, run_after=2025-05-03T00:00:00+00:00
[2025-05-02T11:23:04.642+0000] {processor.py:178} INFO - Processing /opt/airflow/dags/extract.py took 1.302 seconds
[2025-05-02T11:23:35.173+0000] {processor.py:156} INFO - Started process (PID=687) to work on /opt/airflow/dags/extract.py
[2025-05-02T11:23:35.176+0000] {processor.py:799} INFO - Processing file /opt/airflow/dags/extract.py for tasks to queue
[2025-05-02T11:23:35.178+0000] {logging_mixin.py:149} INFO - [2025-05-02T11:23:35.178+0000] {dagbag.py:541} INFO - Filling up the DagBag from /opt/airflow/dags/extract.py
[2025-05-02T11:23:36.130+0000] {processor.py:809} INFO - DAG(s) dict_keys(['extract']) retrieved from /opt/airflow/dags/extract.py
[2025-05-02T11:23:36.200+0000] {logging_mixin.py:149} INFO - [2025-05-02T11:23:36.199+0000] {dag.py:2726} INFO - Sync 1 DAGs
[2025-05-02T11:23:36.265+0000] {logging_mixin.py:149} INFO - [2025-05-02T11:23:36.264+0000] {dag.py:3490} INFO - Setting next_dagrun for extract to 2025-05-02T00:00:00+00:00, run_after=2025-05-03T00:00:00+00:00
[2025-05-02T11:23:36.330+0000] {processor.py:178} INFO - Processing /opt/airflow/dags/extract.py took 1.188 seconds
[2025-05-02T11:24:06.774+0000] {processor.py:156} INFO - Started process (PID=721) to work on /opt/airflow/dags/extract.py
[2025-05-02T11:24:06.779+0000] {processor.py:799} INFO - Processing file /opt/airflow/dags/extract.py for tasks to queue
[2025-05-02T11:24:06.781+0000] {logging_mixin.py:149} INFO - [2025-05-02T11:24:06.781+0000] {dagbag.py:541} INFO - Filling up the DagBag from /opt/airflow/dags/extract.py
[2025-05-02T11:24:07.916+0000] {processor.py:809} INFO - DAG(s) dict_keys(['extract']) retrieved from /opt/airflow/dags/extract.py
[2025-05-02T11:24:08.101+0000] {logging_mixin.py:149} INFO - [2025-05-02T11:24:08.100+0000] {dag.py:2726} INFO - Sync 1 DAGs
[2025-05-02T11:24:11.396+0000] {logging_mixin.py:149} INFO - [2025-05-02T11:24:11.396+0000] {dag.py:3490} INFO - Setting next_dagrun for extract to 2025-05-02T00:00:00+00:00, run_after=2025-05-03T00:00:00+00:00
[2025-05-02T11:24:11.471+0000] {processor.py:178} INFO - Processing /opt/airflow/dags/extract.py took 4.707 seconds
[2025-05-02T11:24:41.628+0000] {processor.py:156} INFO - Started process (PID=772) to work on /opt/airflow/dags/extract.py
[2025-05-02T11:24:41.631+0000] {processor.py:799} INFO - Processing file /opt/airflow/dags/extract.py for tasks to queue
[2025-05-02T11:24:41.633+0000] {logging_mixin.py:149} INFO - [2025-05-02T11:24:41.633+0000] {dagbag.py:541} INFO - Filling up the DagBag from /opt/airflow/dags/extract.py
[2025-05-02T11:24:42.539+0000] {processor.py:809} INFO - DAG(s) dict_keys(['extract']) retrieved from /opt/airflow/dags/extract.py
[2025-05-02T11:24:42.598+0000] {logging_mixin.py:149} INFO - [2025-05-02T11:24:42.596+0000] {dag.py:2726} INFO - Sync 1 DAGs
[2025-05-02T11:24:42.661+0000] {logging_mixin.py:149} INFO - [2025-05-02T11:24:42.661+0000] {dag.py:3490} INFO - Setting next_dagrun for extract to 2025-05-02T00:00:00+00:00, run_after=2025-05-03T00:00:00+00:00
[2025-05-02T11:24:42.722+0000] {processor.py:178} INFO - Processing /opt/airflow/dags/extract.py took 1.101 seconds
[2025-05-02T11:25:13.257+0000] {processor.py:156} INFO - Started process (PID=806) to work on /opt/airflow/dags/extract.py
[2025-05-02T11:25:13.259+0000] {processor.py:799} INFO - Processing file /opt/airflow/dags/extract.py for tasks to queue
[2025-05-02T11:25:13.261+0000] {logging_mixin.py:149} INFO - [2025-05-02T11:25:13.260+0000] {dagbag.py:541} INFO - Filling up the DagBag from /opt/airflow/dags/extract.py
[2025-05-02T11:25:14.141+0000] {processor.py:809} INFO - DAG(s) dict_keys(['extract']) retrieved from /opt/airflow/dags/extract.py
[2025-05-02T11:25:14.216+0000] {logging_mixin.py:149} INFO - [2025-05-02T11:25:14.215+0000] {dag.py:2726} INFO - Sync 1 DAGs
[2025-05-02T11:25:14.277+0000] {logging_mixin.py:149} INFO - [2025-05-02T11:25:14.276+0000] {dag.py:3490} INFO - Setting next_dagrun for extract to 2025-05-02T00:00:00+00:00, run_after=2025-05-03T00:00:00+00:00
[2025-05-02T11:25:14.336+0000] {processor.py:178} INFO - Processing /opt/airflow/dags/extract.py took 1.085 seconds
[2025-05-02T11:25:44.922+0000] {processor.py:156} INFO - Started process (PID=840) to work on /opt/airflow/dags/extract.py
[2025-05-02T11:25:44.925+0000] {processor.py:799} INFO - Processing file /opt/airflow/dags/extract.py for tasks to queue
[2025-05-02T11:25:44.928+0000] {logging_mixin.py:149} INFO - [2025-05-02T11:25:44.928+0000] {dagbag.py:541} INFO - Filling up the DagBag from /opt/airflow/dags/extract.py
[2025-05-02T11:25:45.790+0000] {processor.py:809} INFO - DAG(s) dict_keys(['extract']) retrieved from /opt/airflow/dags/extract.py
[2025-05-02T11:25:45.850+0000] {logging_mixin.py:149} INFO - [2025-05-02T11:25:45.849+0000] {dag.py:2726} INFO - Sync 1 DAGs
[2025-05-02T11:25:46.173+0000] {logging_mixin.py:149} INFO - [2025-05-02T11:25:46.172+0000] {dag.py:3490} INFO - Setting next_dagrun for extract to 2025-05-02T00:00:00+00:00, run_after=2025-05-03T00:00:00+00:00
[2025-05-02T11:25:46.304+0000] {processor.py:178} INFO - Processing /opt/airflow/dags/extract.py took 1.388 seconds
[2025-05-02T11:26:16.799+0000] {processor.py:156} INFO - Started process (PID=874) to work on /opt/airflow/dags/extract.py
[2025-05-02T11:26:16.802+0000] {processor.py:799} INFO - Processing file /opt/airflow/dags/extract.py for tasks to queue
[2025-05-02T11:26:16.805+0000] {logging_mixin.py:149} INFO - [2025-05-02T11:26:16.804+0000] {dagbag.py:541} INFO - Filling up the DagBag from /opt/airflow/dags/extract.py
[2025-05-02T11:26:17.675+0000] {processor.py:809} INFO - DAG(s) dict_keys(['extract']) retrieved from /opt/airflow/dags/extract.py
[2025-05-02T11:26:17.807+0000] {logging_mixin.py:149} INFO - [2025-05-02T11:26:17.806+0000] {dag.py:2726} INFO - Sync 1 DAGs
[2025-05-02T11:26:17.867+0000] {logging_mixin.py:149} INFO - [2025-05-02T11:26:17.866+0000] {dag.py:3490} INFO - Setting next_dagrun for extract to 2025-05-02T00:00:00+00:00, run_after=2025-05-03T00:00:00+00:00
[2025-05-02T11:26:17.926+0000] {processor.py:178} INFO - Processing /opt/airflow/dags/extract.py took 1.134 seconds
[2025-05-02T11:26:48.395+0000] {processor.py:156} INFO - Started process (PID=908) to work on /opt/airflow/dags/extract.py
[2025-05-02T11:26:48.397+0000] {processor.py:799} INFO - Processing file /opt/airflow/dags/extract.py for tasks to queue
[2025-05-02T11:26:48.399+0000] {logging_mixin.py:149} INFO - [2025-05-02T11:26:48.399+0000] {dagbag.py:541} INFO - Filling up the DagBag from /opt/airflow/dags/extract.py
[2025-05-02T11:26:49.198+0000] {processor.py:809} INFO - DAG(s) dict_keys(['extract']) retrieved from /opt/airflow/dags/extract.py
[2025-05-02T11:26:49.248+0000] {logging_mixin.py:149} INFO - [2025-05-02T11:26:49.247+0000] {dag.py:2726} INFO - Sync 1 DAGs
[2025-05-02T11:26:49.303+0000] {logging_mixin.py:149} INFO - [2025-05-02T11:26:49.303+0000] {dag.py:3490} INFO - Setting next_dagrun for extract to 2025-05-02T00:00:00+00:00, run_after=2025-05-03T00:00:00+00:00
[2025-05-02T11:26:49.436+0000] {processor.py:178} INFO - Processing /opt/airflow/dags/extract.py took 1.046 seconds
[2025-05-02T11:27:19.783+0000] {processor.py:156} INFO - Started process (PID=942) to work on /opt/airflow/dags/extract.py
[2025-05-02T11:27:19.785+0000] {processor.py:799} INFO - Processing file /opt/airflow/dags/extract.py for tasks to queue
[2025-05-02T11:27:19.787+0000] {logging_mixin.py:149} INFO - [2025-05-02T11:27:19.787+0000] {dagbag.py:541} INFO - Filling up the DagBag from /opt/airflow/dags/extract.py
[2025-05-02T11:27:20.597+0000] {processor.py:809} INFO - DAG(s) dict_keys(['extract']) retrieved from /opt/airflow/dags/extract.py
[2025-05-02T11:27:20.653+0000] {logging_mixin.py:149} INFO - [2025-05-02T11:27:20.652+0000] {dag.py:2726} INFO - Sync 1 DAGs
[2025-05-02T11:27:21.012+0000] {logging_mixin.py:149} INFO - [2025-05-02T11:27:21.012+0000] {dag.py:3490} INFO - Setting next_dagrun for extract to 2025-05-02T00:00:00+00:00, run_after=2025-05-03T00:00:00+00:00
[2025-05-02T11:27:21.086+0000] {processor.py:178} INFO - Processing /opt/airflow/dags/extract.py took 1.308 seconds
[2025-05-02T11:27:51.432+0000] {processor.py:156} INFO - Started process (PID=974) to work on /opt/airflow/dags/extract.py
[2025-05-02T11:27:51.435+0000] {processor.py:799} INFO - Processing file /opt/airflow/dags/extract.py for tasks to queue
[2025-05-02T11:27:51.437+0000] {logging_mixin.py:149} INFO - [2025-05-02T11:27:51.437+0000] {dagbag.py:541} INFO - Filling up the DagBag from /opt/airflow/dags/extract.py
[2025-05-02T11:27:52.213+0000] {processor.py:809} INFO - DAG(s) dict_keys(['extract']) retrieved from /opt/airflow/dags/extract.py
[2025-05-02T11:27:52.336+0000] {logging_mixin.py:149} INFO - [2025-05-02T11:27:52.335+0000] {dag.py:2726} INFO - Sync 1 DAGs
[2025-05-02T11:27:52.403+0000] {logging_mixin.py:149} INFO - [2025-05-02T11:27:52.403+0000] {dag.py:3490} INFO - Setting next_dagrun for extract to 2025-05-02T00:00:00+00:00, run_after=2025-05-03T00:00:00+00:00
[2025-05-02T11:27:52.468+0000] {processor.py:178} INFO - Processing /opt/airflow/dags/extract.py took 1.045 seconds
[2025-05-02T11:28:23.011+0000] {processor.py:156} INFO - Started process (PID=1008) to work on /opt/airflow/dags/extract.py
[2025-05-02T11:28:23.016+0000] {processor.py:799} INFO - Processing file /opt/airflow/dags/extract.py for tasks to queue
[2025-05-02T11:28:23.018+0000] {logging_mixin.py:149} INFO - [2025-05-02T11:28:23.017+0000] {dagbag.py:541} INFO - Filling up the DagBag from /opt/airflow/dags/extract.py
[2025-05-02T11:28:24.012+0000] {processor.py:809} INFO - DAG(s) dict_keys(['extract']) retrieved from /opt/airflow/dags/extract.py
[2025-05-02T11:28:24.069+0000] {logging_mixin.py:149} INFO - [2025-05-02T11:28:24.068+0000] {dag.py:2726} INFO - Sync 1 DAGs
[2025-05-02T11:28:24.132+0000] {logging_mixin.py:149} INFO - [2025-05-02T11:28:24.132+0000] {dag.py:3490} INFO - Setting next_dagrun for extract to 2025-05-02T00:00:00+00:00, run_after=2025-05-03T00:00:00+00:00
[2025-05-02T11:28:24.192+0000] {processor.py:178} INFO - Processing /opt/airflow/dags/extract.py took 1.189 seconds
[2025-05-02T11:28:50.565+0000] {processor.py:156} INFO - Started process (PID=1027) to work on /opt/airflow/dags/extract.py
[2025-05-02T11:28:50.567+0000] {processor.py:799} INFO - Processing file /opt/airflow/dags/extract.py for tasks to queue
[2025-05-02T11:28:50.570+0000] {logging_mixin.py:149} INFO - [2025-05-02T11:28:50.569+0000] {dagbag.py:541} INFO - Filling up the DagBag from /opt/airflow/dags/extract.py
[2025-05-02T11:28:51.547+0000] {processor.py:809} INFO - DAG(s) dict_keys(['extract']) retrieved from /opt/airflow/dags/extract.py
[2025-05-02T11:28:51.614+0000] {logging_mixin.py:149} INFO - [2025-05-02T11:28:51.613+0000] {dag.py:2726} INFO - Sync 1 DAGs
[2025-05-02T11:28:51.693+0000] {logging_mixin.py:149} INFO - [2025-05-02T11:28:51.693+0000] {dag.py:3490} INFO - Setting next_dagrun for extract to 2025-05-02T00:00:00+00:00, run_after=2025-05-03T00:00:00+00:00
[2025-05-02T11:28:52.525+0000] {processor.py:178} INFO - Processing /opt/airflow/dags/extract.py took 1.964 seconds
[2025-05-02T11:33:00.590+0000] {processor.py:156} INFO - Started process (PID=162) to work on /opt/airflow/dags/extract.py
[2025-05-02T11:33:00.594+0000] {processor.py:799} INFO - Processing file /opt/airflow/dags/extract.py for tasks to queue
[2025-05-02T11:33:00.596+0000] {logging_mixin.py:149} INFO - [2025-05-02T11:33:00.596+0000] {dagbag.py:541} INFO - Filling up the DagBag from /opt/airflow/dags/extract.py
[2025-05-02T11:33:04.561+0000] {processor.py:809} INFO - DAG(s) dict_keys(['extract']) retrieved from /opt/airflow/dags/extract.py
[2025-05-02T11:33:04.785+0000] {logging_mixin.py:149} INFO - [2025-05-02T11:33:04.784+0000] {dag.py:2726} INFO - Sync 1 DAGs
[2025-05-02T11:33:04.848+0000] {logging_mixin.py:149} INFO - [2025-05-02T11:33:04.848+0000] {dag.py:3490} INFO - Setting next_dagrun for extract to 2025-05-02T00:00:00+00:00, run_after=2025-05-03T00:00:00+00:00
[2025-05-02T11:33:04.907+0000] {processor.py:178} INFO - Processing /opt/airflow/dags/extract.py took 4.327 seconds
[2025-05-02T11:33:35.357+0000] {processor.py:156} INFO - Started process (PID=197) to work on /opt/airflow/dags/extract.py
[2025-05-02T11:33:35.372+0000] {processor.py:799} INFO - Processing file /opt/airflow/dags/extract.py for tasks to queue
[2025-05-02T11:33:35.394+0000] {logging_mixin.py:149} INFO - [2025-05-02T11:33:35.393+0000] {dagbag.py:541} INFO - Filling up the DagBag from /opt/airflow/dags/extract.py
[2025-05-02T11:33:39.581+0000] {processor.py:809} INFO - DAG(s) dict_keys(['extract']) retrieved from /opt/airflow/dags/extract.py
[2025-05-02T11:33:39.771+0000] {logging_mixin.py:149} INFO - [2025-05-02T11:33:39.750+0000] {dag.py:2726} INFO - Sync 1 DAGs
[2025-05-02T11:33:39.928+0000] {logging_mixin.py:149} INFO - [2025-05-02T11:33:39.927+0000] {dag.py:3490} INFO - Setting next_dagrun for extract to 2025-05-02T00:00:00+00:00, run_after=2025-05-03T00:00:00+00:00
[2025-05-02T11:33:40.017+0000] {processor.py:178} INFO - Processing /opt/airflow/dags/extract.py took 4.680 seconds
[2025-05-02T11:34:10.522+0000] {processor.py:156} INFO - Started process (PID=231) to work on /opt/airflow/dags/extract.py
[2025-05-02T11:34:10.526+0000] {processor.py:799} INFO - Processing file /opt/airflow/dags/extract.py for tasks to queue
[2025-05-02T11:34:10.530+0000] {logging_mixin.py:149} INFO - [2025-05-02T11:34:10.530+0000] {dagbag.py:541} INFO - Filling up the DagBag from /opt/airflow/dags/extract.py
[2025-05-02T11:34:13.062+0000] {processor.py:809} INFO - DAG(s) dict_keys(['extract']) retrieved from /opt/airflow/dags/extract.py
[2025-05-02T11:34:13.177+0000] {logging_mixin.py:149} INFO - [2025-05-02T11:34:13.175+0000] {dag.py:2726} INFO - Sync 1 DAGs
[2025-05-02T11:34:13.253+0000] {logging_mixin.py:149} INFO - [2025-05-02T11:34:13.252+0000] {dag.py:3490} INFO - Setting next_dagrun for extract to 2025-05-02T00:00:00+00:00, run_after=2025-05-03T00:00:00+00:00
[2025-05-02T11:34:13.316+0000] {processor.py:178} INFO - Processing /opt/airflow/dags/extract.py took 2.803 seconds
[2025-05-02T11:34:43.752+0000] {processor.py:156} INFO - Started process (PID=265) to work on /opt/airflow/dags/extract.py
[2025-05-02T11:34:43.754+0000] {processor.py:799} INFO - Processing file /opt/airflow/dags/extract.py for tasks to queue
[2025-05-02T11:34:43.757+0000] {logging_mixin.py:149} INFO - [2025-05-02T11:34:43.756+0000] {dagbag.py:541} INFO - Filling up the DagBag from /opt/airflow/dags/extract.py
[2025-05-02T11:34:46.596+0000] {processor.py:809} INFO - DAG(s) dict_keys(['extract']) retrieved from /opt/airflow/dags/extract.py
[2025-05-02T11:34:46.713+0000] {logging_mixin.py:149} INFO - [2025-05-02T11:34:46.712+0000] {dag.py:2726} INFO - Sync 1 DAGs
[2025-05-02T11:34:46.899+0000] {logging_mixin.py:149} INFO - [2025-05-02T11:34:46.899+0000] {dag.py:3490} INFO - Setting next_dagrun for extract to 2025-05-02T00:00:00+00:00, run_after=2025-05-03T00:00:00+00:00
[2025-05-02T11:34:47.023+0000] {processor.py:178} INFO - Processing /opt/airflow/dags/extract.py took 3.276 seconds
[2025-05-02T11:35:17.547+0000] {processor.py:156} INFO - Started process (PID=299) to work on /opt/airflow/dags/extract.py
[2025-05-02T11:35:17.551+0000] {processor.py:799} INFO - Processing file /opt/airflow/dags/extract.py for tasks to queue
[2025-05-02T11:35:17.554+0000] {logging_mixin.py:149} INFO - [2025-05-02T11:35:17.554+0000] {dagbag.py:541} INFO - Filling up the DagBag from /opt/airflow/dags/extract.py
[2025-05-02T11:35:19.788+0000] {processor.py:809} INFO - DAG(s) dict_keys(['extract']) retrieved from /opt/airflow/dags/extract.py
[2025-05-02T11:35:20.023+0000] {logging_mixin.py:149} INFO - [2025-05-02T11:35:20.019+0000] {dag.py:2726} INFO - Sync 1 DAGs
[2025-05-02T11:35:20.193+0000] {logging_mixin.py:149} INFO - [2025-05-02T11:35:20.193+0000] {dag.py:3490} INFO - Setting next_dagrun for extract to 2025-05-02T00:00:00+00:00, run_after=2025-05-03T00:00:00+00:00
[2025-05-02T11:35:20.269+0000] {processor.py:178} INFO - Processing /opt/airflow/dags/extract.py took 2.730 seconds
[2025-05-02T11:35:50.781+0000] {processor.py:156} INFO - Started process (PID=333) to work on /opt/airflow/dags/extract.py
[2025-05-02T11:35:50.784+0000] {processor.py:799} INFO - Processing file /opt/airflow/dags/extract.py for tasks to queue
[2025-05-02T11:35:50.788+0000] {logging_mixin.py:149} INFO - [2025-05-02T11:35:50.787+0000] {dagbag.py:541} INFO - Filling up the DagBag from /opt/airflow/dags/extract.py
[2025-05-02T11:35:51.975+0000] {processor.py:809} INFO - DAG(s) dict_keys(['extract']) retrieved from /opt/airflow/dags/extract.py
[2025-05-02T11:35:52.039+0000] {logging_mixin.py:149} INFO - [2025-05-02T11:35:52.038+0000] {dag.py:2726} INFO - Sync 1 DAGs
[2025-05-02T11:35:52.101+0000] {logging_mixin.py:149} INFO - [2025-05-02T11:35:52.100+0000] {dag.py:3490} INFO - Setting next_dagrun for extract to 2025-05-02T00:00:00+00:00, run_after=2025-05-03T00:00:00+00:00
[2025-05-02T11:35:52.214+0000] {processor.py:178} INFO - Processing /opt/airflow/dags/extract.py took 1.443 seconds
[2025-05-02T11:36:22.661+0000] {processor.py:156} INFO - Started process (PID=367) to work on /opt/airflow/dags/extract.py
[2025-05-02T11:36:22.665+0000] {processor.py:799} INFO - Processing file /opt/airflow/dags/extract.py for tasks to queue
[2025-05-02T11:36:22.668+0000] {logging_mixin.py:149} INFO - [2025-05-02T11:36:22.667+0000] {dagbag.py:541} INFO - Filling up the DagBag from /opt/airflow/dags/extract.py
[2025-05-02T11:36:23.742+0000] {processor.py:809} INFO - DAG(s) dict_keys(['extract']) retrieved from /opt/airflow/dags/extract.py
[2025-05-02T11:36:23.819+0000] {logging_mixin.py:149} INFO - [2025-05-02T11:36:23.818+0000] {dag.py:2726} INFO - Sync 1 DAGs
[2025-05-02T11:36:23.885+0000] {logging_mixin.py:149} INFO - [2025-05-02T11:36:23.885+0000] {dag.py:3490} INFO - Setting next_dagrun for extract to 2025-05-02T00:00:00+00:00, run_after=2025-05-03T00:00:00+00:00
[2025-05-02T11:36:23.959+0000] {processor.py:178} INFO - Processing /opt/airflow/dags/extract.py took 1.317 seconds
[2025-05-02T11:36:54.513+0000] {processor.py:156} INFO - Started process (PID=429) to work on /opt/airflow/dags/extract.py
[2025-05-02T11:36:54.529+0000] {processor.py:799} INFO - Processing file /opt/airflow/dags/extract.py for tasks to queue
[2025-05-02T11:36:54.536+0000] {logging_mixin.py:149} INFO - [2025-05-02T11:36:54.535+0000] {dagbag.py:541} INFO - Filling up the DagBag from /opt/airflow/dags/extract.py
[2025-05-02T11:36:55.786+0000] {processor.py:809} INFO - DAG(s) dict_keys(['extract']) retrieved from /opt/airflow/dags/extract.py
[2025-05-02T11:36:55.894+0000] {logging_mixin.py:149} INFO - [2025-05-02T11:36:55.893+0000] {dag.py:2726} INFO - Sync 1 DAGs
[2025-05-02T11:36:56.017+0000] {logging_mixin.py:149} INFO - [2025-05-02T11:36:56.016+0000] {dag.py:3490} INFO - Setting next_dagrun for extract to 2025-05-02T00:00:00+00:00, run_after=2025-05-03T00:00:00+00:00
[2025-05-02T11:36:56.126+0000] {processor.py:178} INFO - Processing /opt/airflow/dags/extract.py took 1.642 seconds
[2025-05-02T11:37:26.606+0000] {processor.py:156} INFO - Started process (PID=519) to work on /opt/airflow/dags/extract.py
[2025-05-02T11:37:26.611+0000] {processor.py:799} INFO - Processing file /opt/airflow/dags/extract.py for tasks to queue
[2025-05-02T11:37:26.613+0000] {logging_mixin.py:149} INFO - [2025-05-02T11:37:26.613+0000] {dagbag.py:541} INFO - Filling up the DagBag from /opt/airflow/dags/extract.py
[2025-05-02T11:37:28.679+0000] {processor.py:809} INFO - DAG(s) dict_keys(['extract']) retrieved from /opt/airflow/dags/extract.py
[2025-05-02T11:37:28.852+0000] {logging_mixin.py:149} INFO - [2025-05-02T11:37:28.850+0000] {dag.py:2726} INFO - Sync 1 DAGs
[2025-05-02T11:37:28.981+0000] {logging_mixin.py:149} INFO - [2025-05-02T11:37:28.981+0000] {dag.py:3490} INFO - Setting next_dagrun for extract to 2025-05-02T00:00:00+00:00, run_after=2025-05-03T00:00:00+00:00
[2025-05-02T11:37:29.059+0000] {processor.py:178} INFO - Processing /opt/airflow/dags/extract.py took 2.463 seconds
[2025-05-02T11:37:59.616+0000] {processor.py:156} INFO - Started process (PID=553) to work on /opt/airflow/dags/extract.py
[2025-05-02T11:37:59.625+0000] {processor.py:799} INFO - Processing file /opt/airflow/dags/extract.py for tasks to queue
[2025-05-02T11:37:59.629+0000] {logging_mixin.py:149} INFO - [2025-05-02T11:37:59.628+0000] {dagbag.py:541} INFO - Filling up the DagBag from /opt/airflow/dags/extract.py
[2025-05-02T11:38:01.233+0000] {processor.py:809} INFO - DAG(s) dict_keys(['extract']) retrieved from /opt/airflow/dags/extract.py
[2025-05-02T11:38:01.394+0000] {logging_mixin.py:149} INFO - [2025-05-02T11:38:01.392+0000] {dag.py:2726} INFO - Sync 1 DAGs
[2025-05-02T11:38:01.498+0000] {logging_mixin.py:149} INFO - [2025-05-02T11:38:01.497+0000] {dag.py:3490} INFO - Setting next_dagrun for extract to 2025-05-02T00:00:00+00:00, run_after=2025-05-03T00:00:00+00:00
[2025-05-02T11:38:01.693+0000] {processor.py:178} INFO - Processing /opt/airflow/dags/extract.py took 2.117 seconds
[2025-05-02T11:38:32.262+0000] {processor.py:156} INFO - Started process (PID=587) to work on /opt/airflow/dags/extract.py
[2025-05-02T11:38:32.265+0000] {processor.py:799} INFO - Processing file /opt/airflow/dags/extract.py for tasks to queue
[2025-05-02T11:38:32.269+0000] {logging_mixin.py:149} INFO - [2025-05-02T11:38:32.269+0000] {dagbag.py:541} INFO - Filling up the DagBag from /opt/airflow/dags/extract.py
[2025-05-02T11:38:33.331+0000] {processor.py:809} INFO - DAG(s) dict_keys(['extract']) retrieved from /opt/airflow/dags/extract.py
[2025-05-02T11:38:33.408+0000] {logging_mixin.py:149} INFO - [2025-05-02T11:38:33.407+0000] {dag.py:2726} INFO - Sync 1 DAGs
[2025-05-02T11:38:33.473+0000] {logging_mixin.py:149} INFO - [2025-05-02T11:38:33.472+0000] {dag.py:3490} INFO - Setting next_dagrun for extract to 2025-05-02T00:00:00+00:00, run_after=2025-05-03T00:00:00+00:00
[2025-05-02T11:38:33.544+0000] {processor.py:178} INFO - Processing /opt/airflow/dags/extract.py took 1.290 seconds
[2025-05-02T11:39:04.002+0000] {processor.py:156} INFO - Started process (PID=621) to work on /opt/airflow/dags/extract.py
[2025-05-02T11:39:04.004+0000] {processor.py:799} INFO - Processing file /opt/airflow/dags/extract.py for tasks to queue
[2025-05-02T11:39:04.007+0000] {logging_mixin.py:149} INFO - [2025-05-02T11:39:04.007+0000] {dagbag.py:541} INFO - Filling up the DagBag from /opt/airflow/dags/extract.py
[2025-05-02T11:39:05.346+0000] {processor.py:809} INFO - DAG(s) dict_keys(['extract']) retrieved from /opt/airflow/dags/extract.py
[2025-05-02T11:39:05.581+0000] {logging_mixin.py:149} INFO - [2025-05-02T11:39:05.580+0000] {dag.py:2726} INFO - Sync 1 DAGs
[2025-05-02T11:39:05.685+0000] {logging_mixin.py:149} INFO - [2025-05-02T11:39:05.684+0000] {dag.py:3490} INFO - Setting next_dagrun for extract to 2025-05-02T00:00:00+00:00, run_after=2025-05-03T00:00:00+00:00
[2025-05-02T11:39:05.812+0000] {processor.py:178} INFO - Processing /opt/airflow/dags/extract.py took 1.818 seconds
[2025-05-02T11:39:36.383+0000] {processor.py:156} INFO - Started process (PID=655) to work on /opt/airflow/dags/extract.py
[2025-05-02T11:39:36.386+0000] {processor.py:799} INFO - Processing file /opt/airflow/dags/extract.py for tasks to queue
[2025-05-02T11:39:36.389+0000] {logging_mixin.py:149} INFO - [2025-05-02T11:39:36.388+0000] {dagbag.py:541} INFO - Filling up the DagBag from /opt/airflow/dags/extract.py
[2025-05-02T11:39:37.592+0000] {processor.py:809} INFO - DAG(s) dict_keys(['extract']) retrieved from /opt/airflow/dags/extract.py
[2025-05-02T11:39:37.886+0000] {logging_mixin.py:149} INFO - [2025-05-02T11:39:37.884+0000] {dag.py:2726} INFO - Sync 1 DAGs
[2025-05-02T11:39:38.035+0000] {logging_mixin.py:149} INFO - [2025-05-02T11:39:38.035+0000] {dag.py:3490} INFO - Setting next_dagrun for extract to 2025-05-02T00:00:00+00:00, run_after=2025-05-03T00:00:00+00:00
[2025-05-02T11:39:38.138+0000] {processor.py:178} INFO - Processing /opt/airflow/dags/extract.py took 1.768 seconds
[2025-05-02T11:40:08.615+0000] {processor.py:156} INFO - Started process (PID=689) to work on /opt/airflow/dags/extract.py
[2025-05-02T11:40:08.617+0000] {processor.py:799} INFO - Processing file /opt/airflow/dags/extract.py for tasks to queue
[2025-05-02T11:40:08.622+0000] {logging_mixin.py:149} INFO - [2025-05-02T11:40:08.621+0000] {dagbag.py:541} INFO - Filling up the DagBag from /opt/airflow/dags/extract.py
[2025-05-02T11:40:09.671+0000] {processor.py:809} INFO - DAG(s) dict_keys(['extract']) retrieved from /opt/airflow/dags/extract.py
[2025-05-02T11:40:09.799+0000] {logging_mixin.py:149} INFO - [2025-05-02T11:40:09.798+0000] {dag.py:2726} INFO - Sync 1 DAGs
[2025-05-02T11:40:09.880+0000] {logging_mixin.py:149} INFO - [2025-05-02T11:40:09.879+0000] {dag.py:3490} INFO - Setting next_dagrun for extract to 2025-05-02T00:00:00+00:00, run_after=2025-05-03T00:00:00+00:00
[2025-05-02T11:40:09.975+0000] {processor.py:178} INFO - Processing /opt/airflow/dags/extract.py took 1.366 seconds
[2025-05-02T11:40:40.528+0000] {processor.py:156} INFO - Started process (PID=737) to work on /opt/airflow/dags/extract.py
[2025-05-02T11:40:40.537+0000] {processor.py:799} INFO - Processing file /opt/airflow/dags/extract.py for tasks to queue
[2025-05-02T11:40:40.540+0000] {logging_mixin.py:149} INFO - [2025-05-02T11:40:40.539+0000] {dagbag.py:541} INFO - Filling up the DagBag from /opt/airflow/dags/extract.py
[2025-05-02T11:40:41.525+0000] {processor.py:809} INFO - DAG(s) dict_keys(['extract']) retrieved from /opt/airflow/dags/extract.py
[2025-05-02T11:40:41.592+0000] {logging_mixin.py:149} INFO - [2025-05-02T11:40:41.591+0000] {dag.py:2726} INFO - Sync 1 DAGs
[2025-05-02T11:40:41.663+0000] {logging_mixin.py:149} INFO - [2025-05-02T11:40:41.663+0000] {dag.py:3490} INFO - Setting next_dagrun for extract to 2025-05-02T00:00:00+00:00, run_after=2025-05-03T00:00:00+00:00
[2025-05-02T11:40:41.725+0000] {processor.py:178} INFO - Processing /opt/airflow/dags/extract.py took 1.207 seconds
[2025-05-02T11:41:12.100+0000] {processor.py:156} INFO - Started process (PID=757) to work on /opt/airflow/dags/extract.py
[2025-05-02T11:41:12.103+0000] {processor.py:799} INFO - Processing file /opt/airflow/dags/extract.py for tasks to queue
[2025-05-02T11:41:12.106+0000] {logging_mixin.py:149} INFO - [2025-05-02T11:41:12.106+0000] {dagbag.py:541} INFO - Filling up the DagBag from /opt/airflow/dags/extract.py
[2025-05-02T11:41:13.843+0000] {processor.py:809} INFO - DAG(s) dict_keys(['extract']) retrieved from /opt/airflow/dags/extract.py
[2025-05-02T11:41:13.927+0000] {logging_mixin.py:149} INFO - [2025-05-02T11:41:13.927+0000] {dag.py:2726} INFO - Sync 1 DAGs
[2025-05-02T11:41:14.004+0000] {logging_mixin.py:149} INFO - [2025-05-02T11:41:14.004+0000] {dag.py:3490} INFO - Setting next_dagrun for extract to 2025-05-02T00:00:00+00:00, run_after=2025-05-03T00:00:00+00:00
[2025-05-02T11:41:14.089+0000] {processor.py:178} INFO - Processing /opt/airflow/dags/extract.py took 1.995 seconds
[2025-05-02T11:41:44.618+0000] {processor.py:156} INFO - Started process (PID=791) to work on /opt/airflow/dags/extract.py
[2025-05-02T11:41:44.621+0000] {processor.py:799} INFO - Processing file /opt/airflow/dags/extract.py for tasks to queue
[2025-05-02T11:41:44.625+0000] {logging_mixin.py:149} INFO - [2025-05-02T11:41:44.624+0000] {dagbag.py:541} INFO - Filling up the DagBag from /opt/airflow/dags/extract.py
[2025-05-02T11:41:45.859+0000] {processor.py:809} INFO - DAG(s) dict_keys(['extract']) retrieved from /opt/airflow/dags/extract.py
[2025-05-02T11:41:45.941+0000] {logging_mixin.py:149} INFO - [2025-05-02T11:41:45.940+0000] {dag.py:2726} INFO - Sync 1 DAGs
[2025-05-02T11:41:46.063+0000] {logging_mixin.py:149} INFO - [2025-05-02T11:41:46.063+0000] {dag.py:3490} INFO - Setting next_dagrun for extract to 2025-05-02T00:00:00+00:00, run_after=2025-05-03T00:00:00+00:00
[2025-05-02T11:41:46.533+0000] {processor.py:178} INFO - Processing /opt/airflow/dags/extract.py took 1.926 seconds
[2025-05-02T11:43:41.608+0000] {processor.py:156} INFO - Started process (PID=162) to work on /opt/airflow/dags/extract.py
[2025-05-02T11:43:41.615+0000] {processor.py:799} INFO - Processing file /opt/airflow/dags/extract.py for tasks to queue
[2025-05-02T11:43:41.619+0000] {logging_mixin.py:149} INFO - [2025-05-02T11:43:41.618+0000] {dagbag.py:541} INFO - Filling up the DagBag from /opt/airflow/dags/extract.py
[2025-05-02T11:43:46.647+0000] {processor.py:809} INFO - DAG(s) dict_keys(['extract']) retrieved from /opt/airflow/dags/extract.py
[2025-05-02T11:43:46.901+0000] {logging_mixin.py:149} INFO - [2025-05-02T11:43:46.899+0000] {dag.py:2726} INFO - Sync 1 DAGs
[2025-05-02T11:43:46.960+0000] {logging_mixin.py:149} INFO - [2025-05-02T11:43:46.959+0000] {dag.py:3490} INFO - Setting next_dagrun for extract to 2025-05-02T00:00:00+00:00, run_after=2025-05-03T00:00:00+00:00
[2025-05-02T11:43:47.020+0000] {processor.py:178} INFO - Processing /opt/airflow/dags/extract.py took 5.442 seconds
[2025-05-02T11:44:17.265+0000] {processor.py:156} INFO - Started process (PID=225) to work on /opt/airflow/dags/extract.py
[2025-05-02T11:44:17.272+0000] {processor.py:799} INFO - Processing file /opt/airflow/dags/extract.py for tasks to queue
[2025-05-02T11:44:17.282+0000] {logging_mixin.py:149} INFO - [2025-05-02T11:44:17.281+0000] {dagbag.py:541} INFO - Filling up the DagBag from /opt/airflow/dags/extract.py
[2025-05-02T11:44:22.781+0000] {processor.py:809} INFO - DAG(s) dict_keys(['extract']) retrieved from /opt/airflow/dags/extract.py
[2025-05-02T11:44:22.936+0000] {logging_mixin.py:149} INFO - [2025-05-02T11:44:22.935+0000] {dag.py:2726} INFO - Sync 1 DAGs
[2025-05-02T11:44:23.029+0000] {logging_mixin.py:149} INFO - [2025-05-02T11:44:23.029+0000] {dag.py:3490} INFO - Setting next_dagrun for extract to 2025-05-02T00:00:00+00:00, run_after=2025-05-03T00:00:00+00:00
[2025-05-02T11:44:23.103+0000] {processor.py:178} INFO - Processing /opt/airflow/dags/extract.py took 5.852 seconds
[2025-05-02T11:44:53.658+0000] {processor.py:156} INFO - Started process (PID=260) to work on /opt/airflow/dags/extract.py
[2025-05-02T11:44:53.669+0000] {processor.py:799} INFO - Processing file /opt/airflow/dags/extract.py for tasks to queue
[2025-05-02T11:44:53.676+0000] {logging_mixin.py:149} INFO - [2025-05-02T11:44:53.676+0000] {dagbag.py:541} INFO - Filling up the DagBag from /opt/airflow/dags/extract.py
[2025-05-02T11:45:00.580+0000] {processor.py:809} INFO - DAG(s) dict_keys(['extract']) retrieved from /opt/airflow/dags/extract.py
[2025-05-02T11:45:00.732+0000] {logging_mixin.py:149} INFO - [2025-05-02T11:45:00.731+0000] {dag.py:2726} INFO - Sync 1 DAGs
[2025-05-02T11:45:00.799+0000] {logging_mixin.py:149} INFO - [2025-05-02T11:45:00.799+0000] {dag.py:3490} INFO - Setting next_dagrun for extract to 2025-05-02T00:00:00+00:00, run_after=2025-05-03T00:00:00+00:00
[2025-05-02T11:45:00.866+0000] {processor.py:178} INFO - Processing /opt/airflow/dags/extract.py took 7.321 seconds
[2025-05-02T11:45:31.169+0000] {processor.py:156} INFO - Started process (PID=335) to work on /opt/airflow/dags/extract.py
[2025-05-02T11:45:31.172+0000] {processor.py:799} INFO - Processing file /opt/airflow/dags/extract.py for tasks to queue
[2025-05-02T11:45:31.175+0000] {logging_mixin.py:149} INFO - [2025-05-02T11:45:31.174+0000] {dagbag.py:541} INFO - Filling up the DagBag from /opt/airflow/dags/extract.py
[2025-05-02T11:45:32.299+0000] {processor.py:809} INFO - DAG(s) dict_keys(['extract']) retrieved from /opt/airflow/dags/extract.py
[2025-05-02T11:45:32.352+0000] {logging_mixin.py:149} INFO - [2025-05-02T11:45:32.351+0000] {dag.py:2726} INFO - Sync 1 DAGs
[2025-05-02T11:45:32.399+0000] {logging_mixin.py:149} INFO - [2025-05-02T11:45:32.399+0000] {dag.py:3490} INFO - Setting next_dagrun for extract to 2025-05-02T00:00:00+00:00, run_after=2025-05-03T00:00:00+00:00
[2025-05-02T11:45:32.455+0000] {processor.py:178} INFO - Processing /opt/airflow/dags/extract.py took 1.297 seconds
[2025-05-02T11:46:02.912+0000] {processor.py:156} INFO - Started process (PID=369) to work on /opt/airflow/dags/extract.py
[2025-05-02T11:46:02.914+0000] {processor.py:799} INFO - Processing file /opt/airflow/dags/extract.py for tasks to queue
[2025-05-02T11:46:02.916+0000] {logging_mixin.py:149} INFO - [2025-05-02T11:46:02.916+0000] {dagbag.py:541} INFO - Filling up the DagBag from /opt/airflow/dags/extract.py
[2025-05-02T11:46:04.958+0000] {processor.py:809} INFO - DAG(s) dict_keys(['extract']) retrieved from /opt/airflow/dags/extract.py
[2025-05-02T11:46:05.038+0000] {logging_mixin.py:149} INFO - [2025-05-02T11:46:05.037+0000] {dag.py:2726} INFO - Sync 1 DAGs
[2025-05-02T11:46:05.114+0000] {logging_mixin.py:149} INFO - [2025-05-02T11:46:05.114+0000] {dag.py:3490} INFO - Setting next_dagrun for extract to 2025-05-02T00:00:00+00:00, run_after=2025-05-03T00:00:00+00:00
[2025-05-02T11:46:05.182+0000] {processor.py:178} INFO - Processing /opt/airflow/dags/extract.py took 2.278 seconds
[2025-05-02T11:46:35.736+0000] {processor.py:156} INFO - Started process (PID=403) to work on /opt/airflow/dags/extract.py
[2025-05-02T11:46:35.739+0000] {processor.py:799} INFO - Processing file /opt/airflow/dags/extract.py for tasks to queue
[2025-05-02T11:46:35.742+0000] {logging_mixin.py:149} INFO - [2025-05-02T11:46:35.742+0000] {dagbag.py:541} INFO - Filling up the DagBag from /opt/airflow/dags/extract.py
[2025-05-02T11:46:37.138+0000] {processor.py:809} INFO - DAG(s) dict_keys(['extract']) retrieved from /opt/airflow/dags/extract.py
[2025-05-02T11:46:37.277+0000] {logging_mixin.py:149} INFO - [2025-05-02T11:46:37.276+0000] {dag.py:2726} INFO - Sync 1 DAGs
[2025-05-02T11:46:37.358+0000] {logging_mixin.py:149} INFO - [2025-05-02T11:46:37.358+0000] {dag.py:3490} INFO - Setting next_dagrun for extract to 2025-05-02T00:00:00+00:00, run_after=2025-05-03T00:00:00+00:00
[2025-05-02T11:46:37.445+0000] {processor.py:178} INFO - Processing /opt/airflow/dags/extract.py took 1.719 seconds
[2025-05-02T11:47:07.878+0000] {processor.py:156} INFO - Started process (PID=437) to work on /opt/airflow/dags/extract.py
[2025-05-02T11:47:07.881+0000] {processor.py:799} INFO - Processing file /opt/airflow/dags/extract.py for tasks to queue
[2025-05-02T11:47:07.884+0000] {logging_mixin.py:149} INFO - [2025-05-02T11:47:07.883+0000] {dagbag.py:541} INFO - Filling up the DagBag from /opt/airflow/dags/extract.py
[2025-05-02T11:47:09.329+0000] {processor.py:809} INFO - DAG(s) dict_keys(['extract']) retrieved from /opt/airflow/dags/extract.py
[2025-05-02T11:47:09.493+0000] {logging_mixin.py:149} INFO - [2025-05-02T11:47:09.492+0000] {dag.py:2726} INFO - Sync 1 DAGs
[2025-05-02T11:47:09.594+0000] {logging_mixin.py:149} INFO - [2025-05-02T11:47:09.594+0000] {dag.py:3490} INFO - Setting next_dagrun for extract to 2025-05-02T00:00:00+00:00, run_after=2025-05-03T00:00:00+00:00
[2025-05-02T11:47:09.681+0000] {processor.py:178} INFO - Processing /opt/airflow/dags/extract.py took 1.811 seconds
[2025-05-02T11:47:40.119+0000] {processor.py:156} INFO - Started process (PID=471) to work on /opt/airflow/dags/extract.py
[2025-05-02T11:47:40.123+0000] {processor.py:799} INFO - Processing file /opt/airflow/dags/extract.py for tasks to queue
[2025-05-02T11:47:40.125+0000] {logging_mixin.py:149} INFO - [2025-05-02T11:47:40.125+0000] {dagbag.py:541} INFO - Filling up the DagBag from /opt/airflow/dags/extract.py
[2025-05-02T11:47:41.164+0000] {processor.py:809} INFO - DAG(s) dict_keys(['extract']) retrieved from /opt/airflow/dags/extract.py
[2025-05-02T11:47:41.240+0000] {logging_mixin.py:149} INFO - [2025-05-02T11:47:41.237+0000] {dag.py:2726} INFO - Sync 1 DAGs
[2025-05-02T11:47:41.445+0000] {logging_mixin.py:149} INFO - [2025-05-02T11:47:41.444+0000] {dag.py:3490} INFO - Setting next_dagrun for extract to 2025-05-02T00:00:00+00:00, run_after=2025-05-03T00:00:00+00:00
[2025-05-02T11:47:41.524+0000] {processor.py:178} INFO - Processing /opt/airflow/dags/extract.py took 1.424 seconds
[2025-05-02T11:48:12.031+0000] {processor.py:156} INFO - Started process (PID=505) to work on /opt/airflow/dags/extract.py
[2025-05-02T11:48:12.035+0000] {processor.py:799} INFO - Processing file /opt/airflow/dags/extract.py for tasks to queue
[2025-05-02T11:48:12.038+0000] {logging_mixin.py:149} INFO - [2025-05-02T11:48:12.038+0000] {dagbag.py:541} INFO - Filling up the DagBag from /opt/airflow/dags/extract.py
[2025-05-02T11:48:12.941+0000] {processor.py:809} INFO - DAG(s) dict_keys(['extract']) retrieved from /opt/airflow/dags/extract.py
[2025-05-02T11:48:13.050+0000] {logging_mixin.py:149} INFO - [2025-05-02T11:48:13.049+0000] {dag.py:2726} INFO - Sync 1 DAGs
[2025-05-02T11:48:13.117+0000] {logging_mixin.py:149} INFO - [2025-05-02T11:48:13.117+0000] {dag.py:3490} INFO - Setting next_dagrun for extract to 2025-05-02T00:00:00+00:00, run_after=2025-05-03T00:00:00+00:00
[2025-05-02T11:48:13.179+0000] {processor.py:178} INFO - Processing /opt/airflow/dags/extract.py took 1.158 seconds
[2025-05-02T11:48:43.764+0000] {processor.py:156} INFO - Started process (PID=539) to work on /opt/airflow/dags/extract.py
[2025-05-02T11:48:43.767+0000] {processor.py:799} INFO - Processing file /opt/airflow/dags/extract.py for tasks to queue
[2025-05-02T11:48:43.769+0000] {logging_mixin.py:149} INFO - [2025-05-02T11:48:43.769+0000] {dagbag.py:541} INFO - Filling up the DagBag from /opt/airflow/dags/extract.py
[2025-05-02T11:48:44.881+0000] {processor.py:809} INFO - DAG(s) dict_keys(['extract']) retrieved from /opt/airflow/dags/extract.py
[2025-05-02T11:48:44.938+0000] {logging_mixin.py:149} INFO - [2025-05-02T11:48:44.937+0000] {dag.py:2726} INFO - Sync 1 DAGs
[2025-05-02T11:48:45.002+0000] {logging_mixin.py:149} INFO - [2025-05-02T11:48:45.001+0000] {dag.py:3490} INFO - Setting next_dagrun for extract to 2025-05-02T00:00:00+00:00, run_after=2025-05-03T00:00:00+00:00
[2025-05-02T11:48:45.070+0000] {processor.py:178} INFO - Processing /opt/airflow/dags/extract.py took 1.315 seconds
[2025-05-02T11:49:15.574+0000] {processor.py:156} INFO - Started process (PID=588) to work on /opt/airflow/dags/extract.py
[2025-05-02T11:49:15.576+0000] {processor.py:799} INFO - Processing file /opt/airflow/dags/extract.py for tasks to queue
[2025-05-02T11:49:15.578+0000] {logging_mixin.py:149} INFO - [2025-05-02T11:49:15.578+0000] {dagbag.py:541} INFO - Filling up the DagBag from /opt/airflow/dags/extract.py
[2025-05-02T11:49:16.624+0000] {processor.py:809} INFO - DAG(s) dict_keys(['extract']) retrieved from /opt/airflow/dags/extract.py
[2025-05-02T11:49:16.689+0000] {logging_mixin.py:149} INFO - [2025-05-02T11:49:16.688+0000] {dag.py:2726} INFO - Sync 1 DAGs
[2025-05-02T11:49:16.750+0000] {logging_mixin.py:149} INFO - [2025-05-02T11:49:16.750+0000] {dag.py:3490} INFO - Setting next_dagrun for extract to 2025-05-02T00:00:00+00:00, run_after=2025-05-03T00:00:00+00:00
[2025-05-02T11:49:16.816+0000] {processor.py:178} INFO - Processing /opt/airflow/dags/extract.py took 1.249 seconds
[2025-05-02T11:49:47.007+0000] {processor.py:156} INFO - Started process (PID=607) to work on /opt/airflow/dags/extract.py
[2025-05-02T11:49:47.009+0000] {processor.py:799} INFO - Processing file /opt/airflow/dags/extract.py for tasks to queue
[2025-05-02T11:49:47.011+0000] {logging_mixin.py:149} INFO - [2025-05-02T11:49:47.011+0000] {dagbag.py:541} INFO - Filling up the DagBag from /opt/airflow/dags/extract.py
[2025-05-02T11:49:47.932+0000] {processor.py:809} INFO - DAG(s) dict_keys(['extract']) retrieved from /opt/airflow/dags/extract.py
[2025-05-02T11:49:48.354+0000] {logging_mixin.py:149} INFO - [2025-05-02T11:49:48.352+0000] {dag.py:2726} INFO - Sync 1 DAGs
[2025-05-02T11:49:48.516+0000] {logging_mixin.py:149} INFO - [2025-05-02T11:49:48.515+0000] {dag.py:3490} INFO - Setting next_dagrun for extract to 2025-05-02T00:00:00+00:00, run_after=2025-05-03T00:00:00+00:00
[2025-05-02T11:49:48.654+0000] {processor.py:178} INFO - Processing /opt/airflow/dags/extract.py took 1.654 seconds
[2025-05-02T11:50:19.101+0000] {processor.py:156} INFO - Started process (PID=655) to work on /opt/airflow/dags/extract.py
[2025-05-02T11:50:19.103+0000] {processor.py:799} INFO - Processing file /opt/airflow/dags/extract.py for tasks to queue
[2025-05-02T11:50:19.106+0000] {logging_mixin.py:149} INFO - [2025-05-02T11:50:19.105+0000] {dagbag.py:541} INFO - Filling up the DagBag from /opt/airflow/dags/extract.py
[2025-05-02T11:50:20.172+0000] {processor.py:809} INFO - DAG(s) dict_keys(['extract']) retrieved from /opt/airflow/dags/extract.py
[2025-05-02T11:50:20.249+0000] {logging_mixin.py:149} INFO - [2025-05-02T11:50:20.247+0000] {dag.py:2726} INFO - Sync 1 DAGs
[2025-05-02T11:50:20.313+0000] {logging_mixin.py:149} INFO - [2025-05-02T11:50:20.313+0000] {dag.py:3490} INFO - Setting next_dagrun for extract to 2025-05-02T00:00:00+00:00, run_after=2025-05-03T00:00:00+00:00
[2025-05-02T11:50:20.382+0000] {processor.py:178} INFO - Processing /opt/airflow/dags/extract.py took 1.290 seconds
[2025-05-02T11:50:50.836+0000] {processor.py:156} INFO - Started process (PID=689) to work on /opt/airflow/dags/extract.py
[2025-05-02T11:50:50.838+0000] {processor.py:799} INFO - Processing file /opt/airflow/dags/extract.py for tasks to queue
[2025-05-02T11:50:50.840+0000] {logging_mixin.py:149} INFO - [2025-05-02T11:50:50.840+0000] {dagbag.py:541} INFO - Filling up the DagBag from /opt/airflow/dags/extract.py
[2025-05-02T11:50:51.749+0000] {processor.py:809} INFO - DAG(s) dict_keys(['extract']) retrieved from /opt/airflow/dags/extract.py
[2025-05-02T11:50:51.823+0000] {logging_mixin.py:149} INFO - [2025-05-02T11:50:51.822+0000] {dag.py:2726} INFO - Sync 1 DAGs
[2025-05-02T11:50:51.896+0000] {logging_mixin.py:149} INFO - [2025-05-02T11:50:51.896+0000] {dag.py:3490} INFO - Setting next_dagrun for extract to 2025-05-02T00:00:00+00:00, run_after=2025-05-03T00:00:00+00:00
[2025-05-02T11:50:51.957+0000] {processor.py:178} INFO - Processing /opt/airflow/dags/extract.py took 1.129 seconds
[2025-05-02T11:51:22.419+0000] {processor.py:156} INFO - Started process (PID=723) to work on /opt/airflow/dags/extract.py
[2025-05-02T11:51:22.421+0000] {processor.py:799} INFO - Processing file /opt/airflow/dags/extract.py for tasks to queue
[2025-05-02T11:51:22.423+0000] {logging_mixin.py:149} INFO - [2025-05-02T11:51:22.423+0000] {dagbag.py:541} INFO - Filling up the DagBag from /opt/airflow/dags/extract.py
[2025-05-02T11:51:23.409+0000] {processor.py:809} INFO - DAG(s) dict_keys(['extract']) retrieved from /opt/airflow/dags/extract.py
[2025-05-02T11:51:23.562+0000] {logging_mixin.py:149} INFO - [2025-05-02T11:51:23.555+0000] {dag.py:2726} INFO - Sync 1 DAGs
[2025-05-02T11:51:23.685+0000] {logging_mixin.py:149} INFO - [2025-05-02T11:51:23.684+0000] {dag.py:3490} INFO - Setting next_dagrun for extract to 2025-05-02T00:00:00+00:00, run_after=2025-05-03T00:00:00+00:00
[2025-05-02T11:51:23.773+0000] {processor.py:178} INFO - Processing /opt/airflow/dags/extract.py took 1.359 seconds
[2025-05-02T11:51:53.897+0000] {processor.py:156} INFO - Started process (PID=757) to work on /opt/airflow/dags/extract.py
[2025-05-02T11:51:53.900+0000] {processor.py:799} INFO - Processing file /opt/airflow/dags/extract.py for tasks to queue
[2025-05-02T11:51:53.903+0000] {logging_mixin.py:149} INFO - [2025-05-02T11:51:53.902+0000] {dagbag.py:541} INFO - Filling up the DagBag from /opt/airflow/dags/extract.py
[2025-05-02T11:51:54.951+0000] {processor.py:809} INFO - DAG(s) dict_keys(['extract']) retrieved from /opt/airflow/dags/extract.py
[2025-05-02T11:51:55.045+0000] {logging_mixin.py:149} INFO - [2025-05-02T11:51:55.043+0000] {dag.py:2726} INFO - Sync 1 DAGs
[2025-05-02T11:51:55.137+0000] {logging_mixin.py:149} INFO - [2025-05-02T11:51:55.136+0000] {dag.py:3490} INFO - Setting next_dagrun for extract to 2025-05-02T00:00:00+00:00, run_after=2025-05-03T00:00:00+00:00
[2025-05-02T11:51:55.206+0000] {processor.py:178} INFO - Processing /opt/airflow/dags/extract.py took 1.318 seconds
[2025-05-02T11:52:25.681+0000] {processor.py:156} INFO - Started process (PID=791) to work on /opt/airflow/dags/extract.py
[2025-05-02T11:52:25.684+0000] {processor.py:799} INFO - Processing file /opt/airflow/dags/extract.py for tasks to queue
[2025-05-02T11:52:25.686+0000] {logging_mixin.py:149} INFO - [2025-05-02T11:52:25.686+0000] {dagbag.py:541} INFO - Filling up the DagBag from /opt/airflow/dags/extract.py
[2025-05-02T11:52:26.749+0000] {processor.py:809} INFO - DAG(s) dict_keys(['extract']) retrieved from /opt/airflow/dags/extract.py
[2025-05-02T11:52:26.848+0000] {logging_mixin.py:149} INFO - [2025-05-02T11:52:26.846+0000] {dag.py:2726} INFO - Sync 1 DAGs
[2025-05-02T11:52:27.999+0000] {logging_mixin.py:149} INFO - [2025-05-02T11:52:27.998+0000] {dag.py:3490} INFO - Setting next_dagrun for extract to 2025-05-02T00:00:00+00:00, run_after=2025-05-03T00:00:00+00:00
[2025-05-02T11:52:28.092+0000] {processor.py:178} INFO - Processing /opt/airflow/dags/extract.py took 2.419 seconds
[2025-05-02T11:52:58.677+0000] {processor.py:156} INFO - Started process (PID=840) to work on /opt/airflow/dags/extract.py
[2025-05-02T11:52:58.686+0000] {processor.py:799} INFO - Processing file /opt/airflow/dags/extract.py for tasks to queue
[2025-05-02T11:52:58.690+0000] {logging_mixin.py:149} INFO - [2025-05-02T11:52:58.689+0000] {dagbag.py:541} INFO - Filling up the DagBag from /opt/airflow/dags/extract.py
[2025-05-02T11:52:59.614+0000] {processor.py:809} INFO - DAG(s) dict_keys(['extract']) retrieved from /opt/airflow/dags/extract.py
[2025-05-02T11:52:59.752+0000] {logging_mixin.py:149} INFO - [2025-05-02T11:52:59.751+0000] {dag.py:2726} INFO - Sync 1 DAGs
[2025-05-02T11:52:59.811+0000] {logging_mixin.py:149} INFO - [2025-05-02T11:52:59.811+0000] {dag.py:3490} INFO - Setting next_dagrun for extract to 2025-05-02T00:00:00+00:00, run_after=2025-05-03T00:00:00+00:00
[2025-05-02T11:52:59.872+0000] {processor.py:178} INFO - Processing /opt/airflow/dags/extract.py took 1.217 seconds
[2025-05-02T11:55:38.103+0000] {processor.py:156} INFO - Started process (PID=162) to work on /opt/airflow/dags/extract.py
[2025-05-02T11:55:38.109+0000] {processor.py:799} INFO - Processing file /opt/airflow/dags/extract.py for tasks to queue
[2025-05-02T11:55:38.112+0000] {logging_mixin.py:149} INFO - [2025-05-02T11:55:38.111+0000] {dagbag.py:541} INFO - Filling up the DagBag from /opt/airflow/dags/extract.py
[2025-05-02T11:55:43.253+0000] {processor.py:809} INFO - DAG(s) dict_keys(['extract']) retrieved from /opt/airflow/dags/extract.py
[2025-05-02T11:55:43.679+0000] {logging_mixin.py:149} INFO - [2025-05-02T11:55:43.678+0000] {manager.py:504} INFO - Created Permission View: can edit on DAG:extract
[2025-05-02T11:55:43.709+0000] {logging_mixin.py:149} INFO - [2025-05-02T11:55:43.709+0000] {manager.py:504} INFO - Created Permission View: can delete on DAG:extract
[2025-05-02T11:55:43.735+0000] {logging_mixin.py:149} INFO - [2025-05-02T11:55:43.735+0000] {manager.py:504} INFO - Created Permission View: can read on DAG:extract
[2025-05-02T11:55:43.737+0000] {logging_mixin.py:149} INFO - [2025-05-02T11:55:43.736+0000] {dag.py:2726} INFO - Sync 1 DAGs
[2025-05-02T11:55:43.771+0000] {logging_mixin.py:149} INFO - [2025-05-02T11:55:43.771+0000] {dag.py:2747} INFO - Creating ORM DAG for extract
[2025-05-02T11:55:43.796+0000] {logging_mixin.py:149} INFO - [2025-05-02T11:55:43.795+0000] {dag.py:3490} INFO - Setting next_dagrun for extract to 2025-05-01T00:00:00+00:00, run_after=2025-05-02T00:00:00+00:00
[2025-05-02T11:55:43.883+0000] {processor.py:178} INFO - Processing /opt/airflow/dags/extract.py took 5.794 seconds
[2025-05-02T11:56:14.322+0000] {processor.py:156} INFO - Started process (PID=197) to work on /opt/airflow/dags/extract.py
[2025-05-02T11:56:14.330+0000] {processor.py:799} INFO - Processing file /opt/airflow/dags/extract.py for tasks to queue
[2025-05-02T11:56:14.336+0000] {logging_mixin.py:149} INFO - [2025-05-02T11:56:14.336+0000] {dagbag.py:541} INFO - Filling up the DagBag from /opt/airflow/dags/extract.py
[2025-05-02T11:56:19.518+0000] {processor.py:809} INFO - DAG(s) dict_keys(['extract']) retrieved from /opt/airflow/dags/extract.py
[2025-05-02T11:56:19.616+0000] {logging_mixin.py:149} INFO - [2025-05-02T11:56:19.615+0000] {dag.py:2726} INFO - Sync 1 DAGs
[2025-05-02T11:56:19.679+0000] {logging_mixin.py:149} INFO - [2025-05-02T11:56:19.678+0000] {dag.py:3490} INFO - Setting next_dagrun for extract to 2025-05-01T00:00:00+00:00, run_after=2025-05-02T00:00:00+00:00
[2025-05-02T11:56:20.178+0000] {processor.py:178} INFO - Processing /opt/airflow/dags/extract.py took 5.880 seconds
[2025-05-02T11:56:50.609+0000] {processor.py:156} INFO - Started process (PID=231) to work on /opt/airflow/dags/extract.py
[2025-05-02T11:56:50.611+0000] {processor.py:799} INFO - Processing file /opt/airflow/dags/extract.py for tasks to queue
[2025-05-02T11:56:50.615+0000] {logging_mixin.py:149} INFO - [2025-05-02T11:56:50.615+0000] {dagbag.py:541} INFO - Filling up the DagBag from /opt/airflow/dags/extract.py
[2025-05-02T11:56:52.438+0000] {processor.py:809} INFO - DAG(s) dict_keys(['extract']) retrieved from /opt/airflow/dags/extract.py
[2025-05-02T11:56:52.522+0000] {logging_mixin.py:149} INFO - [2025-05-02T11:56:52.519+0000] {dag.py:2726} INFO - Sync 1 DAGs
[2025-05-02T11:56:52.587+0000] {logging_mixin.py:149} INFO - [2025-05-02T11:56:52.587+0000] {dag.py:3490} INFO - Setting next_dagrun for extract to 2025-05-01T00:00:00+00:00, run_after=2025-05-02T00:00:00+00:00
[2025-05-02T11:56:52.663+0000] {processor.py:178} INFO - Processing /opt/airflow/dags/extract.py took 2.060 seconds
[2025-05-02T11:57:23.223+0000] {processor.py:156} INFO - Started process (PID=267) to work on /opt/airflow/dags/extract.py
[2025-05-02T11:57:23.235+0000] {processor.py:799} INFO - Processing file /opt/airflow/dags/extract.py for tasks to queue
[2025-05-02T11:57:23.241+0000] {logging_mixin.py:149} INFO - [2025-05-02T11:57:23.240+0000] {dagbag.py:541} INFO - Filling up the DagBag from /opt/airflow/dags/extract.py
[2025-05-02T11:57:26.564+0000] {processor.py:809} INFO - DAG(s) dict_keys(['extract']) retrieved from /opt/airflow/dags/extract.py
[2025-05-02T11:57:26.657+0000] {logging_mixin.py:149} INFO - [2025-05-02T11:57:26.650+0000] {dag.py:2726} INFO - Sync 1 DAGs
[2025-05-02T11:57:26.736+0000] {logging_mixin.py:149} INFO - [2025-05-02T11:57:26.736+0000] {dag.py:3490} INFO - Setting next_dagrun for extract to 2025-05-02T00:00:00+00:00, run_after=2025-05-03T00:00:00+00:00
[2025-05-02T11:57:26.797+0000] {processor.py:178} INFO - Processing /opt/airflow/dags/extract.py took 3.625 seconds
[2025-05-02T11:57:57.272+0000] {processor.py:156} INFO - Started process (PID=383) to work on /opt/airflow/dags/extract.py
[2025-05-02T11:57:57.275+0000] {processor.py:799} INFO - Processing file /opt/airflow/dags/extract.py for tasks to queue
[2025-05-02T11:57:57.277+0000] {logging_mixin.py:149} INFO - [2025-05-02T11:57:57.277+0000] {dagbag.py:541} INFO - Filling up the DagBag from /opt/airflow/dags/extract.py
[2025-05-02T11:57:58.373+0000] {processor.py:809} INFO - DAG(s) dict_keys(['extract']) retrieved from /opt/airflow/dags/extract.py
[2025-05-02T11:57:58.426+0000] {logging_mixin.py:149} INFO - [2025-05-02T11:57:58.425+0000] {dag.py:2726} INFO - Sync 1 DAGs
[2025-05-02T11:57:58.476+0000] {logging_mixin.py:149} INFO - [2025-05-02T11:57:58.476+0000] {dag.py:3490} INFO - Setting next_dagrun for extract to 2025-05-02T00:00:00+00:00, run_after=2025-05-03T00:00:00+00:00
[2025-05-02T11:57:58.539+0000] {processor.py:178} INFO - Processing /opt/airflow/dags/extract.py took 1.274 seconds
[2025-05-02T11:58:28.949+0000] {processor.py:156} INFO - Started process (PID=417) to work on /opt/airflow/dags/extract.py
[2025-05-02T11:58:28.952+0000] {processor.py:799} INFO - Processing file /opt/airflow/dags/extract.py for tasks to queue
[2025-05-02T11:58:28.955+0000] {logging_mixin.py:149} INFO - [2025-05-02T11:58:28.954+0000] {dagbag.py:541} INFO - Filling up the DagBag from /opt/airflow/dags/extract.py
[2025-05-02T11:58:30.012+0000] {processor.py:809} INFO - DAG(s) dict_keys(['extract']) retrieved from /opt/airflow/dags/extract.py
[2025-05-02T11:58:30.219+0000] {logging_mixin.py:149} INFO - [2025-05-02T11:58:30.217+0000] {dag.py:2726} INFO - Sync 1 DAGs
[2025-05-02T11:58:30.366+0000] {logging_mixin.py:149} INFO - [2025-05-02T11:58:30.366+0000] {dag.py:3490} INFO - Setting next_dagrun for extract to 2025-05-02T00:00:00+00:00, run_after=2025-05-03T00:00:00+00:00
[2025-05-02T11:58:30.498+0000] {processor.py:178} INFO - Processing /opt/airflow/dags/extract.py took 1.560 seconds
[2025-05-02T11:59:01.243+0000] {processor.py:156} INFO - Started process (PID=451) to work on /opt/airflow/dags/extract.py
[2025-05-02T11:59:01.248+0000] {processor.py:799} INFO - Processing file /opt/airflow/dags/extract.py for tasks to queue
[2025-05-02T11:59:01.251+0000] {logging_mixin.py:149} INFO - [2025-05-02T11:59:01.250+0000] {dagbag.py:541} INFO - Filling up the DagBag from /opt/airflow/dags/extract.py
[2025-05-02T11:59:02.212+0000] {processor.py:809} INFO - DAG(s) dict_keys(['extract']) retrieved from /opt/airflow/dags/extract.py
[2025-05-02T11:59:02.307+0000] {logging_mixin.py:149} INFO - [2025-05-02T11:59:02.305+0000] {dag.py:2726} INFO - Sync 1 DAGs
[2025-05-02T11:59:02.376+0000] {logging_mixin.py:149} INFO - [2025-05-02T11:59:02.376+0000] {dag.py:3490} INFO - Setting next_dagrun for extract to 2025-05-02T00:00:00+00:00, run_after=2025-05-03T00:00:00+00:00
[2025-05-02T11:59:02.438+0000] {processor.py:178} INFO - Processing /opt/airflow/dags/extract.py took 1.207 seconds
[2025-05-02T11:59:32.925+0000] {processor.py:156} INFO - Started process (PID=485) to work on /opt/airflow/dags/extract.py
[2025-05-02T11:59:32.928+0000] {processor.py:799} INFO - Processing file /opt/airflow/dags/extract.py for tasks to queue
[2025-05-02T11:59:32.931+0000] {logging_mixin.py:149} INFO - [2025-05-02T11:59:32.931+0000] {dagbag.py:541} INFO - Filling up the DagBag from /opt/airflow/dags/extract.py
[2025-05-02T11:59:33.794+0000] {processor.py:809} INFO - DAG(s) dict_keys(['extract']) retrieved from /opt/airflow/dags/extract.py
[2025-05-02T11:59:33.859+0000] {logging_mixin.py:149} INFO - [2025-05-02T11:59:33.858+0000] {dag.py:2726} INFO - Sync 1 DAGs
[2025-05-02T11:59:33.934+0000] {logging_mixin.py:149} INFO - [2025-05-02T11:59:33.934+0000] {dag.py:3490} INFO - Setting next_dagrun for extract to 2025-05-02T00:00:00+00:00, run_after=2025-05-03T00:00:00+00:00
[2025-05-02T11:59:34.021+0000] {processor.py:178} INFO - Processing /opt/airflow/dags/extract.py took 1.106 seconds
[2025-05-02T12:00:04.487+0000] {processor.py:156} INFO - Started process (PID=519) to work on /opt/airflow/dags/extract.py
[2025-05-02T12:00:04.490+0000] {processor.py:799} INFO - Processing file /opt/airflow/dags/extract.py for tasks to queue
[2025-05-02T12:00:04.494+0000] {logging_mixin.py:149} INFO - [2025-05-02T12:00:04.493+0000] {dagbag.py:541} INFO - Filling up the DagBag from /opt/airflow/dags/extract.py
[2025-05-02T12:00:05.357+0000] {processor.py:809} INFO - DAG(s) dict_keys(['extract']) retrieved from /opt/airflow/dags/extract.py
[2025-05-02T12:00:05.473+0000] {logging_mixin.py:149} INFO - [2025-05-02T12:00:05.472+0000] {dag.py:2726} INFO - Sync 1 DAGs
[2025-05-02T12:00:05.602+0000] {logging_mixin.py:149} INFO - [2025-05-02T12:00:05.601+0000] {dag.py:3490} INFO - Setting next_dagrun for extract to 2025-05-02T00:00:00+00:00, run_after=2025-05-03T00:00:00+00:00
[2025-05-02T12:00:05.704+0000] {processor.py:178} INFO - Processing /opt/airflow/dags/extract.py took 1.224 seconds
[2025-05-02T12:01:51.147+0000] {processor.py:156} INFO - Started process (PID=162) to work on /opt/airflow/dags/extract.py
[2025-05-02T12:01:51.150+0000] {processor.py:799} INFO - Processing file /opt/airflow/dags/extract.py for tasks to queue
[2025-05-02T12:01:51.153+0000] {logging_mixin.py:149} INFO - [2025-05-02T12:01:51.152+0000] {dagbag.py:541} INFO - Filling up the DagBag from /opt/airflow/dags/extract.py
[2025-05-02T12:01:56.038+0000] {processor.py:809} INFO - DAG(s) dict_keys(['extract']) retrieved from /opt/airflow/dags/extract.py
[2025-05-02T12:01:56.580+0000] {logging_mixin.py:149} INFO - [2025-05-02T12:01:56.579+0000] {manager.py:504} INFO - Created Permission View: can delete on DAG:extract
[2025-05-02T12:01:56.616+0000] {logging_mixin.py:149} INFO - [2025-05-02T12:01:56.616+0000] {manager.py:504} INFO - Created Permission View: can read on DAG:extract
[2025-05-02T12:01:56.641+0000] {logging_mixin.py:149} INFO - [2025-05-02T12:01:56.641+0000] {manager.py:504} INFO - Created Permission View: can edit on DAG:extract
[2025-05-02T12:01:56.643+0000] {logging_mixin.py:149} INFO - [2025-05-02T12:01:56.642+0000] {dag.py:2726} INFO - Sync 1 DAGs
[2025-05-02T12:01:56.679+0000] {logging_mixin.py:149} INFO - [2025-05-02T12:01:56.677+0000] {dag.py:2747} INFO - Creating ORM DAG for extract
[2025-05-02T12:01:56.700+0000] {logging_mixin.py:149} INFO - [2025-05-02T12:01:56.700+0000] {dag.py:3490} INFO - Setting next_dagrun for extract to 2025-05-01T00:00:00+00:00, run_after=2025-05-02T00:00:00+00:00
[2025-05-02T12:01:56.756+0000] {processor.py:178} INFO - Processing /opt/airflow/dags/extract.py took 5.618 seconds
[2025-05-02T12:02:27.350+0000] {processor.py:156} INFO - Started process (PID=197) to work on /opt/airflow/dags/extract.py
[2025-05-02T12:02:27.353+0000] {processor.py:799} INFO - Processing file /opt/airflow/dags/extract.py for tasks to queue
[2025-05-02T12:02:27.355+0000] {logging_mixin.py:149} INFO - [2025-05-02T12:02:27.355+0000] {dagbag.py:541} INFO - Filling up the DagBag from /opt/airflow/dags/extract.py
[2025-05-02T12:02:33.645+0000] {processor.py:809} INFO - DAG(s) dict_keys(['extract']) retrieved from /opt/airflow/dags/extract.py
[2025-05-02T12:02:33.923+0000] {logging_mixin.py:149} INFO - [2025-05-02T12:02:33.921+0000] {dag.py:2726} INFO - Sync 1 DAGs
[2025-05-02T12:02:34.052+0000] {logging_mixin.py:149} INFO - [2025-05-02T12:02:34.052+0000] {dag.py:3490} INFO - Setting next_dagrun for extract to 2025-05-01T00:00:00+00:00, run_after=2025-05-02T00:00:00+00:00
[2025-05-02T12:02:34.665+0000] {processor.py:178} INFO - Processing /opt/airflow/dags/extract.py took 7.373 seconds
[2025-05-02T12:03:05.158+0000] {processor.py:156} INFO - Started process (PID=313) to work on /opt/airflow/dags/extract.py
[2025-05-02T12:03:05.161+0000] {processor.py:799} INFO - Processing file /opt/airflow/dags/extract.py for tasks to queue
[2025-05-02T12:03:05.162+0000] {logging_mixin.py:149} INFO - [2025-05-02T12:03:05.162+0000] {dagbag.py:541} INFO - Filling up the DagBag from /opt/airflow/dags/extract.py
[2025-05-02T12:03:07.101+0000] {processor.py:809} INFO - DAG(s) dict_keys(['extract']) retrieved from /opt/airflow/dags/extract.py
[2025-05-02T12:03:07.165+0000] {logging_mixin.py:149} INFO - [2025-05-02T12:03:07.164+0000] {dag.py:2726} INFO - Sync 1 DAGs
[2025-05-02T12:03:07.211+0000] {logging_mixin.py:149} INFO - [2025-05-02T12:03:07.210+0000] {dag.py:3490} INFO - Setting next_dagrun for extract to 2025-05-02T00:00:00+00:00, run_after=2025-05-03T00:00:00+00:00
[2025-05-02T12:03:07.264+0000] {processor.py:178} INFO - Processing /opt/airflow/dags/extract.py took 2.116 seconds
[2025-05-02T12:03:37.780+0000] {processor.py:156} INFO - Started process (PID=349) to work on /opt/airflow/dags/extract.py
[2025-05-02T12:03:37.783+0000] {processor.py:799} INFO - Processing file /opt/airflow/dags/extract.py for tasks to queue
[2025-05-02T12:03:37.791+0000] {logging_mixin.py:149} INFO - [2025-05-02T12:03:37.790+0000] {dagbag.py:541} INFO - Filling up the DagBag from /opt/airflow/dags/extract.py
[2025-05-02T12:03:39.747+0000] {processor.py:809} INFO - DAG(s) dict_keys(['extract']) retrieved from /opt/airflow/dags/extract.py
[2025-05-02T12:03:39.802+0000] {logging_mixin.py:149} INFO - [2025-05-02T12:03:39.801+0000] {dag.py:2726} INFO - Sync 1 DAGs
[2025-05-02T12:03:39.866+0000] {logging_mixin.py:149} INFO - [2025-05-02T12:03:39.866+0000] {dag.py:3490} INFO - Setting next_dagrun for extract to 2025-05-02T00:00:00+00:00, run_after=2025-05-03T00:00:00+00:00
[2025-05-02T12:03:39.947+0000] {processor.py:178} INFO - Processing /opt/airflow/dags/extract.py took 2.176 seconds
[2025-05-02T12:04:10.601+0000] {processor.py:156} INFO - Started process (PID=383) to work on /opt/airflow/dags/extract.py
[2025-05-02T12:04:10.604+0000] {processor.py:799} INFO - Processing file /opt/airflow/dags/extract.py for tasks to queue
[2025-05-02T12:04:10.606+0000] {logging_mixin.py:149} INFO - [2025-05-02T12:04:10.606+0000] {dagbag.py:541} INFO - Filling up the DagBag from /opt/airflow/dags/extract.py
[2025-05-02T12:04:12.208+0000] {processor.py:809} INFO - DAG(s) dict_keys(['extract']) retrieved from /opt/airflow/dags/extract.py
[2025-05-02T12:04:12.277+0000] {logging_mixin.py:149} INFO - [2025-05-02T12:04:12.276+0000] {dag.py:2726} INFO - Sync 1 DAGs
[2025-05-02T12:04:12.353+0000] {logging_mixin.py:149} INFO - [2025-05-02T12:04:12.353+0000] {dag.py:3490} INFO - Setting next_dagrun for extract to 2025-05-02T00:00:00+00:00, run_after=2025-05-03T00:00:00+00:00
[2025-05-02T12:04:12.443+0000] {processor.py:178} INFO - Processing /opt/airflow/dags/extract.py took 1.850 seconds
[2025-05-02T12:04:42.977+0000] {processor.py:156} INFO - Started process (PID=417) to work on /opt/airflow/dags/extract.py
[2025-05-02T12:04:42.981+0000] {processor.py:799} INFO - Processing file /opt/airflow/dags/extract.py for tasks to queue
[2025-05-02T12:04:42.983+0000] {logging_mixin.py:149} INFO - [2025-05-02T12:04:42.982+0000] {dagbag.py:541} INFO - Filling up the DagBag from /opt/airflow/dags/extract.py
[2025-05-02T12:04:44.227+0000] {processor.py:809} INFO - DAG(s) dict_keys(['extract']) retrieved from /opt/airflow/dags/extract.py
[2025-05-02T12:04:44.299+0000] {logging_mixin.py:149} INFO - [2025-05-02T12:04:44.297+0000] {dag.py:2726} INFO - Sync 1 DAGs
[2025-05-02T12:04:44.397+0000] {logging_mixin.py:149} INFO - [2025-05-02T12:04:44.397+0000] {dag.py:3490} INFO - Setting next_dagrun for extract to 2025-05-02T00:00:00+00:00, run_after=2025-05-03T00:00:00+00:00
[2025-05-02T12:04:44.495+0000] {processor.py:178} INFO - Processing /opt/airflow/dags/extract.py took 1.525 seconds
[2025-05-02T12:05:14.945+0000] {processor.py:156} INFO - Started process (PID=451) to work on /opt/airflow/dags/extract.py
[2025-05-02T12:05:14.947+0000] {processor.py:799} INFO - Processing file /opt/airflow/dags/extract.py for tasks to queue
[2025-05-02T12:05:14.949+0000] {logging_mixin.py:149} INFO - [2025-05-02T12:05:14.949+0000] {dagbag.py:541} INFO - Filling up the DagBag from /opt/airflow/dags/extract.py
[2025-05-02T12:05:15.868+0000] {processor.py:809} INFO - DAG(s) dict_keys(['extract']) retrieved from /opt/airflow/dags/extract.py
[2025-05-02T12:05:15.946+0000] {logging_mixin.py:149} INFO - [2025-05-02T12:05:15.945+0000] {dag.py:2726} INFO - Sync 1 DAGs
[2025-05-02T12:05:16.030+0000] {logging_mixin.py:149} INFO - [2025-05-02T12:05:16.030+0000] {dag.py:3490} INFO - Setting next_dagrun for extract to 2025-05-02T00:00:00+00:00, run_after=2025-05-03T00:00:00+00:00
[2025-05-02T12:05:16.089+0000] {processor.py:178} INFO - Processing /opt/airflow/dags/extract.py took 1.152 seconds
[2025-05-02T12:05:46.396+0000] {processor.py:156} INFO - Started process (PID=485) to work on /opt/airflow/dags/extract.py
[2025-05-02T12:05:46.399+0000] {processor.py:799} INFO - Processing file /opt/airflow/dags/extract.py for tasks to queue
[2025-05-02T12:05:46.402+0000] {logging_mixin.py:149} INFO - [2025-05-02T12:05:46.402+0000] {dagbag.py:541} INFO - Filling up the DagBag from /opt/airflow/dags/extract.py
[2025-05-02T12:05:47.454+0000] {processor.py:809} INFO - DAG(s) dict_keys(['extract']) retrieved from /opt/airflow/dags/extract.py
[2025-05-02T12:05:47.518+0000] {logging_mixin.py:149} INFO - [2025-05-02T12:05:47.517+0000] {dag.py:2726} INFO - Sync 1 DAGs
[2025-05-02T12:05:47.584+0000] {logging_mixin.py:149} INFO - [2025-05-02T12:05:47.583+0000] {dag.py:3490} INFO - Setting next_dagrun for extract to 2025-05-02T00:00:00+00:00, run_after=2025-05-03T00:00:00+00:00
[2025-05-02T12:05:47.647+0000] {processor.py:178} INFO - Processing /opt/airflow/dags/extract.py took 1.258 seconds
[2025-05-02T12:06:14.209+0000] {processor.py:156} INFO - Started process (PID=519) to work on /opt/airflow/dags/extract.py
[2025-05-02T12:06:14.211+0000] {processor.py:799} INFO - Processing file /opt/airflow/dags/extract.py for tasks to queue
[2025-05-02T12:06:14.213+0000] {logging_mixin.py:149} INFO - [2025-05-02T12:06:14.213+0000] {dagbag.py:541} INFO - Filling up the DagBag from /opt/airflow/dags/extract.py
[2025-05-02T12:06:15.041+0000] {processor.py:809} INFO - DAG(s) dict_keys(['extract']) retrieved from /opt/airflow/dags/extract.py
[2025-05-02T12:06:15.109+0000] {logging_mixin.py:149} INFO - [2025-05-02T12:06:15.108+0000] {dag.py:2726} INFO - Sync 1 DAGs
[2025-05-02T12:06:15.186+0000] {logging_mixin.py:149} INFO - [2025-05-02T12:06:15.185+0000] {dag.py:3490} INFO - Setting next_dagrun for extract to 2025-05-02T00:00:00+00:00, run_after=2025-05-03T00:00:00+00:00
[2025-05-02T12:06:15.266+0000] {processor.py:178} INFO - Processing /opt/airflow/dags/extract.py took 1.062 seconds
[2025-05-02T12:14:35.102+0000] {processor.py:156} INFO - Started process (PID=162) to work on /opt/airflow/dags/extract.py
[2025-05-02T12:14:35.109+0000] {processor.py:799} INFO - Processing file /opt/airflow/dags/extract.py for tasks to queue
[2025-05-02T12:14:35.113+0000] {logging_mixin.py:149} INFO - [2025-05-02T12:14:35.112+0000] {dagbag.py:541} INFO - Filling up the DagBag from /opt/airflow/dags/extract.py
[2025-05-02T12:14:45.792+0000] {processor.py:809} INFO - DAG(s) dict_keys(['extract']) retrieved from /opt/airflow/dags/extract.py
[2025-05-02T12:14:46.896+0000] {logging_mixin.py:149} INFO - [2025-05-02T12:14:46.895+0000] {manager.py:504} INFO - Created Permission View: can delete on DAG:extract
[2025-05-02T12:14:46.957+0000] {logging_mixin.py:149} INFO - [2025-05-02T12:14:46.957+0000] {manager.py:504} INFO - Created Permission View: can read on DAG:extract
[2025-05-02T12:14:47.017+0000] {logging_mixin.py:149} INFO - [2025-05-02T12:14:47.017+0000] {manager.py:504} INFO - Created Permission View: can edit on DAG:extract
[2025-05-02T12:14:47.020+0000] {logging_mixin.py:149} INFO - [2025-05-02T12:14:47.019+0000] {dag.py:2726} INFO - Sync 1 DAGs
[2025-05-02T12:14:47.201+0000] {logging_mixin.py:149} INFO - [2025-05-02T12:14:47.199+0000] {dag.py:2747} INFO - Creating ORM DAG for extract
[2025-05-02T12:14:47.280+0000] {logging_mixin.py:149} INFO - [2025-05-02T12:14:47.278+0000] {dag.py:3490} INFO - Setting next_dagrun for extract to 2025-05-01T00:00:00+00:00, run_after=2025-05-02T00:00:00+00:00
[2025-05-02T12:14:47.451+0000] {processor.py:178} INFO - Processing /opt/airflow/dags/extract.py took 12.364 seconds
[2025-05-02T12:15:17.876+0000] {processor.py:156} INFO - Started process (PID=197) to work on /opt/airflow/dags/extract.py
[2025-05-02T12:15:17.883+0000] {processor.py:799} INFO - Processing file /opt/airflow/dags/extract.py for tasks to queue
[2025-05-02T12:15:17.892+0000] {logging_mixin.py:149} INFO - [2025-05-02T12:15:17.890+0000] {dagbag.py:541} INFO - Filling up the DagBag from /opt/airflow/dags/extract.py
[2025-05-02T12:15:22.778+0000] {processor.py:809} INFO - DAG(s) dict_keys(['extract']) retrieved from /opt/airflow/dags/extract.py
[2025-05-02T12:15:22.987+0000] {logging_mixin.py:149} INFO - [2025-05-02T12:15:22.985+0000] {dag.py:2726} INFO - Sync 1 DAGs
[2025-05-02T12:15:23.093+0000] {logging_mixin.py:149} INFO - [2025-05-02T12:15:23.092+0000] {dag.py:3490} INFO - Setting next_dagrun for extract to 2025-05-01T00:00:00+00:00, run_after=2025-05-02T00:00:00+00:00
[2025-05-02T12:15:23.181+0000] {processor.py:178} INFO - Processing /opt/airflow/dags/extract.py took 5.312 seconds
[2025-05-02T12:15:53.803+0000] {processor.py:156} INFO - Started process (PID=231) to work on /opt/airflow/dags/extract.py
[2025-05-02T12:15:53.809+0000] {processor.py:799} INFO - Processing file /opt/airflow/dags/extract.py for tasks to queue
[2025-05-02T12:15:53.814+0000] {logging_mixin.py:149} INFO - [2025-05-02T12:15:53.814+0000] {dagbag.py:541} INFO - Filling up the DagBag from /opt/airflow/dags/extract.py
[2025-05-02T12:15:58.393+0000] {processor.py:809} INFO - DAG(s) dict_keys(['extract']) retrieved from /opt/airflow/dags/extract.py
[2025-05-02T12:15:59.742+0000] {logging_mixin.py:149} INFO - [2025-05-02T12:15:59.736+0000] {dag.py:2726} INFO - Sync 1 DAGs
[2025-05-02T12:15:59.908+0000] {logging_mixin.py:149} INFO - [2025-05-02T12:15:59.908+0000] {dag.py:3490} INFO - Setting next_dagrun for extract to 2025-05-01T00:00:00+00:00, run_after=2025-05-02T00:00:00+00:00
[2025-05-02T12:16:00.016+0000] {processor.py:178} INFO - Processing /opt/airflow/dags/extract.py took 6.254 seconds
[2025-05-02T12:16:30.431+0000] {processor.py:156} INFO - Started process (PID=265) to work on /opt/airflow/dags/extract.py
[2025-05-02T12:16:30.434+0000] {processor.py:799} INFO - Processing file /opt/airflow/dags/extract.py for tasks to queue
[2025-05-02T12:16:30.436+0000] {logging_mixin.py:149} INFO - [2025-05-02T12:16:30.435+0000] {dagbag.py:541} INFO - Filling up the DagBag from /opt/airflow/dags/extract.py
[2025-05-02T12:16:32.876+0000] {processor.py:809} INFO - DAG(s) dict_keys(['extract']) retrieved from /opt/airflow/dags/extract.py
[2025-05-02T12:16:32.978+0000] {logging_mixin.py:149} INFO - [2025-05-02T12:16:32.976+0000] {dag.py:2726} INFO - Sync 1 DAGs
[2025-05-02T12:16:33.115+0000] {logging_mixin.py:149} INFO - [2025-05-02T12:16:33.115+0000] {dag.py:3490} INFO - Setting next_dagrun for extract to 2025-05-01T00:00:00+00:00, run_after=2025-05-02T00:00:00+00:00
[2025-05-02T12:16:33.215+0000] {processor.py:178} INFO - Processing /opt/airflow/dags/extract.py took 2.802 seconds
[2025-05-02T12:17:05.913+0000] {processor.py:156} INFO - Started process (PID=301) to work on /opt/airflow/dags/extract.py
[2025-05-02T12:17:05.921+0000] {processor.py:799} INFO - Processing file /opt/airflow/dags/extract.py for tasks to queue
[2025-05-02T12:17:05.927+0000] {logging_mixin.py:149} INFO - [2025-05-02T12:17:05.926+0000] {dagbag.py:541} INFO - Filling up the DagBag from /opt/airflow/dags/extract.py
[2025-05-02T12:17:10.077+0000] {processor.py:809} INFO - DAG(s) dict_keys(['extract']) retrieved from /opt/airflow/dags/extract.py
[2025-05-02T12:17:10.307+0000] {logging_mixin.py:149} INFO - [2025-05-02T12:17:10.305+0000] {dag.py:2726} INFO - Sync 1 DAGs
[2025-05-02T12:17:10.551+0000] {logging_mixin.py:149} INFO - [2025-05-02T12:17:10.550+0000] {dag.py:3490} INFO - Setting next_dagrun for extract to 2025-05-02T00:00:00+00:00, run_after=2025-05-03T00:00:00+00:00
[2025-05-02T12:17:10.698+0000] {processor.py:178} INFO - Processing /opt/airflow/dags/extract.py took 4.825 seconds
[2025-05-02T12:17:41.423+0000] {processor.py:156} INFO - Started process (PID=417) to work on /opt/airflow/dags/extract.py
[2025-05-02T12:17:41.426+0000] {processor.py:799} INFO - Processing file /opt/airflow/dags/extract.py for tasks to queue
[2025-05-02T12:17:41.428+0000] {logging_mixin.py:149} INFO - [2025-05-02T12:17:41.428+0000] {dagbag.py:541} INFO - Filling up the DagBag from /opt/airflow/dags/extract.py
[2025-05-02T12:17:42.669+0000] {processor.py:809} INFO - DAG(s) dict_keys(['extract']) retrieved from /opt/airflow/dags/extract.py
[2025-05-02T12:17:42.755+0000] {logging_mixin.py:149} INFO - [2025-05-02T12:17:42.753+0000] {dag.py:2726} INFO - Sync 1 DAGs
[2025-05-02T12:17:42.835+0000] {logging_mixin.py:149} INFO - [2025-05-02T12:17:42.834+0000] {dag.py:3490} INFO - Setting next_dagrun for extract to 2025-05-02T00:00:00+00:00, run_after=2025-05-03T00:00:00+00:00
[2025-05-02T12:17:42.908+0000] {processor.py:178} INFO - Processing /opt/airflow/dags/extract.py took 1.497 seconds
[2025-05-02T12:18:13.477+0000] {processor.py:156} INFO - Started process (PID=451) to work on /opt/airflow/dags/extract.py
[2025-05-02T12:18:13.483+0000] {processor.py:799} INFO - Processing file /opt/airflow/dags/extract.py for tasks to queue
[2025-05-02T12:18:13.487+0000] {logging_mixin.py:149} INFO - [2025-05-02T12:18:13.486+0000] {dagbag.py:541} INFO - Filling up the DagBag from /opt/airflow/dags/extract.py
[2025-05-02T12:18:14.904+0000] {processor.py:809} INFO - DAG(s) dict_keys(['extract']) retrieved from /opt/airflow/dags/extract.py
[2025-05-02T12:18:14.998+0000] {logging_mixin.py:149} INFO - [2025-05-02T12:18:14.997+0000] {dag.py:2726} INFO - Sync 1 DAGs
[2025-05-02T12:18:15.102+0000] {logging_mixin.py:149} INFO - [2025-05-02T12:18:15.102+0000] {dag.py:3490} INFO - Setting next_dagrun for extract to 2025-05-02T00:00:00+00:00, run_after=2025-05-03T00:00:00+00:00
[2025-05-02T12:18:15.208+0000] {processor.py:178} INFO - Processing /opt/airflow/dags/extract.py took 1.740 seconds
[2025-05-02T12:18:45.755+0000] {processor.py:156} INFO - Started process (PID=485) to work on /opt/airflow/dags/extract.py
[2025-05-02T12:18:45.759+0000] {processor.py:799} INFO - Processing file /opt/airflow/dags/extract.py for tasks to queue
[2025-05-02T12:18:45.763+0000] {logging_mixin.py:149} INFO - [2025-05-02T12:18:45.762+0000] {dagbag.py:541} INFO - Filling up the DagBag from /opt/airflow/dags/extract.py
[2025-05-02T12:18:47.140+0000] {processor.py:809} INFO - DAG(s) dict_keys(['extract']) retrieved from /opt/airflow/dags/extract.py
[2025-05-02T12:18:47.268+0000] {logging_mixin.py:149} INFO - [2025-05-02T12:18:47.265+0000] {dag.py:2726} INFO - Sync 1 DAGs
[2025-05-02T12:18:47.400+0000] {logging_mixin.py:149} INFO - [2025-05-02T12:18:47.400+0000] {dag.py:3490} INFO - Setting next_dagrun for extract to 2025-05-02T00:00:00+00:00, run_after=2025-05-03T00:00:00+00:00
[2025-05-02T12:18:47.530+0000] {processor.py:178} INFO - Processing /opt/airflow/dags/extract.py took 1.789 seconds
[2025-05-02T12:19:18.076+0000] {processor.py:156} INFO - Started process (PID=519) to work on /opt/airflow/dags/extract.py
[2025-05-02T12:19:18.081+0000] {processor.py:799} INFO - Processing file /opt/airflow/dags/extract.py for tasks to queue
[2025-05-02T12:19:18.092+0000] {logging_mixin.py:149} INFO - [2025-05-02T12:19:18.091+0000] {dagbag.py:541} INFO - Filling up the DagBag from /opt/airflow/dags/extract.py
[2025-05-02T12:19:19.258+0000] {processor.py:809} INFO - DAG(s) dict_keys(['extract']) retrieved from /opt/airflow/dags/extract.py
[2025-05-02T12:19:19.341+0000] {logging_mixin.py:149} INFO - [2025-05-02T12:19:19.340+0000] {dag.py:2726} INFO - Sync 1 DAGs
[2025-05-02T12:19:19.421+0000] {logging_mixin.py:149} INFO - [2025-05-02T12:19:19.421+0000] {dag.py:3490} INFO - Setting next_dagrun for extract to 2025-05-02T00:00:00+00:00, run_after=2025-05-03T00:00:00+00:00
[2025-05-02T12:19:19.506+0000] {processor.py:178} INFO - Processing /opt/airflow/dags/extract.py took 1.444 seconds
[2025-05-02T12:19:50.255+0000] {processor.py:156} INFO - Started process (PID=553) to work on /opt/airflow/dags/extract.py
[2025-05-02T12:19:50.261+0000] {processor.py:799} INFO - Processing file /opt/airflow/dags/extract.py for tasks to queue
[2025-05-02T12:19:50.270+0000] {logging_mixin.py:149} INFO - [2025-05-02T12:19:50.269+0000] {dagbag.py:541} INFO - Filling up the DagBag from /opt/airflow/dags/extract.py
[2025-05-02T12:19:51.563+0000] {processor.py:809} INFO - DAG(s) dict_keys(['extract']) retrieved from /opt/airflow/dags/extract.py
[2025-05-02T12:19:51.644+0000] {logging_mixin.py:149} INFO - [2025-05-02T12:19:51.642+0000] {dag.py:2726} INFO - Sync 1 DAGs
[2025-05-02T12:19:51.724+0000] {logging_mixin.py:149} INFO - [2025-05-02T12:19:51.724+0000] {dag.py:3490} INFO - Setting next_dagrun for extract to 2025-05-02T00:00:00+00:00, run_after=2025-05-03T00:00:00+00:00
[2025-05-02T12:19:51.806+0000] {processor.py:178} INFO - Processing /opt/airflow/dags/extract.py took 1.569 seconds
[2025-05-02T12:20:22.347+0000] {processor.py:156} INFO - Started process (PID=587) to work on /opt/airflow/dags/extract.py
[2025-05-02T12:20:22.352+0000] {processor.py:799} INFO - Processing file /opt/airflow/dags/extract.py for tasks to queue
[2025-05-02T12:20:22.356+0000] {logging_mixin.py:149} INFO - [2025-05-02T12:20:22.355+0000] {dagbag.py:541} INFO - Filling up the DagBag from /opt/airflow/dags/extract.py
[2025-05-02T12:20:23.590+0000] {processor.py:809} INFO - DAG(s) dict_keys(['extract']) retrieved from /opt/airflow/dags/extract.py
[2025-05-02T12:20:23.695+0000] {logging_mixin.py:149} INFO - [2025-05-02T12:20:23.694+0000] {dag.py:2726} INFO - Sync 1 DAGs
[2025-05-02T12:20:23.799+0000] {logging_mixin.py:149} INFO - [2025-05-02T12:20:23.798+0000] {dag.py:3490} INFO - Setting next_dagrun for extract to 2025-05-02T00:00:00+00:00, run_after=2025-05-03T00:00:00+00:00
[2025-05-02T12:20:23.878+0000] {processor.py:178} INFO - Processing /opt/airflow/dags/extract.py took 1.544 seconds
[2025-05-02T12:20:54.471+0000] {processor.py:156} INFO - Started process (PID=621) to work on /opt/airflow/dags/extract.py
[2025-05-02T12:20:54.474+0000] {processor.py:799} INFO - Processing file /opt/airflow/dags/extract.py for tasks to queue
[2025-05-02T12:20:54.476+0000] {logging_mixin.py:149} INFO - [2025-05-02T12:20:54.476+0000] {dagbag.py:541} INFO - Filling up the DagBag from /opt/airflow/dags/extract.py
[2025-05-02T12:20:55.647+0000] {processor.py:809} INFO - DAG(s) dict_keys(['extract']) retrieved from /opt/airflow/dags/extract.py
[2025-05-02T12:20:55.732+0000] {logging_mixin.py:149} INFO - [2025-05-02T12:20:55.730+0000] {dag.py:2726} INFO - Sync 1 DAGs
[2025-05-02T12:20:55.819+0000] {logging_mixin.py:149} INFO - [2025-05-02T12:20:55.818+0000] {dag.py:3490} INFO - Setting next_dagrun for extract to 2025-05-02T00:00:00+00:00, run_after=2025-05-03T00:00:00+00:00
[2025-05-02T12:20:55.894+0000] {processor.py:178} INFO - Processing /opt/airflow/dags/extract.py took 1.431 seconds
[2025-05-02T12:21:26.517+0000] {processor.py:156} INFO - Started process (PID=655) to work on /opt/airflow/dags/extract.py
[2025-05-02T12:21:26.520+0000] {processor.py:799} INFO - Processing file /opt/airflow/dags/extract.py for tasks to queue
[2025-05-02T12:21:26.525+0000] {logging_mixin.py:149} INFO - [2025-05-02T12:21:26.524+0000] {dagbag.py:541} INFO - Filling up the DagBag from /opt/airflow/dags/extract.py
[2025-05-02T12:21:28.047+0000] {processor.py:809} INFO - DAG(s) dict_keys(['extract']) retrieved from /opt/airflow/dags/extract.py
[2025-05-02T12:21:28.162+0000] {logging_mixin.py:149} INFO - [2025-05-02T12:21:28.160+0000] {dag.py:2726} INFO - Sync 1 DAGs
[2025-05-02T12:21:28.258+0000] {logging_mixin.py:149} INFO - [2025-05-02T12:21:28.257+0000] {dag.py:3490} INFO - Setting next_dagrun for extract to 2025-05-02T00:00:00+00:00, run_after=2025-05-03T00:00:00+00:00
[2025-05-02T12:21:28.368+0000] {processor.py:178} INFO - Processing /opt/airflow/dags/extract.py took 1.859 seconds
[2025-05-02T12:21:58.969+0000] {processor.py:156} INFO - Started process (PID=689) to work on /opt/airflow/dags/extract.py
[2025-05-02T12:21:58.972+0000] {processor.py:799} INFO - Processing file /opt/airflow/dags/extract.py for tasks to queue
[2025-05-02T12:21:58.975+0000] {logging_mixin.py:149} INFO - [2025-05-02T12:21:58.974+0000] {dagbag.py:541} INFO - Filling up the DagBag from /opt/airflow/dags/extract.py
[2025-05-02T12:22:00.124+0000] {processor.py:809} INFO - DAG(s) dict_keys(['extract']) retrieved from /opt/airflow/dags/extract.py
[2025-05-02T12:22:00.229+0000] {logging_mixin.py:149} INFO - [2025-05-02T12:22:00.226+0000] {dag.py:2726} INFO - Sync 1 DAGs
[2025-05-02T12:22:00.367+0000] {logging_mixin.py:149} INFO - [2025-05-02T12:22:00.366+0000] {dag.py:3490} INFO - Setting next_dagrun for extract to 2025-05-02T00:00:00+00:00, run_after=2025-05-03T00:00:00+00:00
[2025-05-02T12:22:00.475+0000] {processor.py:178} INFO - Processing /opt/airflow/dags/extract.py took 1.516 seconds
[2025-05-02T12:22:31.009+0000] {processor.py:156} INFO - Started process (PID=723) to work on /opt/airflow/dags/extract.py
[2025-05-02T12:22:31.013+0000] {processor.py:799} INFO - Processing file /opt/airflow/dags/extract.py for tasks to queue
[2025-05-02T12:22:31.016+0000] {logging_mixin.py:149} INFO - [2025-05-02T12:22:31.016+0000] {dagbag.py:541} INFO - Filling up the DagBag from /opt/airflow/dags/extract.py
[2025-05-02T12:22:32.162+0000] {processor.py:809} INFO - DAG(s) dict_keys(['extract']) retrieved from /opt/airflow/dags/extract.py
[2025-05-02T12:22:32.240+0000] {logging_mixin.py:149} INFO - [2025-05-02T12:22:32.239+0000] {dag.py:2726} INFO - Sync 1 DAGs
[2025-05-02T12:22:32.312+0000] {logging_mixin.py:149} INFO - [2025-05-02T12:22:32.311+0000] {dag.py:3490} INFO - Setting next_dagrun for extract to 2025-05-02T00:00:00+00:00, run_after=2025-05-03T00:00:00+00:00
[2025-05-02T12:22:32.385+0000] {processor.py:178} INFO - Processing /opt/airflow/dags/extract.py took 1.387 seconds
[2025-05-02T12:23:02.981+0000] {processor.py:156} INFO - Started process (PID=757) to work on /opt/airflow/dags/extract.py
[2025-05-02T12:23:02.984+0000] {processor.py:799} INFO - Processing file /opt/airflow/dags/extract.py for tasks to queue
[2025-05-02T12:23:02.988+0000] {logging_mixin.py:149} INFO - [2025-05-02T12:23:02.987+0000] {dagbag.py:541} INFO - Filling up the DagBag from /opt/airflow/dags/extract.py
[2025-05-02T12:23:04.198+0000] {processor.py:809} INFO - DAG(s) dict_keys(['extract']) retrieved from /opt/airflow/dags/extract.py
[2025-05-02T12:23:04.285+0000] {logging_mixin.py:149} INFO - [2025-05-02T12:23:04.283+0000] {dag.py:2726} INFO - Sync 1 DAGs
[2025-05-02T12:23:04.380+0000] {logging_mixin.py:149} INFO - [2025-05-02T12:23:04.379+0000] {dag.py:3490} INFO - Setting next_dagrun for extract to 2025-05-02T00:00:00+00:00, run_after=2025-05-03T00:00:00+00:00
[2025-05-02T12:23:04.466+0000] {processor.py:178} INFO - Processing /opt/airflow/dags/extract.py took 1.495 seconds
[2025-05-02T12:23:34.987+0000] {processor.py:156} INFO - Started process (PID=791) to work on /opt/airflow/dags/extract.py
[2025-05-02T12:23:34.990+0000] {processor.py:799} INFO - Processing file /opt/airflow/dags/extract.py for tasks to queue
[2025-05-02T12:23:34.993+0000] {logging_mixin.py:149} INFO - [2025-05-02T12:23:34.992+0000] {dagbag.py:541} INFO - Filling up the DagBag from /opt/airflow/dags/extract.py
[2025-05-02T12:23:36.174+0000] {processor.py:809} INFO - DAG(s) dict_keys(['extract']) retrieved from /opt/airflow/dags/extract.py
[2025-05-02T12:23:36.257+0000] {logging_mixin.py:149} INFO - [2025-05-02T12:23:36.256+0000] {dag.py:2726} INFO - Sync 1 DAGs
[2025-05-02T12:23:36.342+0000] {logging_mixin.py:149} INFO - [2025-05-02T12:23:36.342+0000] {dag.py:3490} INFO - Setting next_dagrun for extract to 2025-05-02T00:00:00+00:00, run_after=2025-05-03T00:00:00+00:00
[2025-05-02T12:23:36.420+0000] {processor.py:178} INFO - Processing /opt/airflow/dags/extract.py took 1.447 seconds
[2025-05-02T12:24:06.934+0000] {processor.py:156} INFO - Started process (PID=825) to work on /opt/airflow/dags/extract.py
[2025-05-02T12:24:06.937+0000] {processor.py:799} INFO - Processing file /opt/airflow/dags/extract.py for tasks to queue
[2025-05-02T12:24:06.940+0000] {logging_mixin.py:149} INFO - [2025-05-02T12:24:06.939+0000] {dagbag.py:541} INFO - Filling up the DagBag from /opt/airflow/dags/extract.py
[2025-05-02T12:24:08.435+0000] {processor.py:809} INFO - DAG(s) dict_keys(['extract']) retrieved from /opt/airflow/dags/extract.py
[2025-05-02T12:24:08.528+0000] {logging_mixin.py:149} INFO - [2025-05-02T12:24:08.527+0000] {dag.py:2726} INFO - Sync 1 DAGs
[2025-05-02T12:24:08.603+0000] {logging_mixin.py:149} INFO - [2025-05-02T12:24:08.602+0000] {dag.py:3490} INFO - Setting next_dagrun for extract to 2025-05-02T00:00:00+00:00, run_after=2025-05-03T00:00:00+00:00
[2025-05-02T12:24:08.679+0000] {processor.py:178} INFO - Processing /opt/airflow/dags/extract.py took 1.760 seconds
[2025-05-02T12:24:39.363+0000] {processor.py:156} INFO - Started process (PID=859) to work on /opt/airflow/dags/extract.py
[2025-05-02T12:24:39.367+0000] {processor.py:799} INFO - Processing file /opt/airflow/dags/extract.py for tasks to queue
[2025-05-02T12:24:39.370+0000] {logging_mixin.py:149} INFO - [2025-05-02T12:24:39.370+0000] {dagbag.py:541} INFO - Filling up the DagBag from /opt/airflow/dags/extract.py
[2025-05-02T12:24:40.582+0000] {processor.py:809} INFO - DAG(s) dict_keys(['extract']) retrieved from /opt/airflow/dags/extract.py
[2025-05-02T12:24:40.728+0000] {logging_mixin.py:149} INFO - [2025-05-02T12:24:40.727+0000] {dag.py:2726} INFO - Sync 1 DAGs
[2025-05-02T12:24:40.801+0000] {logging_mixin.py:149} INFO - [2025-05-02T12:24:40.801+0000] {dag.py:3490} INFO - Setting next_dagrun for extract to 2025-05-02T00:00:00+00:00, run_after=2025-05-03T00:00:00+00:00
[2025-05-02T12:24:40.876+0000] {processor.py:178} INFO - Processing /opt/airflow/dags/extract.py took 1.522 seconds
[2025-05-02T12:25:11.401+0000] {processor.py:156} INFO - Started process (PID=893) to work on /opt/airflow/dags/extract.py
[2025-05-02T12:25:11.406+0000] {processor.py:799} INFO - Processing file /opt/airflow/dags/extract.py for tasks to queue
[2025-05-02T12:25:11.411+0000] {logging_mixin.py:149} INFO - [2025-05-02T12:25:11.410+0000] {dagbag.py:541} INFO - Filling up the DagBag from /opt/airflow/dags/extract.py
[2025-05-02T12:25:12.665+0000] {processor.py:809} INFO - DAG(s) dict_keys(['extract']) retrieved from /opt/airflow/dags/extract.py
[2025-05-02T12:25:12.824+0000] {logging_mixin.py:149} INFO - [2025-05-02T12:25:12.822+0000] {dag.py:2726} INFO - Sync 1 DAGs
[2025-05-02T12:25:12.922+0000] {logging_mixin.py:149} INFO - [2025-05-02T12:25:12.921+0000] {dag.py:3490} INFO - Setting next_dagrun for extract to 2025-05-02T00:00:00+00:00, run_after=2025-05-03T00:00:00+00:00
[2025-05-02T12:25:12.999+0000] {processor.py:178} INFO - Processing /opt/airflow/dags/extract.py took 1.610 seconds
[2025-05-02T12:25:43.642+0000] {processor.py:156} INFO - Started process (PID=927) to work on /opt/airflow/dags/extract.py
[2025-05-02T12:25:43.645+0000] {processor.py:799} INFO - Processing file /opt/airflow/dags/extract.py for tasks to queue
[2025-05-02T12:25:43.648+0000] {logging_mixin.py:149} INFO - [2025-05-02T12:25:43.647+0000] {dagbag.py:541} INFO - Filling up the DagBag from /opt/airflow/dags/extract.py
[2025-05-02T12:25:44.993+0000] {processor.py:809} INFO - DAG(s) dict_keys(['extract']) retrieved from /opt/airflow/dags/extract.py
[2025-05-02T12:25:45.077+0000] {logging_mixin.py:149} INFO - [2025-05-02T12:25:45.076+0000] {dag.py:2726} INFO - Sync 1 DAGs
[2025-05-02T12:25:45.165+0000] {logging_mixin.py:149} INFO - [2025-05-02T12:25:45.164+0000] {dag.py:3490} INFO - Setting next_dagrun for extract to 2025-05-02T00:00:00+00:00, run_after=2025-05-03T00:00:00+00:00
[2025-05-02T12:25:45.240+0000] {processor.py:178} INFO - Processing /opt/airflow/dags/extract.py took 1.607 seconds
[2025-05-02T12:26:15.818+0000] {processor.py:156} INFO - Started process (PID=961) to work on /opt/airflow/dags/extract.py
[2025-05-02T12:26:15.821+0000] {processor.py:799} INFO - Processing file /opt/airflow/dags/extract.py for tasks to queue
[2025-05-02T12:26:15.824+0000] {logging_mixin.py:149} INFO - [2025-05-02T12:26:15.823+0000] {dagbag.py:541} INFO - Filling up the DagBag from /opt/airflow/dags/extract.py
[2025-05-02T12:26:16.912+0000] {processor.py:809} INFO - DAG(s) dict_keys(['extract']) retrieved from /opt/airflow/dags/extract.py
[2025-05-02T12:26:17.011+0000] {logging_mixin.py:149} INFO - [2025-05-02T12:26:17.009+0000] {dag.py:2726} INFO - Sync 1 DAGs
[2025-05-02T12:26:17.100+0000] {logging_mixin.py:149} INFO - [2025-05-02T12:26:17.100+0000] {dag.py:3490} INFO - Setting next_dagrun for extract to 2025-05-02T00:00:00+00:00, run_after=2025-05-03T00:00:00+00:00
[2025-05-02T12:26:17.258+0000] {processor.py:178} INFO - Processing /opt/airflow/dags/extract.py took 1.450 seconds
[2025-05-02T12:26:47.878+0000] {processor.py:156} INFO - Started process (PID=995) to work on /opt/airflow/dags/extract.py
[2025-05-02T12:26:47.881+0000] {processor.py:799} INFO - Processing file /opt/airflow/dags/extract.py for tasks to queue
[2025-05-02T12:26:47.886+0000] {logging_mixin.py:149} INFO - [2025-05-02T12:26:47.885+0000] {dagbag.py:541} INFO - Filling up the DagBag from /opt/airflow/dags/extract.py
[2025-05-02T12:26:49.145+0000] {processor.py:809} INFO - DAG(s) dict_keys(['extract']) retrieved from /opt/airflow/dags/extract.py
[2025-05-02T12:26:49.297+0000] {logging_mixin.py:149} INFO - [2025-05-02T12:26:49.296+0000] {dag.py:2726} INFO - Sync 1 DAGs
[2025-05-02T12:26:49.383+0000] {logging_mixin.py:149} INFO - [2025-05-02T12:26:49.382+0000] {dag.py:3490} INFO - Setting next_dagrun for extract to 2025-05-02T00:00:00+00:00, run_after=2025-05-03T00:00:00+00:00
[2025-05-02T12:26:49.467+0000] {processor.py:178} INFO - Processing /opt/airflow/dags/extract.py took 1.603 seconds
[2025-05-02T12:27:20.010+0000] {processor.py:156} INFO - Started process (PID=1029) to work on /opt/airflow/dags/extract.py
[2025-05-02T12:27:20.013+0000] {processor.py:799} INFO - Processing file /opt/airflow/dags/extract.py for tasks to queue
[2025-05-02T12:27:20.016+0000] {logging_mixin.py:149} INFO - [2025-05-02T12:27:20.015+0000] {dagbag.py:541} INFO - Filling up the DagBag from /opt/airflow/dags/extract.py
[2025-05-02T12:27:21.332+0000] {processor.py:809} INFO - DAG(s) dict_keys(['extract']) retrieved from /opt/airflow/dags/extract.py
[2025-05-02T12:27:21.431+0000] {logging_mixin.py:149} INFO - [2025-05-02T12:27:21.429+0000] {dag.py:2726} INFO - Sync 1 DAGs
[2025-05-02T12:27:21.514+0000] {logging_mixin.py:149} INFO - [2025-05-02T12:27:21.514+0000] {dag.py:3490} INFO - Setting next_dagrun for extract to 2025-05-02T00:00:00+00:00, run_after=2025-05-03T00:00:00+00:00
[2025-05-02T12:27:21.592+0000] {processor.py:178} INFO - Processing /opt/airflow/dags/extract.py took 1.590 seconds
[2025-05-02T12:27:52.176+0000] {processor.py:156} INFO - Started process (PID=1063) to work on /opt/airflow/dags/extract.py
[2025-05-02T12:27:52.180+0000] {processor.py:799} INFO - Processing file /opt/airflow/dags/extract.py for tasks to queue
[2025-05-02T12:27:52.184+0000] {logging_mixin.py:149} INFO - [2025-05-02T12:27:52.183+0000] {dagbag.py:541} INFO - Filling up the DagBag from /opt/airflow/dags/extract.py
[2025-05-02T12:27:53.439+0000] {processor.py:809} INFO - DAG(s) dict_keys(['extract']) retrieved from /opt/airflow/dags/extract.py
[2025-05-02T12:27:53.560+0000] {logging_mixin.py:149} INFO - [2025-05-02T12:27:53.559+0000] {dag.py:2726} INFO - Sync 1 DAGs
[2025-05-02T12:27:53.645+0000] {logging_mixin.py:149} INFO - [2025-05-02T12:27:53.645+0000] {dag.py:3490} INFO - Setting next_dagrun for extract to 2025-05-02T00:00:00+00:00, run_after=2025-05-03T00:00:00+00:00
[2025-05-02T12:27:53.756+0000] {processor.py:178} INFO - Processing /opt/airflow/dags/extract.py took 1.597 seconds
[2025-05-02T12:28:24.363+0000] {processor.py:156} INFO - Started process (PID=1097) to work on /opt/airflow/dags/extract.py
[2025-05-02T12:28:24.366+0000] {processor.py:799} INFO - Processing file /opt/airflow/dags/extract.py for tasks to queue
[2025-05-02T12:28:24.369+0000] {logging_mixin.py:149} INFO - [2025-05-02T12:28:24.369+0000] {dagbag.py:541} INFO - Filling up the DagBag from /opt/airflow/dags/extract.py
[2025-05-02T12:28:25.751+0000] {processor.py:809} INFO - DAG(s) dict_keys(['extract']) retrieved from /opt/airflow/dags/extract.py
[2025-05-02T12:28:25.837+0000] {logging_mixin.py:149} INFO - [2025-05-02T12:28:25.836+0000] {dag.py:2726} INFO - Sync 1 DAGs
[2025-05-02T12:28:25.921+0000] {logging_mixin.py:149} INFO - [2025-05-02T12:28:25.920+0000] {dag.py:3490} INFO - Setting next_dagrun for extract to 2025-05-02T00:00:00+00:00, run_after=2025-05-03T00:00:00+00:00
[2025-05-02T12:28:26.009+0000] {processor.py:178} INFO - Processing /opt/airflow/dags/extract.py took 1.655 seconds
[2025-05-02T12:28:56.577+0000] {processor.py:156} INFO - Started process (PID=1131) to work on /opt/airflow/dags/extract.py
[2025-05-02T12:28:56.581+0000] {processor.py:799} INFO - Processing file /opt/airflow/dags/extract.py for tasks to queue
[2025-05-02T12:28:56.584+0000] {logging_mixin.py:149} INFO - [2025-05-02T12:28:56.583+0000] {dagbag.py:541} INFO - Filling up the DagBag from /opt/airflow/dags/extract.py
[2025-05-02T12:28:58.200+0000] {processor.py:809} INFO - DAG(s) dict_keys(['extract']) retrieved from /opt/airflow/dags/extract.py
[2025-05-02T12:28:58.279+0000] {logging_mixin.py:149} INFO - [2025-05-02T12:28:58.275+0000] {dag.py:2726} INFO - Sync 1 DAGs
[2025-05-02T12:28:58.348+0000] {logging_mixin.py:149} INFO - [2025-05-02T12:28:58.348+0000] {dag.py:3490} INFO - Setting next_dagrun for extract to 2025-05-02T00:00:00+00:00, run_after=2025-05-03T00:00:00+00:00
[2025-05-02T12:28:58.490+0000] {processor.py:178} INFO - Processing /opt/airflow/dags/extract.py took 1.923 seconds
[2025-05-02T12:29:29.104+0000] {processor.py:156} INFO - Started process (PID=1165) to work on /opt/airflow/dags/extract.py
[2025-05-02T12:29:29.107+0000] {processor.py:799} INFO - Processing file /opt/airflow/dags/extract.py for tasks to queue
[2025-05-02T12:29:29.110+0000] {logging_mixin.py:149} INFO - [2025-05-02T12:29:29.110+0000] {dagbag.py:541} INFO - Filling up the DagBag from /opt/airflow/dags/extract.py
[2025-05-02T12:29:30.266+0000] {processor.py:809} INFO - DAG(s) dict_keys(['extract']) retrieved from /opt/airflow/dags/extract.py
[2025-05-02T12:29:30.342+0000] {logging_mixin.py:149} INFO - [2025-05-02T12:29:30.341+0000] {dag.py:2726} INFO - Sync 1 DAGs
[2025-05-02T12:29:30.412+0000] {logging_mixin.py:149} INFO - [2025-05-02T12:29:30.412+0000] {dag.py:3490} INFO - Setting next_dagrun for extract to 2025-05-02T00:00:00+00:00, run_after=2025-05-03T00:00:00+00:00
[2025-05-02T12:29:30.553+0000] {processor.py:178} INFO - Processing /opt/airflow/dags/extract.py took 1.457 seconds
[2025-05-02T12:30:01.236+0000] {processor.py:156} INFO - Started process (PID=1199) to work on /opt/airflow/dags/extract.py
[2025-05-02T12:30:01.248+0000] {processor.py:799} INFO - Processing file /opt/airflow/dags/extract.py for tasks to queue
[2025-05-02T12:30:01.261+0000] {logging_mixin.py:149} INFO - [2025-05-02T12:30:01.261+0000] {dagbag.py:541} INFO - Filling up the DagBag from /opt/airflow/dags/extract.py
[2025-05-02T12:30:03.060+0000] {processor.py:809} INFO - DAG(s) dict_keys(['extract']) retrieved from /opt/airflow/dags/extract.py
[2025-05-02T12:30:03.274+0000] {logging_mixin.py:149} INFO - [2025-05-02T12:30:03.272+0000] {dag.py:2726} INFO - Sync 1 DAGs
[2025-05-02T12:30:03.409+0000] {logging_mixin.py:149} INFO - [2025-05-02T12:30:03.409+0000] {dag.py:3490} INFO - Setting next_dagrun for extract to 2025-05-02T00:00:00+00:00, run_after=2025-05-03T00:00:00+00:00
[2025-05-02T12:30:03.527+0000] {processor.py:178} INFO - Processing /opt/airflow/dags/extract.py took 2.320 seconds
[2025-05-02T12:30:34.169+0000] {processor.py:156} INFO - Started process (PID=1233) to work on /opt/airflow/dags/extract.py
[2025-05-02T12:30:34.178+0000] {processor.py:799} INFO - Processing file /opt/airflow/dags/extract.py for tasks to queue
[2025-05-02T12:30:34.183+0000] {logging_mixin.py:149} INFO - [2025-05-02T12:30:34.182+0000] {dagbag.py:541} INFO - Filling up the DagBag from /opt/airflow/dags/extract.py
[2025-05-02T12:30:35.618+0000] {processor.py:809} INFO - DAG(s) dict_keys(['extract']) retrieved from /opt/airflow/dags/extract.py
[2025-05-02T12:30:35.756+0000] {logging_mixin.py:149} INFO - [2025-05-02T12:30:35.752+0000] {dag.py:2726} INFO - Sync 1 DAGs
[2025-05-02T12:30:35.881+0000] {logging_mixin.py:149} INFO - [2025-05-02T12:30:35.880+0000] {dag.py:3490} INFO - Setting next_dagrun for extract to 2025-05-02T00:00:00+00:00, run_after=2025-05-03T00:00:00+00:00
[2025-05-02T12:30:35.995+0000] {processor.py:178} INFO - Processing /opt/airflow/dags/extract.py took 1.841 seconds
[2025-05-02T12:31:06.718+0000] {processor.py:156} INFO - Started process (PID=1267) to work on /opt/airflow/dags/extract.py
[2025-05-02T12:31:06.724+0000] {processor.py:799} INFO - Processing file /opt/airflow/dags/extract.py for tasks to queue
[2025-05-02T12:31:06.732+0000] {logging_mixin.py:149} INFO - [2025-05-02T12:31:06.731+0000] {dagbag.py:541} INFO - Filling up the DagBag from /opt/airflow/dags/extract.py
[2025-05-02T12:31:08.296+0000] {processor.py:809} INFO - DAG(s) dict_keys(['extract']) retrieved from /opt/airflow/dags/extract.py
[2025-05-02T12:31:08.372+0000] {logging_mixin.py:149} INFO - [2025-05-02T12:31:08.371+0000] {dag.py:2726} INFO - Sync 1 DAGs
[2025-05-02T12:31:08.455+0000] {logging_mixin.py:149} INFO - [2025-05-02T12:31:08.455+0000] {dag.py:3490} INFO - Setting next_dagrun for extract to 2025-05-02T00:00:00+00:00, run_after=2025-05-03T00:00:00+00:00
[2025-05-02T12:31:08.540+0000] {processor.py:178} INFO - Processing /opt/airflow/dags/extract.py took 1.851 seconds
[2025-05-02T12:31:39.262+0000] {processor.py:156} INFO - Started process (PID=1301) to work on /opt/airflow/dags/extract.py
[2025-05-02T12:31:39.266+0000] {processor.py:799} INFO - Processing file /opt/airflow/dags/extract.py for tasks to queue
[2025-05-02T12:31:39.269+0000] {logging_mixin.py:149} INFO - [2025-05-02T12:31:39.268+0000] {dagbag.py:541} INFO - Filling up the DagBag from /opt/airflow/dags/extract.py
[2025-05-02T12:31:40.634+0000] {processor.py:809} INFO - DAG(s) dict_keys(['extract']) retrieved from /opt/airflow/dags/extract.py
[2025-05-02T12:31:40.747+0000] {logging_mixin.py:149} INFO - [2025-05-02T12:31:40.746+0000] {dag.py:2726} INFO - Sync 1 DAGs
[2025-05-02T12:31:40.902+0000] {logging_mixin.py:149} INFO - [2025-05-02T12:31:40.901+0000] {dag.py:3490} INFO - Setting next_dagrun for extract to 2025-05-02T00:00:00+00:00, run_after=2025-05-03T00:00:00+00:00
[2025-05-02T12:31:41.050+0000] {processor.py:178} INFO - Processing /opt/airflow/dags/extract.py took 1.800 seconds
[2025-05-02T12:32:11.647+0000] {processor.py:156} INFO - Started process (PID=1335) to work on /opt/airflow/dags/extract.py
[2025-05-02T12:32:11.652+0000] {processor.py:799} INFO - Processing file /opt/airflow/dags/extract.py for tasks to queue
[2025-05-02T12:32:11.656+0000] {logging_mixin.py:149} INFO - [2025-05-02T12:32:11.655+0000] {dagbag.py:541} INFO - Filling up the DagBag from /opt/airflow/dags/extract.py
[2025-05-02T12:32:13.007+0000] {processor.py:809} INFO - DAG(s) dict_keys(['extract']) retrieved from /opt/airflow/dags/extract.py
[2025-05-02T12:32:13.130+0000] {logging_mixin.py:149} INFO - [2025-05-02T12:32:13.123+0000] {dag.py:2726} INFO - Sync 1 DAGs
[2025-05-02T12:32:13.250+0000] {logging_mixin.py:149} INFO - [2025-05-02T12:32:13.249+0000] {dag.py:3490} INFO - Setting next_dagrun for extract to 2025-05-02T00:00:00+00:00, run_after=2025-05-03T00:00:00+00:00
[2025-05-02T12:32:13.341+0000] {processor.py:178} INFO - Processing /opt/airflow/dags/extract.py took 1.710 seconds
[2025-05-02T12:32:43.959+0000] {processor.py:156} INFO - Started process (PID=1369) to work on /opt/airflow/dags/extract.py
[2025-05-02T12:32:43.962+0000] {processor.py:799} INFO - Processing file /opt/airflow/dags/extract.py for tasks to queue
[2025-05-02T12:32:43.965+0000] {logging_mixin.py:149} INFO - [2025-05-02T12:32:43.965+0000] {dagbag.py:541} INFO - Filling up the DagBag from /opt/airflow/dags/extract.py
[2025-05-02T12:32:45.383+0000] {processor.py:809} INFO - DAG(s) dict_keys(['extract']) retrieved from /opt/airflow/dags/extract.py
[2025-05-02T12:32:45.488+0000] {logging_mixin.py:149} INFO - [2025-05-02T12:32:45.486+0000] {dag.py:2726} INFO - Sync 1 DAGs
[2025-05-02T12:32:45.596+0000] {logging_mixin.py:149} INFO - [2025-05-02T12:32:45.595+0000] {dag.py:3490} INFO - Setting next_dagrun for extract to 2025-05-02T00:00:00+00:00, run_after=2025-05-03T00:00:00+00:00
[2025-05-02T12:32:45.699+0000] {processor.py:178} INFO - Processing /opt/airflow/dags/extract.py took 1.751 seconds
[2025-05-02T12:33:16.307+0000] {processor.py:156} INFO - Started process (PID=1403) to work on /opt/airflow/dags/extract.py
[2025-05-02T12:33:16.310+0000] {processor.py:799} INFO - Processing file /opt/airflow/dags/extract.py for tasks to queue
[2025-05-02T12:33:16.314+0000] {logging_mixin.py:149} INFO - [2025-05-02T12:33:16.314+0000] {dagbag.py:541} INFO - Filling up the DagBag from /opt/airflow/dags/extract.py
[2025-05-02T12:33:17.654+0000] {processor.py:809} INFO - DAG(s) dict_keys(['extract']) retrieved from /opt/airflow/dags/extract.py
[2025-05-02T12:33:17.773+0000] {logging_mixin.py:149} INFO - [2025-05-02T12:33:17.771+0000] {dag.py:2726} INFO - Sync 1 DAGs
[2025-05-02T12:33:17.960+0000] {logging_mixin.py:149} INFO - [2025-05-02T12:33:17.959+0000] {dag.py:3490} INFO - Setting next_dagrun for extract to 2025-05-02T00:00:00+00:00, run_after=2025-05-03T00:00:00+00:00
[2025-05-02T12:33:18.090+0000] {processor.py:178} INFO - Processing /opt/airflow/dags/extract.py took 1.790 seconds
[2025-05-02T12:33:48.817+0000] {processor.py:156} INFO - Started process (PID=1437) to work on /opt/airflow/dags/extract.py
[2025-05-02T12:33:48.820+0000] {processor.py:799} INFO - Processing file /opt/airflow/dags/extract.py for tasks to queue
[2025-05-02T12:33:48.822+0000] {logging_mixin.py:149} INFO - [2025-05-02T12:33:48.822+0000] {dagbag.py:541} INFO - Filling up the DagBag from /opt/airflow/dags/extract.py
[2025-05-02T12:33:49.923+0000] {processor.py:809} INFO - DAG(s) dict_keys(['extract']) retrieved from /opt/airflow/dags/extract.py
[2025-05-02T12:33:50.019+0000] {logging_mixin.py:149} INFO - [2025-05-02T12:33:50.014+0000] {dag.py:2726} INFO - Sync 1 DAGs
[2025-05-02T12:33:50.101+0000] {logging_mixin.py:149} INFO - [2025-05-02T12:33:50.101+0000] {dag.py:3490} INFO - Setting next_dagrun for extract to 2025-05-02T00:00:00+00:00, run_after=2025-05-03T00:00:00+00:00
[2025-05-02T12:33:50.180+0000] {processor.py:178} INFO - Processing /opt/airflow/dags/extract.py took 1.373 seconds
[2025-05-02T12:34:20.731+0000] {processor.py:156} INFO - Started process (PID=1471) to work on /opt/airflow/dags/extract.py
[2025-05-02T12:34:20.735+0000] {processor.py:799} INFO - Processing file /opt/airflow/dags/extract.py for tasks to queue
[2025-05-02T12:34:20.738+0000] {logging_mixin.py:149} INFO - [2025-05-02T12:34:20.737+0000] {dagbag.py:541} INFO - Filling up the DagBag from /opt/airflow/dags/extract.py
[2025-05-02T12:34:22.058+0000] {processor.py:809} INFO - DAG(s) dict_keys(['extract']) retrieved from /opt/airflow/dags/extract.py
[2025-05-02T12:34:22.164+0000] {logging_mixin.py:149} INFO - [2025-05-02T12:34:22.163+0000] {dag.py:2726} INFO - Sync 1 DAGs
[2025-05-02T12:34:22.248+0000] {logging_mixin.py:149} INFO - [2025-05-02T12:34:22.248+0000] {dag.py:3490} INFO - Setting next_dagrun for extract to 2025-05-02T00:00:00+00:00, run_after=2025-05-03T00:00:00+00:00
[2025-05-02T12:34:22.333+0000] {processor.py:178} INFO - Processing /opt/airflow/dags/extract.py took 1.616 seconds
[2025-05-02T12:34:52.909+0000] {processor.py:156} INFO - Started process (PID=1505) to work on /opt/airflow/dags/extract.py
[2025-05-02T12:34:52.911+0000] {processor.py:799} INFO - Processing file /opt/airflow/dags/extract.py for tasks to queue
[2025-05-02T12:34:52.915+0000] {logging_mixin.py:149} INFO - [2025-05-02T12:34:52.914+0000] {dagbag.py:541} INFO - Filling up the DagBag from /opt/airflow/dags/extract.py
[2025-05-02T12:34:54.036+0000] {processor.py:809} INFO - DAG(s) dict_keys(['extract']) retrieved from /opt/airflow/dags/extract.py
[2025-05-02T12:34:54.154+0000] {logging_mixin.py:149} INFO - [2025-05-02T12:34:54.153+0000] {dag.py:2726} INFO - Sync 1 DAGs
[2025-05-02T12:34:54.261+0000] {logging_mixin.py:149} INFO - [2025-05-02T12:34:54.261+0000] {dag.py:3490} INFO - Setting next_dagrun for extract to 2025-05-02T00:00:00+00:00, run_after=2025-05-03T00:00:00+00:00
[2025-05-02T12:34:54.357+0000] {processor.py:178} INFO - Processing /opt/airflow/dags/extract.py took 1.459 seconds
[2025-05-02T12:35:24.936+0000] {processor.py:156} INFO - Started process (PID=1539) to work on /opt/airflow/dags/extract.py
[2025-05-02T12:35:24.940+0000] {processor.py:799} INFO - Processing file /opt/airflow/dags/extract.py for tasks to queue
[2025-05-02T12:35:24.943+0000] {logging_mixin.py:149} INFO - [2025-05-02T12:35:24.943+0000] {dagbag.py:541} INFO - Filling up the DagBag from /opt/airflow/dags/extract.py
[2025-05-02T12:35:26.080+0000] {processor.py:809} INFO - DAG(s) dict_keys(['extract']) retrieved from /opt/airflow/dags/extract.py
[2025-05-02T12:35:26.245+0000] {logging_mixin.py:149} INFO - [2025-05-02T12:35:26.242+0000] {dag.py:2726} INFO - Sync 1 DAGs
[2025-05-02T12:35:26.323+0000] {logging_mixin.py:149} INFO - [2025-05-02T12:35:26.322+0000] {dag.py:3490} INFO - Setting next_dagrun for extract to 2025-05-02T00:00:00+00:00, run_after=2025-05-03T00:00:00+00:00
[2025-05-02T12:35:26.415+0000] {processor.py:178} INFO - Processing /opt/airflow/dags/extract.py took 1.490 seconds
[2025-05-02T12:35:56.928+0000] {processor.py:156} INFO - Started process (PID=1573) to work on /opt/airflow/dags/extract.py
[2025-05-02T12:35:56.931+0000] {processor.py:799} INFO - Processing file /opt/airflow/dags/extract.py for tasks to queue
[2025-05-02T12:35:56.933+0000] {logging_mixin.py:149} INFO - [2025-05-02T12:35:56.932+0000] {dagbag.py:541} INFO - Filling up the DagBag from /opt/airflow/dags/extract.py
[2025-05-02T12:35:58.517+0000] {processor.py:809} INFO - DAG(s) dict_keys(['extract']) retrieved from /opt/airflow/dags/extract.py
[2025-05-02T12:35:58.606+0000] {logging_mixin.py:149} INFO - [2025-05-02T12:35:58.605+0000] {dag.py:2726} INFO - Sync 1 DAGs
[2025-05-02T12:35:58.697+0000] {logging_mixin.py:149} INFO - [2025-05-02T12:35:58.697+0000] {dag.py:3490} INFO - Setting next_dagrun for extract to 2025-05-02T00:00:00+00:00, run_after=2025-05-03T00:00:00+00:00
[2025-05-02T12:35:58.815+0000] {processor.py:178} INFO - Processing /opt/airflow/dags/extract.py took 1.894 seconds
[2025-05-02T12:36:29.358+0000] {processor.py:156} INFO - Started process (PID=1607) to work on /opt/airflow/dags/extract.py
[2025-05-02T12:36:29.361+0000] {processor.py:799} INFO - Processing file /opt/airflow/dags/extract.py for tasks to queue
[2025-05-02T12:36:29.363+0000] {logging_mixin.py:149} INFO - [2025-05-02T12:36:29.363+0000] {dagbag.py:541} INFO - Filling up the DagBag from /opt/airflow/dags/extract.py
[2025-05-02T12:36:30.632+0000] {processor.py:809} INFO - DAG(s) dict_keys(['extract']) retrieved from /opt/airflow/dags/extract.py
[2025-05-02T12:36:30.717+0000] {logging_mixin.py:149} INFO - [2025-05-02T12:36:30.715+0000] {dag.py:2726} INFO - Sync 1 DAGs
[2025-05-02T12:36:30.794+0000] {logging_mixin.py:149} INFO - [2025-05-02T12:36:30.794+0000] {dag.py:3490} INFO - Setting next_dagrun for extract to 2025-05-02T00:00:00+00:00, run_after=2025-05-03T00:00:00+00:00
[2025-05-02T12:36:30.870+0000] {processor.py:178} INFO - Processing /opt/airflow/dags/extract.py took 1.521 seconds
[2025-05-02T12:37:01.536+0000] {processor.py:156} INFO - Started process (PID=1641) to work on /opt/airflow/dags/extract.py
[2025-05-02T12:37:01.541+0000] {processor.py:799} INFO - Processing file /opt/airflow/dags/extract.py for tasks to queue
[2025-05-02T12:37:01.545+0000] {logging_mixin.py:149} INFO - [2025-05-02T12:37:01.545+0000] {dagbag.py:541} INFO - Filling up the DagBag from /opt/airflow/dags/extract.py
[2025-05-02T12:37:02.819+0000] {processor.py:809} INFO - DAG(s) dict_keys(['extract']) retrieved from /opt/airflow/dags/extract.py
[2025-05-02T12:37:02.911+0000] {logging_mixin.py:149} INFO - [2025-05-02T12:37:02.908+0000] {dag.py:2726} INFO - Sync 1 DAGs
[2025-05-02T12:37:03.015+0000] {logging_mixin.py:149} INFO - [2025-05-02T12:37:03.015+0000] {dag.py:3490} INFO - Setting next_dagrun for extract to 2025-05-02T00:00:00+00:00, run_after=2025-05-03T00:00:00+00:00
[2025-05-02T12:37:03.096+0000] {processor.py:178} INFO - Processing /opt/airflow/dags/extract.py took 1.572 seconds
[2025-05-02T12:37:33.675+0000] {processor.py:156} INFO - Started process (PID=1675) to work on /opt/airflow/dags/extract.py
[2025-05-02T12:37:33.678+0000] {processor.py:799} INFO - Processing file /opt/airflow/dags/extract.py for tasks to queue
[2025-05-02T12:37:33.681+0000] {logging_mixin.py:149} INFO - [2025-05-02T12:37:33.680+0000] {dagbag.py:541} INFO - Filling up the DagBag from /opt/airflow/dags/extract.py
[2025-05-02T12:37:35.032+0000] {processor.py:809} INFO - DAG(s) dict_keys(['extract']) retrieved from /opt/airflow/dags/extract.py
[2025-05-02T12:37:35.195+0000] {logging_mixin.py:149} INFO - [2025-05-02T12:37:35.194+0000] {dag.py:2726} INFO - Sync 1 DAGs
[2025-05-02T12:37:35.265+0000] {logging_mixin.py:149} INFO - [2025-05-02T12:37:35.264+0000] {dag.py:3490} INFO - Setting next_dagrun for extract to 2025-05-02T00:00:00+00:00, run_after=2025-05-03T00:00:00+00:00
[2025-05-02T12:37:35.405+0000] {processor.py:178} INFO - Processing /opt/airflow/dags/extract.py took 1.740 seconds
[2025-05-02T12:38:05.912+0000] {processor.py:156} INFO - Started process (PID=1709) to work on /opt/airflow/dags/extract.py
[2025-05-02T12:38:05.915+0000] {processor.py:799} INFO - Processing file /opt/airflow/dags/extract.py for tasks to queue
[2025-05-02T12:38:05.918+0000] {logging_mixin.py:149} INFO - [2025-05-02T12:38:05.917+0000] {dagbag.py:541} INFO - Filling up the DagBag from /opt/airflow/dags/extract.py
[2025-05-02T12:38:07.281+0000] {processor.py:809} INFO - DAG(s) dict_keys(['extract']) retrieved from /opt/airflow/dags/extract.py
[2025-05-02T12:38:07.374+0000] {logging_mixin.py:149} INFO - [2025-05-02T12:38:07.373+0000] {dag.py:2726} INFO - Sync 1 DAGs
[2025-05-02T12:38:07.459+0000] {logging_mixin.py:149} INFO - [2025-05-02T12:38:07.458+0000] {dag.py:3490} INFO - Setting next_dagrun for extract to 2025-05-02T00:00:00+00:00, run_after=2025-05-03T00:00:00+00:00
[2025-05-02T12:38:07.537+0000] {processor.py:178} INFO - Processing /opt/airflow/dags/extract.py took 1.636 seconds
[2025-05-02T12:38:38.101+0000] {processor.py:156} INFO - Started process (PID=1743) to work on /opt/airflow/dags/extract.py
[2025-05-02T12:38:38.106+0000] {processor.py:799} INFO - Processing file /opt/airflow/dags/extract.py for tasks to queue
[2025-05-02T12:38:38.110+0000] {logging_mixin.py:149} INFO - [2025-05-02T12:38:38.110+0000] {dagbag.py:541} INFO - Filling up the DagBag from /opt/airflow/dags/extract.py
[2025-05-02T12:38:39.774+0000] {processor.py:809} INFO - DAG(s) dict_keys(['extract']) retrieved from /opt/airflow/dags/extract.py
[2025-05-02T12:38:39.909+0000] {logging_mixin.py:149} INFO - [2025-05-02T12:38:39.904+0000] {dag.py:2726} INFO - Sync 1 DAGs
[2025-05-02T12:38:40.044+0000] {logging_mixin.py:149} INFO - [2025-05-02T12:38:40.044+0000] {dag.py:3490} INFO - Setting next_dagrun for extract to 2025-05-02T00:00:00+00:00, run_after=2025-05-03T00:00:00+00:00
[2025-05-02T12:38:40.143+0000] {processor.py:178} INFO - Processing /opt/airflow/dags/extract.py took 2.055 seconds
[2025-05-02T12:39:11.160+0000] {processor.py:156} INFO - Started process (PID=1777) to work on /opt/airflow/dags/extract.py
[2025-05-02T12:39:11.176+0000] {processor.py:799} INFO - Processing file /opt/airflow/dags/extract.py for tasks to queue
[2025-05-02T12:39:11.182+0000] {logging_mixin.py:149} INFO - [2025-05-02T12:39:11.181+0000] {dagbag.py:541} INFO - Filling up the DagBag from /opt/airflow/dags/extract.py
[2025-05-02T12:39:13.217+0000] {processor.py:809} INFO - DAG(s) dict_keys(['extract']) retrieved from /opt/airflow/dags/extract.py
[2025-05-02T12:39:13.368+0000] {logging_mixin.py:149} INFO - [2025-05-02T12:39:13.367+0000] {dag.py:2726} INFO - Sync 1 DAGs
[2025-05-02T12:39:13.484+0000] {logging_mixin.py:149} INFO - [2025-05-02T12:39:13.483+0000] {dag.py:3490} INFO - Setting next_dagrun for extract to 2025-05-02T00:00:00+00:00, run_after=2025-05-03T00:00:00+00:00
[2025-05-02T12:39:13.583+0000] {processor.py:178} INFO - Processing /opt/airflow/dags/extract.py took 2.490 seconds
[2025-05-02T12:39:43.760+0000] {processor.py:156} INFO - Started process (PID=1811) to work on /opt/airflow/dags/extract.py
[2025-05-02T12:39:43.771+0000] {processor.py:799} INFO - Processing file /opt/airflow/dags/extract.py for tasks to queue
[2025-05-02T12:39:43.774+0000] {logging_mixin.py:149} INFO - [2025-05-02T12:39:43.773+0000] {dagbag.py:541} INFO - Filling up the DagBag from /opt/airflow/dags/extract.py
[2025-05-02T12:39:45.274+0000] {processor.py:809} INFO - DAG(s) dict_keys(['extract']) retrieved from /opt/airflow/dags/extract.py
[2025-05-02T12:39:45.468+0000] {logging_mixin.py:149} INFO - [2025-05-02T12:39:45.465+0000] {dag.py:2726} INFO - Sync 1 DAGs
[2025-05-02T12:39:45.583+0000] {logging_mixin.py:149} INFO - [2025-05-02T12:39:45.583+0000] {dag.py:3490} INFO - Setting next_dagrun for extract to 2025-05-02T00:00:00+00:00, run_after=2025-05-03T00:00:00+00:00
[2025-05-02T12:39:45.681+0000] {processor.py:178} INFO - Processing /opt/airflow/dags/extract.py took 1.937 seconds
[2025-05-02T12:40:16.230+0000] {processor.py:156} INFO - Started process (PID=1859) to work on /opt/airflow/dags/extract.py
[2025-05-02T12:40:16.233+0000] {processor.py:799} INFO - Processing file /opt/airflow/dags/extract.py for tasks to queue
[2025-05-02T12:40:16.235+0000] {logging_mixin.py:149} INFO - [2025-05-02T12:40:16.235+0000] {dagbag.py:541} INFO - Filling up the DagBag from /opt/airflow/dags/extract.py
[2025-05-02T12:40:17.639+0000] {processor.py:809} INFO - DAG(s) dict_keys(['extract']) retrieved from /opt/airflow/dags/extract.py
[2025-05-02T12:40:17.778+0000] {logging_mixin.py:149} INFO - [2025-05-02T12:40:17.776+0000] {dag.py:2726} INFO - Sync 1 DAGs
[2025-05-02T12:40:17.850+0000] {logging_mixin.py:149} INFO - [2025-05-02T12:40:17.850+0000] {dag.py:3490} INFO - Setting next_dagrun for extract to 2025-05-02T00:00:00+00:00, run_after=2025-05-03T00:00:00+00:00
[2025-05-02T12:40:17.921+0000] {processor.py:178} INFO - Processing /opt/airflow/dags/extract.py took 1.698 seconds
[2025-05-02T12:40:48.569+0000] {processor.py:156} INFO - Started process (PID=1894) to work on /opt/airflow/dags/extract.py
[2025-05-02T12:40:48.574+0000] {processor.py:799} INFO - Processing file /opt/airflow/dags/extract.py for tasks to queue
[2025-05-02T12:40:48.579+0000] {logging_mixin.py:149} INFO - [2025-05-02T12:40:48.578+0000] {dagbag.py:541} INFO - Filling up the DagBag from /opt/airflow/dags/extract.py
[2025-05-02T12:40:49.668+0000] {processor.py:809} INFO - DAG(s) dict_keys(['extract']) retrieved from /opt/airflow/dags/extract.py
[2025-05-02T12:40:49.803+0000] {logging_mixin.py:149} INFO - [2025-05-02T12:40:49.802+0000] {dag.py:2726} INFO - Sync 1 DAGs
[2025-05-02T12:40:49.876+0000] {logging_mixin.py:149} INFO - [2025-05-02T12:40:49.876+0000] {dag.py:3490} INFO - Setting next_dagrun for extract to 2025-05-02T00:00:00+00:00, run_after=2025-05-03T00:00:00+00:00
[2025-05-02T12:40:49.947+0000] {processor.py:178} INFO - Processing /opt/airflow/dags/extract.py took 1.397 seconds
[2025-05-02T12:41:20.340+0000] {processor.py:156} INFO - Started process (PID=1928) to work on /opt/airflow/dags/extract.py
[2025-05-02T12:41:20.342+0000] {processor.py:799} INFO - Processing file /opt/airflow/dags/extract.py for tasks to queue
[2025-05-02T12:41:20.345+0000] {logging_mixin.py:149} INFO - [2025-05-02T12:41:20.344+0000] {dagbag.py:541} INFO - Filling up the DagBag from /opt/airflow/dags/extract.py
[2025-05-02T12:41:21.450+0000] {processor.py:809} INFO - DAG(s) dict_keys(['extract']) retrieved from /opt/airflow/dags/extract.py
[2025-05-02T12:41:21.520+0000] {logging_mixin.py:149} INFO - [2025-05-02T12:41:21.518+0000] {dag.py:2726} INFO - Sync 1 DAGs
[2025-05-02T12:41:21.589+0000] {logging_mixin.py:149} INFO - [2025-05-02T12:41:21.589+0000] {dag.py:3490} INFO - Setting next_dagrun for extract to 2025-05-02T00:00:00+00:00, run_after=2025-05-03T00:00:00+00:00
[2025-05-02T12:41:21.656+0000] {processor.py:178} INFO - Processing /opt/airflow/dags/extract.py took 1.325 seconds
[2025-05-02T12:41:52.004+0000] {processor.py:156} INFO - Started process (PID=1962) to work on /opt/airflow/dags/extract.py
[2025-05-02T12:41:52.007+0000] {processor.py:799} INFO - Processing file /opt/airflow/dags/extract.py for tasks to queue
[2025-05-02T12:41:52.010+0000] {logging_mixin.py:149} INFO - [2025-05-02T12:41:52.009+0000] {dagbag.py:541} INFO - Filling up the DagBag from /opt/airflow/dags/extract.py
[2025-05-02T12:41:53.135+0000] {processor.py:809} INFO - DAG(s) dict_keys(['extract']) retrieved from /opt/airflow/dags/extract.py
[2025-05-02T12:41:53.211+0000] {logging_mixin.py:149} INFO - [2025-05-02T12:41:53.210+0000] {dag.py:2726} INFO - Sync 1 DAGs
[2025-05-02T12:41:53.286+0000] {logging_mixin.py:149} INFO - [2025-05-02T12:41:53.285+0000] {dag.py:3490} INFO - Setting next_dagrun for extract to 2025-05-02T00:00:00+00:00, run_after=2025-05-03T00:00:00+00:00
[2025-05-02T12:41:53.370+0000] {processor.py:178} INFO - Processing /opt/airflow/dags/extract.py took 1.375 seconds
[2025-05-02T12:42:23.643+0000] {processor.py:156} INFO - Started process (PID=1996) to work on /opt/airflow/dags/extract.py
[2025-05-02T12:42:23.646+0000] {processor.py:799} INFO - Processing file /opt/airflow/dags/extract.py for tasks to queue
[2025-05-02T12:42:23.648+0000] {logging_mixin.py:149} INFO - [2025-05-02T12:42:23.648+0000] {dagbag.py:541} INFO - Filling up the DagBag from /opt/airflow/dags/extract.py
[2025-05-02T12:42:24.776+0000] {processor.py:809} INFO - DAG(s) dict_keys(['extract']) retrieved from /opt/airflow/dags/extract.py
[2025-05-02T12:42:24.852+0000] {logging_mixin.py:149} INFO - [2025-05-02T12:42:24.851+0000] {dag.py:2726} INFO - Sync 1 DAGs
[2025-05-02T12:42:24.919+0000] {logging_mixin.py:149} INFO - [2025-05-02T12:42:24.919+0000] {dag.py:3490} INFO - Setting next_dagrun for extract to 2025-05-02T00:00:00+00:00, run_after=2025-05-03T00:00:00+00:00
[2025-05-02T12:42:24.998+0000] {processor.py:178} INFO - Processing /opt/airflow/dags/extract.py took 1.367 seconds
[2025-05-02T12:42:55.334+0000] {processor.py:156} INFO - Started process (PID=2030) to work on /opt/airflow/dags/extract.py
[2025-05-02T12:42:55.338+0000] {processor.py:799} INFO - Processing file /opt/airflow/dags/extract.py for tasks to queue
[2025-05-02T12:42:55.341+0000] {logging_mixin.py:149} INFO - [2025-05-02T12:42:55.340+0000] {dagbag.py:541} INFO - Filling up the DagBag from /opt/airflow/dags/extract.py
[2025-05-02T12:42:56.532+0000] {processor.py:809} INFO - DAG(s) dict_keys(['extract']) retrieved from /opt/airflow/dags/extract.py
[2025-05-02T12:42:56.629+0000] {logging_mixin.py:149} INFO - [2025-05-02T12:42:56.628+0000] {dag.py:2726} INFO - Sync 1 DAGs
[2025-05-02T12:42:56.747+0000] {logging_mixin.py:149} INFO - [2025-05-02T12:42:56.747+0000] {dag.py:3490} INFO - Setting next_dagrun for extract to 2025-05-02T00:00:00+00:00, run_after=2025-05-03T00:00:00+00:00
[2025-05-02T12:42:56.846+0000] {processor.py:178} INFO - Processing /opt/airflow/dags/extract.py took 1.527 seconds
[2025-05-02T12:43:27.363+0000] {processor.py:156} INFO - Started process (PID=2049) to work on /opt/airflow/dags/extract.py
[2025-05-02T12:43:27.366+0000] {processor.py:799} INFO - Processing file /opt/airflow/dags/extract.py for tasks to queue
[2025-05-02T12:43:27.369+0000] {logging_mixin.py:149} INFO - [2025-05-02T12:43:27.368+0000] {dagbag.py:541} INFO - Filling up the DagBag from /opt/airflow/dags/extract.py
[2025-05-02T12:43:28.637+0000] {processor.py:809} INFO - DAG(s) dict_keys(['extract']) retrieved from /opt/airflow/dags/extract.py
[2025-05-02T12:43:28.752+0000] {logging_mixin.py:149} INFO - [2025-05-02T12:43:28.747+0000] {dag.py:2726} INFO - Sync 1 DAGs
[2025-05-02T12:43:28.851+0000] {logging_mixin.py:149} INFO - [2025-05-02T12:43:28.851+0000] {dag.py:3490} INFO - Setting next_dagrun for extract to 2025-05-02T00:00:00+00:00, run_after=2025-05-03T00:00:00+00:00
[2025-05-02T12:43:28.929+0000] {processor.py:178} INFO - Processing /opt/airflow/dags/extract.py took 1.575 seconds
[2025-05-02T12:43:59.457+0000] {processor.py:156} INFO - Started process (PID=2083) to work on /opt/airflow/dags/extract.py
[2025-05-02T12:43:59.461+0000] {processor.py:799} INFO - Processing file /opt/airflow/dags/extract.py for tasks to queue
[2025-05-02T12:43:59.463+0000] {logging_mixin.py:149} INFO - [2025-05-02T12:43:59.463+0000] {dagbag.py:541} INFO - Filling up the DagBag from /opt/airflow/dags/extract.py
[2025-05-02T12:44:00.476+0000] {processor.py:809} INFO - DAG(s) dict_keys(['extract']) retrieved from /opt/airflow/dags/extract.py
[2025-05-02T12:44:00.565+0000] {logging_mixin.py:149} INFO - [2025-05-02T12:44:00.564+0000] {dag.py:2726} INFO - Sync 1 DAGs
[2025-05-02T12:44:00.645+0000] {logging_mixin.py:149} INFO - [2025-05-02T12:44:00.645+0000] {dag.py:3490} INFO - Setting next_dagrun for extract to 2025-05-02T00:00:00+00:00, run_after=2025-05-03T00:00:00+00:00
[2025-05-02T12:44:00.717+0000] {processor.py:178} INFO - Processing /opt/airflow/dags/extract.py took 1.269 seconds
[2025-05-02T12:44:31.318+0000] {processor.py:156} INFO - Started process (PID=2117) to work on /opt/airflow/dags/extract.py
[2025-05-02T12:44:31.321+0000] {processor.py:799} INFO - Processing file /opt/airflow/dags/extract.py for tasks to queue
[2025-05-02T12:44:31.324+0000] {logging_mixin.py:149} INFO - [2025-05-02T12:44:31.323+0000] {dagbag.py:541} INFO - Filling up the DagBag from /opt/airflow/dags/extract.py
[2025-05-02T12:44:32.500+0000] {processor.py:809} INFO - DAG(s) dict_keys(['extract']) retrieved from /opt/airflow/dags/extract.py
[2025-05-02T12:44:32.587+0000] {logging_mixin.py:149} INFO - [2025-05-02T12:44:32.586+0000] {dag.py:2726} INFO - Sync 1 DAGs
[2025-05-02T12:44:32.911+0000] {logging_mixin.py:149} INFO - [2025-05-02T12:44:32.911+0000] {dag.py:3490} INFO - Setting next_dagrun for extract to 2025-05-02T00:00:00+00:00, run_after=2025-05-03T00:00:00+00:00
[2025-05-02T12:44:33.051+0000] {processor.py:178} INFO - Processing /opt/airflow/dags/extract.py took 1.741 seconds
[2025-05-02T12:45:03.968+0000] {processor.py:156} INFO - Started process (PID=2151) to work on /opt/airflow/dags/extract.py
[2025-05-02T12:45:03.971+0000] {processor.py:799} INFO - Processing file /opt/airflow/dags/extract.py for tasks to queue
[2025-05-02T12:45:03.974+0000] {logging_mixin.py:149} INFO - [2025-05-02T12:45:03.973+0000] {dagbag.py:541} INFO - Filling up the DagBag from /opt/airflow/dags/extract.py
[2025-05-02T12:45:05.163+0000] {processor.py:809} INFO - DAG(s) dict_keys(['extract']) retrieved from /opt/airflow/dags/extract.py
[2025-05-02T12:45:05.262+0000] {logging_mixin.py:149} INFO - [2025-05-02T12:45:05.259+0000] {dag.py:2726} INFO - Sync 1 DAGs
[2025-05-02T12:45:05.344+0000] {logging_mixin.py:149} INFO - [2025-05-02T12:45:05.344+0000] {dag.py:3490} INFO - Setting next_dagrun for extract to 2025-05-02T00:00:00+00:00, run_after=2025-05-03T00:00:00+00:00
[2025-05-02T12:45:05.425+0000] {processor.py:178} INFO - Processing /opt/airflow/dags/extract.py took 1.465 seconds
[2025-05-02T12:45:36.051+0000] {processor.py:156} INFO - Started process (PID=2185) to work on /opt/airflow/dags/extract.py
[2025-05-02T12:45:36.054+0000] {processor.py:799} INFO - Processing file /opt/airflow/dags/extract.py for tasks to queue
[2025-05-02T12:45:36.057+0000] {logging_mixin.py:149} INFO - [2025-05-02T12:45:36.056+0000] {dagbag.py:541} INFO - Filling up the DagBag from /opt/airflow/dags/extract.py
[2025-05-02T12:45:37.156+0000] {processor.py:809} INFO - DAG(s) dict_keys(['extract']) retrieved from /opt/airflow/dags/extract.py
[2025-05-02T12:45:37.236+0000] {logging_mixin.py:149} INFO - [2025-05-02T12:45:37.235+0000] {dag.py:2726} INFO - Sync 1 DAGs
[2025-05-02T12:45:37.315+0000] {logging_mixin.py:149} INFO - [2025-05-02T12:45:37.315+0000] {dag.py:3490} INFO - Setting next_dagrun for extract to 2025-05-02T00:00:00+00:00, run_after=2025-05-03T00:00:00+00:00
[2025-05-02T12:45:37.390+0000] {processor.py:178} INFO - Processing /opt/airflow/dags/extract.py took 1.348 seconds
[2025-05-02T12:46:08.070+0000] {processor.py:156} INFO - Started process (PID=2219) to work on /opt/airflow/dags/extract.py
[2025-05-02T12:46:08.073+0000] {processor.py:799} INFO - Processing file /opt/airflow/dags/extract.py for tasks to queue
[2025-05-02T12:46:08.075+0000] {logging_mixin.py:149} INFO - [2025-05-02T12:46:08.075+0000] {dagbag.py:541} INFO - Filling up the DagBag from /opt/airflow/dags/extract.py
[2025-05-02T12:46:09.483+0000] {processor.py:809} INFO - DAG(s) dict_keys(['extract']) retrieved from /opt/airflow/dags/extract.py
[2025-05-02T12:46:09.567+0000] {logging_mixin.py:149} INFO - [2025-05-02T12:46:09.566+0000] {dag.py:2726} INFO - Sync 1 DAGs
[2025-05-02T12:46:09.927+0000] {logging_mixin.py:149} INFO - [2025-05-02T12:46:09.926+0000] {dag.py:3490} INFO - Setting next_dagrun for extract to 2025-05-02T00:00:00+00:00, run_after=2025-05-03T00:00:00+00:00
[2025-05-02T12:46:10.004+0000] {processor.py:178} INFO - Processing /opt/airflow/dags/extract.py took 1.940 seconds
[2025-05-02T12:46:40.237+0000] {processor.py:156} INFO - Started process (PID=2253) to work on /opt/airflow/dags/extract.py
[2025-05-02T12:46:40.240+0000] {processor.py:799} INFO - Processing file /opt/airflow/dags/extract.py for tasks to queue
[2025-05-02T12:46:40.243+0000] {logging_mixin.py:149} INFO - [2025-05-02T12:46:40.242+0000] {dagbag.py:541} INFO - Filling up the DagBag from /opt/airflow/dags/extract.py
[2025-05-02T12:46:41.329+0000] {processor.py:809} INFO - DAG(s) dict_keys(['extract']) retrieved from /opt/airflow/dags/extract.py
[2025-05-02T12:46:41.443+0000] {logging_mixin.py:149} INFO - [2025-05-02T12:46:41.439+0000] {dag.py:2726} INFO - Sync 1 DAGs
[2025-05-02T12:46:41.565+0000] {logging_mixin.py:149} INFO - [2025-05-02T12:46:41.564+0000] {dag.py:3490} INFO - Setting next_dagrun for extract to 2025-05-02T00:00:00+00:00, run_after=2025-05-03T00:00:00+00:00
[2025-05-02T12:46:41.642+0000] {processor.py:178} INFO - Processing /opt/airflow/dags/extract.py took 1.418 seconds
[2025-05-02T12:47:12.306+0000] {processor.py:156} INFO - Started process (PID=2287) to work on /opt/airflow/dags/extract.py
[2025-05-02T12:47:12.309+0000] {processor.py:799} INFO - Processing file /opt/airflow/dags/extract.py for tasks to queue
[2025-05-02T12:47:12.311+0000] {logging_mixin.py:149} INFO - [2025-05-02T12:47:12.311+0000] {dagbag.py:541} INFO - Filling up the DagBag from /opt/airflow/dags/extract.py
[2025-05-02T12:47:13.391+0000] {processor.py:809} INFO - DAG(s) dict_keys(['extract']) retrieved from /opt/airflow/dags/extract.py
[2025-05-02T12:47:13.484+0000] {logging_mixin.py:149} INFO - [2025-05-02T12:47:13.483+0000] {dag.py:2726} INFO - Sync 1 DAGs
[2025-05-02T12:47:13.562+0000] {logging_mixin.py:149} INFO - [2025-05-02T12:47:13.561+0000] {dag.py:3490} INFO - Setting next_dagrun for extract to 2025-05-02T00:00:00+00:00, run_after=2025-05-03T00:00:00+00:00
[2025-05-02T12:47:13.630+0000] {processor.py:178} INFO - Processing /opt/airflow/dags/extract.py took 1.330 seconds
[2025-05-02T12:47:44.292+0000] {processor.py:156} INFO - Started process (PID=2321) to work on /opt/airflow/dags/extract.py
[2025-05-02T12:47:44.298+0000] {processor.py:799} INFO - Processing file /opt/airflow/dags/extract.py for tasks to queue
[2025-05-02T12:47:44.302+0000] {logging_mixin.py:149} INFO - [2025-05-02T12:47:44.301+0000] {dagbag.py:541} INFO - Filling up the DagBag from /opt/airflow/dags/extract.py
[2025-05-02T12:47:45.358+0000] {processor.py:809} INFO - DAG(s) dict_keys(['extract']) retrieved from /opt/airflow/dags/extract.py
[2025-05-02T12:47:45.468+0000] {logging_mixin.py:149} INFO - [2025-05-02T12:47:45.466+0000] {dag.py:2726} INFO - Sync 1 DAGs
[2025-05-02T12:47:45.851+0000] {logging_mixin.py:149} INFO - [2025-05-02T12:47:45.851+0000] {dag.py:3490} INFO - Setting next_dagrun for extract to 2025-05-02T00:00:00+00:00, run_after=2025-05-03T00:00:00+00:00
[2025-05-02T12:47:46.002+0000] {processor.py:178} INFO - Processing /opt/airflow/dags/extract.py took 1.718 seconds
[2025-05-02T12:48:16.463+0000] {processor.py:156} INFO - Started process (PID=2355) to work on /opt/airflow/dags/extract.py
[2025-05-02T12:48:16.466+0000] {processor.py:799} INFO - Processing file /opt/airflow/dags/extract.py for tasks to queue
[2025-05-02T12:48:16.468+0000] {logging_mixin.py:149} INFO - [2025-05-02T12:48:16.468+0000] {dagbag.py:541} INFO - Filling up the DagBag from /opt/airflow/dags/extract.py
[2025-05-02T12:48:17.609+0000] {processor.py:809} INFO - DAG(s) dict_keys(['extract']) retrieved from /opt/airflow/dags/extract.py
[2025-05-02T12:48:17.769+0000] {logging_mixin.py:149} INFO - [2025-05-02T12:48:17.765+0000] {dag.py:2726} INFO - Sync 1 DAGs
[2025-05-02T12:48:17.861+0000] {logging_mixin.py:149} INFO - [2025-05-02T12:48:17.860+0000] {dag.py:3490} INFO - Setting next_dagrun for extract to 2025-05-02T00:00:00+00:00, run_after=2025-05-03T00:00:00+00:00
[2025-05-02T12:48:17.937+0000] {processor.py:178} INFO - Processing /opt/airflow/dags/extract.py took 1.481 seconds
[2025-05-02T12:48:48.488+0000] {processor.py:156} INFO - Started process (PID=2389) to work on /opt/airflow/dags/extract.py
[2025-05-02T12:48:48.492+0000] {processor.py:799} INFO - Processing file /opt/airflow/dags/extract.py for tasks to queue
[2025-05-02T12:48:48.495+0000] {logging_mixin.py:149} INFO - [2025-05-02T12:48:48.495+0000] {dagbag.py:541} INFO - Filling up the DagBag from /opt/airflow/dags/extract.py
[2025-05-02T12:48:49.890+0000] {processor.py:809} INFO - DAG(s) dict_keys(['extract']) retrieved from /opt/airflow/dags/extract.py
[2025-05-02T12:48:49.979+0000] {logging_mixin.py:149} INFO - [2025-05-02T12:48:49.978+0000] {dag.py:2726} INFO - Sync 1 DAGs
[2025-05-02T12:48:50.092+0000] {logging_mixin.py:149} INFO - [2025-05-02T12:48:50.092+0000] {dag.py:3490} INFO - Setting next_dagrun for extract to 2025-05-02T00:00:00+00:00, run_after=2025-05-03T00:00:00+00:00
[2025-05-02T12:48:50.235+0000] {processor.py:178} INFO - Processing /opt/airflow/dags/extract.py took 1.755 seconds
[2025-05-02T12:49:20.805+0000] {processor.py:156} INFO - Started process (PID=2423) to work on /opt/airflow/dags/extract.py
[2025-05-02T12:49:20.809+0000] {processor.py:799} INFO - Processing file /opt/airflow/dags/extract.py for tasks to queue
[2025-05-02T12:49:20.811+0000] {logging_mixin.py:149} INFO - [2025-05-02T12:49:20.811+0000] {dagbag.py:541} INFO - Filling up the DagBag from /opt/airflow/dags/extract.py
[2025-05-02T12:49:21.958+0000] {processor.py:809} INFO - DAG(s) dict_keys(['extract']) retrieved from /opt/airflow/dags/extract.py
[2025-05-02T12:49:22.036+0000] {logging_mixin.py:149} INFO - [2025-05-02T12:49:22.034+0000] {dag.py:2726} INFO - Sync 1 DAGs
[2025-05-02T12:49:22.357+0000] {logging_mixin.py:149} INFO - [2025-05-02T12:49:22.357+0000] {dag.py:3490} INFO - Setting next_dagrun for extract to 2025-05-02T00:00:00+00:00, run_after=2025-05-03T00:00:00+00:00
[2025-05-02T12:49:22.481+0000] {processor.py:178} INFO - Processing /opt/airflow/dags/extract.py took 1.684 seconds
[2025-05-02T12:49:52.691+0000] {processor.py:156} INFO - Started process (PID=2457) to work on /opt/airflow/dags/extract.py
[2025-05-02T12:49:52.694+0000] {processor.py:799} INFO - Processing file /opt/airflow/dags/extract.py for tasks to queue
[2025-05-02T12:49:52.696+0000] {logging_mixin.py:149} INFO - [2025-05-02T12:49:52.696+0000] {dagbag.py:541} INFO - Filling up the DagBag from /opt/airflow/dags/extract.py
[2025-05-02T12:49:53.763+0000] {processor.py:809} INFO - DAG(s) dict_keys(['extract']) retrieved from /opt/airflow/dags/extract.py
[2025-05-02T12:49:53.841+0000] {logging_mixin.py:149} INFO - [2025-05-02T12:49:53.838+0000] {dag.py:2726} INFO - Sync 1 DAGs
[2025-05-02T12:49:53.910+0000] {logging_mixin.py:149} INFO - [2025-05-02T12:49:53.910+0000] {dag.py:3490} INFO - Setting next_dagrun for extract to 2025-05-02T00:00:00+00:00, run_after=2025-05-03T00:00:00+00:00
[2025-05-02T12:49:54.042+0000] {processor.py:178} INFO - Processing /opt/airflow/dags/extract.py took 1.359 seconds
[2025-05-02T12:50:24.595+0000] {processor.py:156} INFO - Started process (PID=2491) to work on /opt/airflow/dags/extract.py
[2025-05-02T12:50:24.598+0000] {processor.py:799} INFO - Processing file /opt/airflow/dags/extract.py for tasks to queue
[2025-05-02T12:50:24.600+0000] {logging_mixin.py:149} INFO - [2025-05-02T12:50:24.600+0000] {dagbag.py:541} INFO - Filling up the DagBag from /opt/airflow/dags/extract.py
[2025-05-02T12:50:25.817+0000] {processor.py:809} INFO - DAG(s) dict_keys(['extract']) retrieved from /opt/airflow/dags/extract.py
[2025-05-02T12:50:25.914+0000] {logging_mixin.py:149} INFO - [2025-05-02T12:50:25.912+0000] {dag.py:2726} INFO - Sync 1 DAGs
[2025-05-02T12:50:26.063+0000] {logging_mixin.py:149} INFO - [2025-05-02T12:50:26.062+0000] {dag.py:3490} INFO - Setting next_dagrun for extract to 2025-05-02T00:00:00+00:00, run_after=2025-05-03T00:00:00+00:00
[2025-05-02T12:50:26.132+0000] {processor.py:178} INFO - Processing /opt/airflow/dags/extract.py took 1.547 seconds
[2025-05-02T12:50:56.836+0000] {processor.py:156} INFO - Started process (PID=2525) to work on /opt/airflow/dags/extract.py
[2025-05-02T12:50:56.838+0000] {processor.py:799} INFO - Processing file /opt/airflow/dags/extract.py for tasks to queue
[2025-05-02T12:50:56.841+0000] {logging_mixin.py:149} INFO - [2025-05-02T12:50:56.840+0000] {dagbag.py:541} INFO - Filling up the DagBag from /opt/airflow/dags/extract.py
[2025-05-02T12:50:58.040+0000] {processor.py:809} INFO - DAG(s) dict_keys(['extract']) retrieved from /opt/airflow/dags/extract.py
[2025-05-02T12:50:58.197+0000] {logging_mixin.py:149} INFO - [2025-05-02T12:50:58.196+0000] {dag.py:2726} INFO - Sync 1 DAGs
[2025-05-02T12:50:58.586+0000] {logging_mixin.py:149} INFO - [2025-05-02T12:50:58.586+0000] {dag.py:3490} INFO - Setting next_dagrun for extract to 2025-05-02T00:00:00+00:00, run_after=2025-05-03T00:00:00+00:00
[2025-05-02T12:50:58.764+0000] {processor.py:178} INFO - Processing /opt/airflow/dags/extract.py took 1.935 seconds
[2025-05-02T12:51:29.331+0000] {processor.py:156} INFO - Started process (PID=2559) to work on /opt/airflow/dags/extract.py
[2025-05-02T12:51:29.335+0000] {processor.py:799} INFO - Processing file /opt/airflow/dags/extract.py for tasks to queue
[2025-05-02T12:51:29.338+0000] {logging_mixin.py:149} INFO - [2025-05-02T12:51:29.338+0000] {dagbag.py:541} INFO - Filling up the DagBag from /opt/airflow/dags/extract.py
[2025-05-02T12:51:30.390+0000] {processor.py:809} INFO - DAG(s) dict_keys(['extract']) retrieved from /opt/airflow/dags/extract.py
[2025-05-02T12:51:30.528+0000] {logging_mixin.py:149} INFO - [2025-05-02T12:51:30.524+0000] {dag.py:2726} INFO - Sync 1 DAGs
[2025-05-02T12:51:30.600+0000] {logging_mixin.py:149} INFO - [2025-05-02T12:51:30.600+0000] {dag.py:3490} INFO - Setting next_dagrun for extract to 2025-05-02T00:00:00+00:00, run_after=2025-05-03T00:00:00+00:00
[2025-05-02T12:51:30.668+0000] {processor.py:178} INFO - Processing /opt/airflow/dags/extract.py took 1.347 seconds
[2025-05-02T12:52:01.186+0000] {processor.py:156} INFO - Started process (PID=2593) to work on /opt/airflow/dags/extract.py
[2025-05-02T12:52:01.188+0000] {processor.py:799} INFO - Processing file /opt/airflow/dags/extract.py for tasks to queue
[2025-05-02T12:52:01.191+0000] {logging_mixin.py:149} INFO - [2025-05-02T12:52:01.190+0000] {dagbag.py:541} INFO - Filling up the DagBag from /opt/airflow/dags/extract.py
[2025-05-02T12:52:02.346+0000] {processor.py:809} INFO - DAG(s) dict_keys(['extract']) retrieved from /opt/airflow/dags/extract.py
[2025-05-02T12:52:02.420+0000] {logging_mixin.py:149} INFO - [2025-05-02T12:52:02.419+0000] {dag.py:2726} INFO - Sync 1 DAGs
[2025-05-02T12:52:02.510+0000] {logging_mixin.py:149} INFO - [2025-05-02T12:52:02.510+0000] {dag.py:3490} INFO - Setting next_dagrun for extract to 2025-05-02T00:00:00+00:00, run_after=2025-05-03T00:00:00+00:00
[2025-05-02T12:52:02.583+0000] {processor.py:178} INFO - Processing /opt/airflow/dags/extract.py took 1.405 seconds
[2025-05-02T12:52:33.116+0000] {processor.py:156} INFO - Started process (PID=2627) to work on /opt/airflow/dags/extract.py
[2025-05-02T12:52:33.119+0000] {processor.py:799} INFO - Processing file /opt/airflow/dags/extract.py for tasks to queue
[2025-05-02T12:52:33.121+0000] {logging_mixin.py:149} INFO - [2025-05-02T12:52:33.121+0000] {dagbag.py:541} INFO - Filling up the DagBag from /opt/airflow/dags/extract.py
[2025-05-02T12:52:34.253+0000] {processor.py:809} INFO - DAG(s) dict_keys(['extract']) retrieved from /opt/airflow/dags/extract.py
[2025-05-02T12:52:34.331+0000] {logging_mixin.py:149} INFO - [2025-05-02T12:52:34.330+0000] {dag.py:2726} INFO - Sync 1 DAGs
[2025-05-02T12:52:34.670+0000] {logging_mixin.py:149} INFO - [2025-05-02T12:52:34.670+0000] {dag.py:3490} INFO - Setting next_dagrun for extract to 2025-05-02T00:00:00+00:00, run_after=2025-05-03T00:00:00+00:00
[2025-05-02T12:52:34.787+0000] {processor.py:178} INFO - Processing /opt/airflow/dags/extract.py took 1.678 seconds
[2025-05-02T12:53:05.327+0000] {processor.py:156} INFO - Started process (PID=2661) to work on /opt/airflow/dags/extract.py
[2025-05-02T12:53:05.330+0000] {processor.py:799} INFO - Processing file /opt/airflow/dags/extract.py for tasks to queue
[2025-05-02T12:53:05.332+0000] {logging_mixin.py:149} INFO - [2025-05-02T12:53:05.332+0000] {dagbag.py:541} INFO - Filling up the DagBag from /opt/airflow/dags/extract.py
[2025-05-02T12:53:06.395+0000] {processor.py:809} INFO - DAG(s) dict_keys(['extract']) retrieved from /opt/airflow/dags/extract.py
[2025-05-02T12:53:06.521+0000] {logging_mixin.py:149} INFO - [2025-05-02T12:53:06.516+0000] {dag.py:2726} INFO - Sync 1 DAGs
[2025-05-02T12:53:06.614+0000] {logging_mixin.py:149} INFO - [2025-05-02T12:53:06.613+0000] {dag.py:3490} INFO - Setting next_dagrun for extract to 2025-05-02T00:00:00+00:00, run_after=2025-05-03T00:00:00+00:00
[2025-05-02T12:53:06.700+0000] {processor.py:178} INFO - Processing /opt/airflow/dags/extract.py took 1.383 seconds
[2025-05-02T12:53:37.238+0000] {processor.py:156} INFO - Started process (PID=2695) to work on /opt/airflow/dags/extract.py
[2025-05-02T12:53:37.241+0000] {processor.py:799} INFO - Processing file /opt/airflow/dags/extract.py for tasks to queue
[2025-05-02T12:53:37.244+0000] {logging_mixin.py:149} INFO - [2025-05-02T12:53:37.243+0000] {dagbag.py:541} INFO - Filling up the DagBag from /opt/airflow/dags/extract.py
[2025-05-02T12:53:38.389+0000] {processor.py:809} INFO - DAG(s) dict_keys(['extract']) retrieved from /opt/airflow/dags/extract.py
[2025-05-02T12:53:38.467+0000] {logging_mixin.py:149} INFO - [2025-05-02T12:53:38.466+0000] {dag.py:2726} INFO - Sync 1 DAGs
[2025-05-02T12:53:38.534+0000] {logging_mixin.py:149} INFO - [2025-05-02T12:53:38.534+0000] {dag.py:3490} INFO - Setting next_dagrun for extract to 2025-05-02T00:00:00+00:00, run_after=2025-05-03T00:00:00+00:00
[2025-05-02T12:53:38.600+0000] {processor.py:178} INFO - Processing /opt/airflow/dags/extract.py took 1.369 seconds
[2025-05-02T12:54:09.140+0000] {processor.py:156} INFO - Started process (PID=2729) to work on /opt/airflow/dags/extract.py
[2025-05-02T12:54:09.144+0000] {processor.py:799} INFO - Processing file /opt/airflow/dags/extract.py for tasks to queue
[2025-05-02T12:54:09.146+0000] {logging_mixin.py:149} INFO - [2025-05-02T12:54:09.146+0000] {dagbag.py:541} INFO - Filling up the DagBag from /opt/airflow/dags/extract.py
[2025-05-02T12:54:10.222+0000] {processor.py:809} INFO - DAG(s) dict_keys(['extract']) retrieved from /opt/airflow/dags/extract.py
[2025-05-02T12:54:10.297+0000] {logging_mixin.py:149} INFO - [2025-05-02T12:54:10.296+0000] {dag.py:2726} INFO - Sync 1 DAGs
[2025-05-02T12:54:10.641+0000] {logging_mixin.py:149} INFO - [2025-05-02T12:54:10.640+0000] {dag.py:3490} INFO - Setting next_dagrun for extract to 2025-05-02T00:00:00+00:00, run_after=2025-05-03T00:00:00+00:00
[2025-05-02T12:54:10.712+0000] {processor.py:178} INFO - Processing /opt/airflow/dags/extract.py took 1.582 seconds
[2025-05-02T12:54:41.236+0000] {processor.py:156} INFO - Started process (PID=2763) to work on /opt/airflow/dags/extract.py
[2025-05-02T12:54:41.238+0000] {processor.py:799} INFO - Processing file /opt/airflow/dags/extract.py for tasks to queue
[2025-05-02T12:54:41.241+0000] {logging_mixin.py:149} INFO - [2025-05-02T12:54:41.240+0000] {dagbag.py:541} INFO - Filling up the DagBag from /opt/airflow/dags/extract.py
[2025-05-02T12:54:42.416+0000] {processor.py:809} INFO - DAG(s) dict_keys(['extract']) retrieved from /opt/airflow/dags/extract.py
[2025-05-02T12:54:42.495+0000] {logging_mixin.py:149} INFO - [2025-05-02T12:54:42.492+0000] {dag.py:2726} INFO - Sync 1 DAGs
[2025-05-02T12:54:42.574+0000] {logging_mixin.py:149} INFO - [2025-05-02T12:54:42.573+0000] {dag.py:3490} INFO - Setting next_dagrun for extract to 2025-05-02T00:00:00+00:00, run_after=2025-05-03T00:00:00+00:00
[2025-05-02T12:54:42.715+0000] {processor.py:178} INFO - Processing /opt/airflow/dags/extract.py took 1.488 seconds
[2025-05-02T12:55:13.333+0000] {processor.py:156} INFO - Started process (PID=2797) to work on /opt/airflow/dags/extract.py
[2025-05-02T12:55:13.336+0000] {processor.py:799} INFO - Processing file /opt/airflow/dags/extract.py for tasks to queue
[2025-05-02T12:55:13.339+0000] {logging_mixin.py:149} INFO - [2025-05-02T12:55:13.338+0000] {dagbag.py:541} INFO - Filling up the DagBag from /opt/airflow/dags/extract.py
[2025-05-02T12:55:14.510+0000] {processor.py:809} INFO - DAG(s) dict_keys(['extract']) retrieved from /opt/airflow/dags/extract.py
[2025-05-02T12:55:14.592+0000] {logging_mixin.py:149} INFO - [2025-05-02T12:55:14.590+0000] {dag.py:2726} INFO - Sync 1 DAGs
[2025-05-02T12:55:14.682+0000] {logging_mixin.py:149} INFO - [2025-05-02T12:55:14.681+0000] {dag.py:3490} INFO - Setting next_dagrun for extract to 2025-05-02T00:00:00+00:00, run_after=2025-05-03T00:00:00+00:00
[2025-05-02T12:55:14.774+0000] {processor.py:178} INFO - Processing /opt/airflow/dags/extract.py took 1.453 seconds
[2025-05-02T12:55:45.374+0000] {processor.py:156} INFO - Started process (PID=2831) to work on /opt/airflow/dags/extract.py
[2025-05-02T12:55:45.377+0000] {processor.py:799} INFO - Processing file /opt/airflow/dags/extract.py for tasks to queue
[2025-05-02T12:55:45.379+0000] {logging_mixin.py:149} INFO - [2025-05-02T12:55:45.379+0000] {dagbag.py:541} INFO - Filling up the DagBag from /opt/airflow/dags/extract.py
[2025-05-02T12:55:46.486+0000] {processor.py:809} INFO - DAG(s) dict_keys(['extract']) retrieved from /opt/airflow/dags/extract.py
[2025-05-02T12:55:46.579+0000] {logging_mixin.py:149} INFO - [2025-05-02T12:55:46.577+0000] {dag.py:2726} INFO - Sync 1 DAGs
[2025-05-02T12:55:46.973+0000] {logging_mixin.py:149} INFO - [2025-05-02T12:55:46.972+0000] {dag.py:3490} INFO - Setting next_dagrun for extract to 2025-05-02T00:00:00+00:00, run_after=2025-05-03T00:00:00+00:00
[2025-05-02T12:55:47.078+0000] {processor.py:178} INFO - Processing /opt/airflow/dags/extract.py took 1.710 seconds
[2025-05-02T12:56:17.557+0000] {processor.py:156} INFO - Started process (PID=2865) to work on /opt/airflow/dags/extract.py
[2025-05-02T12:56:17.559+0000] {processor.py:799} INFO - Processing file /opt/airflow/dags/extract.py for tasks to queue
[2025-05-02T12:56:17.562+0000] {logging_mixin.py:149} INFO - [2025-05-02T12:56:17.562+0000] {dagbag.py:541} INFO - Filling up the DagBag from /opt/airflow/dags/extract.py
[2025-05-02T12:56:18.751+0000] {processor.py:809} INFO - DAG(s) dict_keys(['extract']) retrieved from /opt/airflow/dags/extract.py
[2025-05-02T12:56:18.914+0000] {logging_mixin.py:149} INFO - [2025-05-02T12:56:18.903+0000] {dag.py:2726} INFO - Sync 1 DAGs
[2025-05-02T12:56:19.068+0000] {logging_mixin.py:149} INFO - [2025-05-02T12:56:19.067+0000] {dag.py:3490} INFO - Setting next_dagrun for extract to 2025-05-02T00:00:00+00:00, run_after=2025-05-03T00:00:00+00:00
[2025-05-02T12:56:19.200+0000] {processor.py:178} INFO - Processing /opt/airflow/dags/extract.py took 1.655 seconds
[2025-05-02T13:07:22.288+0000] {processor.py:156} INFO - Started process (PID=2899) to work on /opt/airflow/dags/extract.py
[2025-05-02T13:07:22.297+0000] {processor.py:799} INFO - Processing file /opt/airflow/dags/extract.py for tasks to queue
[2025-05-02T13:07:22.302+0000] {logging_mixin.py:149} INFO - [2025-05-02T13:07:22.301+0000] {dagbag.py:541} INFO - Filling up the DagBag from /opt/airflow/dags/extract.py
[2025-05-02T13:07:35.410+0000] {processor.py:809} INFO - DAG(s) dict_keys(['extract']) retrieved from /opt/airflow/dags/extract.py
[2025-05-02T13:07:35.709+0000] {logging_mixin.py:149} INFO - [2025-05-02T13:07:35.707+0000] {dag.py:2726} INFO - Sync 1 DAGs
[2025-05-02T13:07:35.840+0000] {logging_mixin.py:149} INFO - [2025-05-02T13:07:35.839+0000] {dag.py:3490} INFO - Setting next_dagrun for extract to 2025-05-02T00:00:00+00:00, run_after=2025-05-03T00:00:00+00:00
[2025-05-02T13:07:35.934+0000] {processor.py:178} INFO - Processing /opt/airflow/dags/extract.py took 13.660 seconds
[2025-05-02T13:08:06.348+0000] {processor.py:156} INFO - Started process (PID=2935) to work on /opt/airflow/dags/extract.py
[2025-05-02T13:08:06.352+0000] {processor.py:799} INFO - Processing file /opt/airflow/dags/extract.py for tasks to queue
[2025-05-02T13:08:06.356+0000] {logging_mixin.py:149} INFO - [2025-05-02T13:08:06.355+0000] {dagbag.py:541} INFO - Filling up the DagBag from /opt/airflow/dags/extract.py
[2025-05-02T13:08:07.684+0000] {processor.py:809} INFO - DAG(s) dict_keys(['extract']) retrieved from /opt/airflow/dags/extract.py
[2025-05-02T13:08:07.758+0000] {logging_mixin.py:149} INFO - [2025-05-02T13:08:07.757+0000] {dag.py:2726} INFO - Sync 1 DAGs
[2025-05-02T13:08:09.370+0000] {logging_mixin.py:149} INFO - [2025-05-02T13:08:09.369+0000] {dag.py:3490} INFO - Setting next_dagrun for extract to 2025-05-02T00:00:00+00:00, run_after=2025-05-03T00:00:00+00:00
[2025-05-02T13:08:09.451+0000] {processor.py:178} INFO - Processing /opt/airflow/dags/extract.py took 3.134 seconds
[2025-05-02T13:08:40.042+0000] {processor.py:156} INFO - Started process (PID=2969) to work on /opt/airflow/dags/extract.py
[2025-05-02T13:08:40.045+0000] {processor.py:799} INFO - Processing file /opt/airflow/dags/extract.py for tasks to queue
[2025-05-02T13:08:40.047+0000] {logging_mixin.py:149} INFO - [2025-05-02T13:08:40.047+0000] {dagbag.py:541} INFO - Filling up the DagBag from /opt/airflow/dags/extract.py
[2025-05-02T13:08:41.600+0000] {processor.py:809} INFO - DAG(s) dict_keys(['extract']) retrieved from /opt/airflow/dags/extract.py
[2025-05-02T13:08:41.668+0000] {logging_mixin.py:149} INFO - [2025-05-02T13:08:41.665+0000] {dag.py:2726} INFO - Sync 1 DAGs
[2025-05-02T13:08:41.756+0000] {logging_mixin.py:149} INFO - [2025-05-02T13:08:41.756+0000] {dag.py:3490} INFO - Setting next_dagrun for extract to 2025-05-02T00:00:00+00:00, run_after=2025-05-03T00:00:00+00:00
[2025-05-02T13:08:41.817+0000] {processor.py:178} INFO - Processing /opt/airflow/dags/extract.py took 1.806 seconds
[2025-05-02T13:09:12.398+0000] {processor.py:156} INFO - Started process (PID=3003) to work on /opt/airflow/dags/extract.py
[2025-05-02T13:09:12.400+0000] {processor.py:799} INFO - Processing file /opt/airflow/dags/extract.py for tasks to queue
[2025-05-02T13:09:12.404+0000] {logging_mixin.py:149} INFO - [2025-05-02T13:09:12.403+0000] {dagbag.py:541} INFO - Filling up the DagBag from /opt/airflow/dags/extract.py
[2025-05-02T13:09:13.593+0000] {processor.py:809} INFO - DAG(s) dict_keys(['extract']) retrieved from /opt/airflow/dags/extract.py
[2025-05-02T13:09:13.659+0000] {logging_mixin.py:149} INFO - [2025-05-02T13:09:13.658+0000] {dag.py:2726} INFO - Sync 1 DAGs
[2025-05-02T13:09:13.735+0000] {logging_mixin.py:149} INFO - [2025-05-02T13:09:13.734+0000] {dag.py:3490} INFO - Setting next_dagrun for extract to 2025-05-02T00:00:00+00:00, run_after=2025-05-03T00:00:00+00:00
[2025-05-02T13:09:13.814+0000] {processor.py:178} INFO - Processing /opt/airflow/dags/extract.py took 1.423 seconds
[2025-05-02T13:09:44.405+0000] {processor.py:156} INFO - Started process (PID=3037) to work on /opt/airflow/dags/extract.py
[2025-05-02T13:09:44.411+0000] {processor.py:799} INFO - Processing file /opt/airflow/dags/extract.py for tasks to queue
[2025-05-02T13:09:44.414+0000] {logging_mixin.py:149} INFO - [2025-05-02T13:09:44.414+0000] {dagbag.py:541} INFO - Filling up the DagBag from /opt/airflow/dags/extract.py
[2025-05-02T13:09:45.744+0000] {processor.py:809} INFO - DAG(s) dict_keys(['extract']) retrieved from /opt/airflow/dags/extract.py
[2025-05-02T13:09:45.827+0000] {logging_mixin.py:149} INFO - [2025-05-02T13:09:45.826+0000] {dag.py:2726} INFO - Sync 1 DAGs
[2025-05-02T13:09:46.215+0000] {logging_mixin.py:149} INFO - [2025-05-02T13:09:46.214+0000] {dag.py:3490} INFO - Setting next_dagrun for extract to 2025-05-02T00:00:00+00:00, run_after=2025-05-03T00:00:00+00:00
[2025-05-02T13:09:46.303+0000] {processor.py:178} INFO - Processing /opt/airflow/dags/extract.py took 1.908 seconds
[2025-05-02T13:10:16.810+0000] {processor.py:156} INFO - Started process (PID=3071) to work on /opt/airflow/dags/extract.py
[2025-05-02T13:10:16.813+0000] {processor.py:799} INFO - Processing file /opt/airflow/dags/extract.py for tasks to queue
[2025-05-02T13:10:16.817+0000] {logging_mixin.py:149} INFO - [2025-05-02T13:10:16.816+0000] {dagbag.py:541} INFO - Filling up the DagBag from /opt/airflow/dags/extract.py
[2025-05-02T13:10:18.019+0000] {processor.py:809} INFO - DAG(s) dict_keys(['extract']) retrieved from /opt/airflow/dags/extract.py
[2025-05-02T13:10:18.086+0000] {logging_mixin.py:149} INFO - [2025-05-02T13:10:18.083+0000] {dag.py:2726} INFO - Sync 1 DAGs
[2025-05-02T13:10:18.157+0000] {logging_mixin.py:149} INFO - [2025-05-02T13:10:18.157+0000] {dag.py:3490} INFO - Setting next_dagrun for extract to 2025-05-02T00:00:00+00:00, run_after=2025-05-03T00:00:00+00:00
[2025-05-02T13:10:18.226+0000] {processor.py:178} INFO - Processing /opt/airflow/dags/extract.py took 1.428 seconds
[2025-05-02T13:10:48.730+0000] {processor.py:156} INFO - Started process (PID=3105) to work on /opt/airflow/dags/extract.py
[2025-05-02T13:10:48.733+0000] {processor.py:799} INFO - Processing file /opt/airflow/dags/extract.py for tasks to queue
[2025-05-02T13:10:48.738+0000] {logging_mixin.py:149} INFO - [2025-05-02T13:10:48.735+0000] {dagbag.py:541} INFO - Filling up the DagBag from /opt/airflow/dags/extract.py
[2025-05-02T13:10:50.037+0000] {processor.py:809} INFO - DAG(s) dict_keys(['extract']) retrieved from /opt/airflow/dags/extract.py
[2025-05-02T13:10:50.118+0000] {logging_mixin.py:149} INFO - [2025-05-02T13:10:50.117+0000] {dag.py:2726} INFO - Sync 1 DAGs
[2025-05-02T13:10:50.193+0000] {logging_mixin.py:149} INFO - [2025-05-02T13:10:50.193+0000] {dag.py:3490} INFO - Setting next_dagrun for extract to 2025-05-02T00:00:00+00:00, run_after=2025-05-03T00:00:00+00:00
[2025-05-02T13:10:50.321+0000] {processor.py:178} INFO - Processing /opt/airflow/dags/extract.py took 1.603 seconds
[2025-05-02T13:11:20.776+0000] {processor.py:156} INFO - Started process (PID=3139) to work on /opt/airflow/dags/extract.py
[2025-05-02T13:11:20.782+0000] {processor.py:799} INFO - Processing file /opt/airflow/dags/extract.py for tasks to queue
[2025-05-02T13:11:20.791+0000] {logging_mixin.py:149} INFO - [2025-05-02T13:11:20.790+0000] {dagbag.py:541} INFO - Filling up the DagBag from /opt/airflow/dags/extract.py
[2025-05-02T13:11:22.051+0000] {processor.py:809} INFO - DAG(s) dict_keys(['extract']) retrieved from /opt/airflow/dags/extract.py
[2025-05-02T13:11:22.138+0000] {logging_mixin.py:149} INFO - [2025-05-02T13:11:22.137+0000] {dag.py:2726} INFO - Sync 1 DAGs
[2025-05-02T13:11:22.479+0000] {logging_mixin.py:149} INFO - [2025-05-02T13:11:22.479+0000] {dag.py:3490} INFO - Setting next_dagrun for extract to 2025-05-02T00:00:00+00:00, run_after=2025-05-03T00:00:00+00:00
[2025-05-02T13:11:22.609+0000] {processor.py:178} INFO - Processing /opt/airflow/dags/extract.py took 1.846 seconds
[2025-05-02T13:11:53.164+0000] {processor.py:156} INFO - Started process (PID=3173) to work on /opt/airflow/dags/extract.py
[2025-05-02T13:11:53.167+0000] {processor.py:799} INFO - Processing file /opt/airflow/dags/extract.py for tasks to queue
[2025-05-02T13:11:53.171+0000] {logging_mixin.py:149} INFO - [2025-05-02T13:11:53.170+0000] {dagbag.py:541} INFO - Filling up the DagBag from /opt/airflow/dags/extract.py
[2025-05-02T13:11:54.560+0000] {processor.py:809} INFO - DAG(s) dict_keys(['extract']) retrieved from /opt/airflow/dags/extract.py
[2025-05-02T13:11:54.663+0000] {logging_mixin.py:149} INFO - [2025-05-02T13:11:54.658+0000] {dag.py:2726} INFO - Sync 1 DAGs
[2025-05-02T13:11:54.733+0000] {logging_mixin.py:149} INFO - [2025-05-02T13:11:54.733+0000] {dag.py:3490} INFO - Setting next_dagrun for extract to 2025-05-02T00:00:00+00:00, run_after=2025-05-03T00:00:00+00:00
[2025-05-02T13:11:54.803+0000] {processor.py:178} INFO - Processing /opt/airflow/dags/extract.py took 1.651 seconds
[2025-05-02T13:12:25.503+0000] {processor.py:156} INFO - Started process (PID=3207) to work on /opt/airflow/dags/extract.py
[2025-05-02T13:12:25.507+0000] {processor.py:799} INFO - Processing file /opt/airflow/dags/extract.py for tasks to queue
[2025-05-02T13:12:25.510+0000] {logging_mixin.py:149} INFO - [2025-05-02T13:12:25.509+0000] {dagbag.py:541} INFO - Filling up the DagBag from /opt/airflow/dags/extract.py
[2025-05-02T13:12:26.843+0000] {processor.py:809} INFO - DAG(s) dict_keys(['extract']) retrieved from /opt/airflow/dags/extract.py
[2025-05-02T13:12:26.925+0000] {logging_mixin.py:149} INFO - [2025-05-02T13:12:26.924+0000] {dag.py:2726} INFO - Sync 1 DAGs
[2025-05-02T13:12:27.003+0000] {logging_mixin.py:149} INFO - [2025-05-02T13:12:27.003+0000] {dag.py:3490} INFO - Setting next_dagrun for extract to 2025-05-02T00:00:00+00:00, run_after=2025-05-03T00:00:00+00:00
[2025-05-02T13:12:27.079+0000] {processor.py:178} INFO - Processing /opt/airflow/dags/extract.py took 1.587 seconds
[2025-05-02T13:12:57.724+0000] {processor.py:156} INFO - Started process (PID=3241) to work on /opt/airflow/dags/extract.py
[2025-05-02T13:12:57.730+0000] {processor.py:799} INFO - Processing file /opt/airflow/dags/extract.py for tasks to queue
[2025-05-02T13:12:57.732+0000] {logging_mixin.py:149} INFO - [2025-05-02T13:12:57.732+0000] {dagbag.py:541} INFO - Filling up the DagBag from /opt/airflow/dags/extract.py
[2025-05-02T13:12:58.921+0000] {processor.py:809} INFO - DAG(s) dict_keys(['extract']) retrieved from /opt/airflow/dags/extract.py
[2025-05-02T13:12:58.995+0000] {logging_mixin.py:149} INFO - [2025-05-02T13:12:58.993+0000] {dag.py:2726} INFO - Sync 1 DAGs
[2025-05-02T13:12:59.355+0000] {logging_mixin.py:149} INFO - [2025-05-02T13:12:59.355+0000] {dag.py:3490} INFO - Setting next_dagrun for extract to 2025-05-02T00:00:00+00:00, run_after=2025-05-03T00:00:00+00:00
[2025-05-02T13:12:59.433+0000] {processor.py:178} INFO - Processing /opt/airflow/dags/extract.py took 1.722 seconds
[2025-05-02T13:13:30.028+0000] {processor.py:156} INFO - Started process (PID=3275) to work on /opt/airflow/dags/extract.py
[2025-05-02T13:13:30.031+0000] {processor.py:799} INFO - Processing file /opt/airflow/dags/extract.py for tasks to queue
[2025-05-02T13:13:30.034+0000] {logging_mixin.py:149} INFO - [2025-05-02T13:13:30.034+0000] {dagbag.py:541} INFO - Filling up the DagBag from /opt/airflow/dags/extract.py
[2025-05-02T13:13:31.310+0000] {processor.py:809} INFO - DAG(s) dict_keys(['extract']) retrieved from /opt/airflow/dags/extract.py
[2025-05-02T13:13:31.427+0000] {logging_mixin.py:149} INFO - [2025-05-02T13:13:31.423+0000] {dag.py:2726} INFO - Sync 1 DAGs
[2025-05-02T13:13:31.764+0000] {logging_mixin.py:149} INFO - [2025-05-02T13:13:31.763+0000] {dag.py:3490} INFO - Setting next_dagrun for extract to 2025-05-02T00:00:00+00:00, run_after=2025-05-03T00:00:00+00:00
[2025-05-02T13:13:31.830+0000] {processor.py:178} INFO - Processing /opt/airflow/dags/extract.py took 1.810 seconds
[2025-05-02T13:14:02.207+0000] {processor.py:156} INFO - Started process (PID=3309) to work on /opt/airflow/dags/extract.py
[2025-05-02T13:14:02.210+0000] {processor.py:799} INFO - Processing file /opt/airflow/dags/extract.py for tasks to queue
[2025-05-02T13:14:02.213+0000] {logging_mixin.py:149} INFO - [2025-05-02T13:14:02.213+0000] {dagbag.py:541} INFO - Filling up the DagBag from /opt/airflow/dags/extract.py
[2025-05-02T13:14:03.466+0000] {processor.py:809} INFO - DAG(s) dict_keys(['extract']) retrieved from /opt/airflow/dags/extract.py
[2025-05-02T13:14:03.620+0000] {logging_mixin.py:149} INFO - [2025-05-02T13:14:03.619+0000] {dag.py:2726} INFO - Sync 1 DAGs
[2025-05-02T13:14:03.707+0000] {logging_mixin.py:149} INFO - [2025-05-02T13:14:03.706+0000] {dag.py:3490} INFO - Setting next_dagrun for extract to 2025-05-02T00:00:00+00:00, run_after=2025-05-03T00:00:00+00:00
[2025-05-02T13:14:03.778+0000] {processor.py:178} INFO - Processing /opt/airflow/dags/extract.py took 1.582 seconds
[2025-05-02T13:14:34.395+0000] {processor.py:156} INFO - Started process (PID=3343) to work on /opt/airflow/dags/extract.py
[2025-05-02T13:14:34.399+0000] {processor.py:799} INFO - Processing file /opt/airflow/dags/extract.py for tasks to queue
[2025-05-02T13:14:34.403+0000] {logging_mixin.py:149} INFO - [2025-05-02T13:14:34.402+0000] {dagbag.py:541} INFO - Filling up the DagBag from /opt/airflow/dags/extract.py
[2025-05-02T13:14:35.761+0000] {processor.py:809} INFO - DAG(s) dict_keys(['extract']) retrieved from /opt/airflow/dags/extract.py
[2025-05-02T13:14:35.952+0000] {logging_mixin.py:149} INFO - [2025-05-02T13:14:35.950+0000] {dag.py:2726} INFO - Sync 1 DAGs
[2025-05-02T13:14:36.454+0000] {logging_mixin.py:149} INFO - [2025-05-02T13:14:36.454+0000] {dag.py:3490} INFO - Setting next_dagrun for extract to 2025-05-02T00:00:00+00:00, run_after=2025-05-03T00:00:00+00:00
[2025-05-02T13:14:36.536+0000] {processor.py:178} INFO - Processing /opt/airflow/dags/extract.py took 2.162 seconds
[2025-05-02T13:15:07.214+0000] {processor.py:156} INFO - Started process (PID=3391) to work on /opt/airflow/dags/extract.py
[2025-05-02T13:15:07.225+0000] {processor.py:799} INFO - Processing file /opt/airflow/dags/extract.py for tasks to queue
[2025-05-02T13:15:07.231+0000] {logging_mixin.py:149} INFO - [2025-05-02T13:15:07.231+0000] {dagbag.py:541} INFO - Filling up the DagBag from /opt/airflow/dags/extract.py
[2025-05-02T13:15:08.823+0000] {processor.py:809} INFO - DAG(s) dict_keys(['extract']) retrieved from /opt/airflow/dags/extract.py
[2025-05-02T13:15:08.902+0000] {logging_mixin.py:149} INFO - [2025-05-02T13:15:08.899+0000] {dag.py:2726} INFO - Sync 1 DAGs
[2025-05-02T13:15:09.571+0000] {logging_mixin.py:149} INFO - [2025-05-02T13:15:09.571+0000] {dag.py:3490} INFO - Setting next_dagrun for extract to 2025-05-02T00:00:00+00:00, run_after=2025-05-03T00:00:00+00:00
[2025-05-02T13:15:09.643+0000] {processor.py:178} INFO - Processing /opt/airflow/dags/extract.py took 2.498 seconds
[2025-05-02T13:15:40.136+0000] {processor.py:156} INFO - Started process (PID=3467) to work on /opt/airflow/dags/extract.py
[2025-05-02T13:15:40.138+0000] {processor.py:799} INFO - Processing file /opt/airflow/dags/extract.py for tasks to queue
[2025-05-02T13:15:40.141+0000] {logging_mixin.py:149} INFO - [2025-05-02T13:15:40.141+0000] {dagbag.py:541} INFO - Filling up the DagBag from /opt/airflow/dags/extract.py
[2025-05-02T13:15:41.433+0000] {processor.py:809} INFO - DAG(s) dict_keys(['extract']) retrieved from /opt/airflow/dags/extract.py
[2025-05-02T13:15:41.538+0000] {logging_mixin.py:149} INFO - [2025-05-02T13:15:41.536+0000] {dag.py:2726} INFO - Sync 1 DAGs
[2025-05-02T13:15:41.624+0000] {logging_mixin.py:149} INFO - [2025-05-02T13:15:41.624+0000] {dag.py:3490} INFO - Setting next_dagrun for extract to 2025-05-02T00:00:00+00:00, run_after=2025-05-03T00:00:00+00:00
[2025-05-02T13:15:41.695+0000] {processor.py:178} INFO - Processing /opt/airflow/dags/extract.py took 1.568 seconds
[2025-05-02T13:16:11.889+0000] {processor.py:156} INFO - Started process (PID=3487) to work on /opt/airflow/dags/extract.py
[2025-05-02T13:16:11.892+0000] {processor.py:799} INFO - Processing file /opt/airflow/dags/extract.py for tasks to queue
[2025-05-02T13:16:11.896+0000] {logging_mixin.py:149} INFO - [2025-05-02T13:16:11.896+0000] {dagbag.py:541} INFO - Filling up the DagBag from /opt/airflow/dags/extract.py
[2025-05-02T13:16:13.031+0000] {processor.py:809} INFO - DAG(s) dict_keys(['extract']) retrieved from /opt/airflow/dags/extract.py
[2025-05-02T13:16:13.113+0000] {logging_mixin.py:149} INFO - [2025-05-02T13:16:13.112+0000] {dag.py:2726} INFO - Sync 1 DAGs
[2025-05-02T13:16:14.229+0000] {logging_mixin.py:149} INFO - [2025-05-02T13:16:14.228+0000] {dag.py:3490} INFO - Setting next_dagrun for extract to 2025-05-02T00:00:00+00:00, run_after=2025-05-03T00:00:00+00:00
[2025-05-02T13:16:14.317+0000] {processor.py:178} INFO - Processing /opt/airflow/dags/extract.py took 2.438 seconds
[2025-05-02T13:16:44.547+0000] {processor.py:156} INFO - Started process (PID=3521) to work on /opt/airflow/dags/extract.py
[2025-05-02T13:16:44.550+0000] {processor.py:799} INFO - Processing file /opt/airflow/dags/extract.py for tasks to queue
[2025-05-02T13:16:44.553+0000] {logging_mixin.py:149} INFO - [2025-05-02T13:16:44.552+0000] {dagbag.py:541} INFO - Filling up the DagBag from /opt/airflow/dags/extract.py
[2025-05-02T13:16:46.043+0000] {processor.py:809} INFO - DAG(s) dict_keys(['extract']) retrieved from /opt/airflow/dags/extract.py
[2025-05-02T13:16:46.153+0000] {logging_mixin.py:149} INFO - [2025-05-02T13:16:46.150+0000] {dag.py:2726} INFO - Sync 1 DAGs
[2025-05-02T13:16:46.538+0000] {logging_mixin.py:149} INFO - [2025-05-02T13:16:46.537+0000] {dag.py:3490} INFO - Setting next_dagrun for extract to 2025-05-02T00:00:00+00:00, run_after=2025-05-03T00:00:00+00:00
[2025-05-02T13:16:46.612+0000] {processor.py:178} INFO - Processing /opt/airflow/dags/extract.py took 2.075 seconds
[2025-05-02T13:17:17.273+0000] {processor.py:156} INFO - Started process (PID=3555) to work on /opt/airflow/dags/extract.py
[2025-05-02T13:17:17.277+0000] {processor.py:799} INFO - Processing file /opt/airflow/dags/extract.py for tasks to queue
[2025-05-02T13:17:17.280+0000] {logging_mixin.py:149} INFO - [2025-05-02T13:17:17.279+0000] {dagbag.py:541} INFO - Filling up the DagBag from /opt/airflow/dags/extract.py
[2025-05-02T13:17:18.407+0000] {processor.py:809} INFO - DAG(s) dict_keys(['extract']) retrieved from /opt/airflow/dags/extract.py
[2025-05-02T13:17:18.493+0000] {logging_mixin.py:149} INFO - [2025-05-02T13:17:18.491+0000] {dag.py:2726} INFO - Sync 1 DAGs
[2025-05-02T13:17:18.597+0000] {logging_mixin.py:149} INFO - [2025-05-02T13:17:18.596+0000] {dag.py:3490} INFO - Setting next_dagrun for extract to 2025-05-02T00:00:00+00:00, run_after=2025-05-03T00:00:00+00:00
[2025-05-02T13:17:18.682+0000] {processor.py:178} INFO - Processing /opt/airflow/dags/extract.py took 1.417 seconds
[2025-05-02T13:17:49.435+0000] {processor.py:156} INFO - Started process (PID=3589) to work on /opt/airflow/dags/extract.py
[2025-05-02T13:17:49.440+0000] {processor.py:799} INFO - Processing file /opt/airflow/dags/extract.py for tasks to queue
[2025-05-02T13:17:49.442+0000] {logging_mixin.py:149} INFO - [2025-05-02T13:17:49.442+0000] {dagbag.py:541} INFO - Filling up the DagBag from /opt/airflow/dags/extract.py
[2025-05-02T13:17:50.915+0000] {processor.py:809} INFO - DAG(s) dict_keys(['extract']) retrieved from /opt/airflow/dags/extract.py
[2025-05-02T13:17:51.016+0000] {logging_mixin.py:149} INFO - [2025-05-02T13:17:51.015+0000] {dag.py:2726} INFO - Sync 1 DAGs
[2025-05-02T13:17:52.408+0000] {logging_mixin.py:149} INFO - [2025-05-02T13:17:52.408+0000] {dag.py:3490} INFO - Setting next_dagrun for extract to 2025-05-02T00:00:00+00:00, run_after=2025-05-03T00:00:00+00:00
[2025-05-02T13:17:52.513+0000] {processor.py:178} INFO - Processing /opt/airflow/dags/extract.py took 3.093 seconds
[2025-05-02T13:18:23.295+0000] {processor.py:156} INFO - Started process (PID=3623) to work on /opt/airflow/dags/extract.py
[2025-05-02T13:18:23.298+0000] {processor.py:799} INFO - Processing file /opt/airflow/dags/extract.py for tasks to queue
[2025-05-02T13:18:23.301+0000] {logging_mixin.py:149} INFO - [2025-05-02T13:18:23.300+0000] {dagbag.py:541} INFO - Filling up the DagBag from /opt/airflow/dags/extract.py
[2025-05-02T13:18:24.716+0000] {processor.py:809} INFO - DAG(s) dict_keys(['extract']) retrieved from /opt/airflow/dags/extract.py
[2025-05-02T13:18:24.809+0000] {logging_mixin.py:149} INFO - [2025-05-02T13:18:24.802+0000] {dag.py:2726} INFO - Sync 1 DAGs
[2025-05-02T13:18:25.417+0000] {logging_mixin.py:149} INFO - [2025-05-02T13:18:25.417+0000] {dag.py:3490} INFO - Setting next_dagrun for extract to 2025-05-02T00:00:00+00:00, run_after=2025-05-03T00:00:00+00:00
[2025-05-02T13:18:25.562+0000] {processor.py:178} INFO - Processing /opt/airflow/dags/extract.py took 2.278 seconds
[2025-05-02T13:18:56.326+0000] {processor.py:156} INFO - Started process (PID=3657) to work on /opt/airflow/dags/extract.py
[2025-05-02T13:18:56.329+0000] {processor.py:799} INFO - Processing file /opt/airflow/dags/extract.py for tasks to queue
[2025-05-02T13:18:56.332+0000] {logging_mixin.py:149} INFO - [2025-05-02T13:18:56.332+0000] {dagbag.py:541} INFO - Filling up the DagBag from /opt/airflow/dags/extract.py
[2025-05-02T13:18:57.816+0000] {processor.py:809} INFO - DAG(s) dict_keys(['extract']) retrieved from /opt/airflow/dags/extract.py
[2025-05-02T13:18:57.893+0000] {logging_mixin.py:149} INFO - [2025-05-02T13:18:57.892+0000] {dag.py:2726} INFO - Sync 1 DAGs
[2025-05-02T13:18:57.999+0000] {logging_mixin.py:149} INFO - [2025-05-02T13:18:57.999+0000] {dag.py:3490} INFO - Setting next_dagrun for extract to 2025-05-02T00:00:00+00:00, run_after=2025-05-03T00:00:00+00:00
[2025-05-02T13:18:58.114+0000] {processor.py:178} INFO - Processing /opt/airflow/dags/extract.py took 1.796 seconds
[2025-05-02T13:19:28.760+0000] {processor.py:156} INFO - Started process (PID=3691) to work on /opt/airflow/dags/extract.py
[2025-05-02T13:19:28.763+0000] {processor.py:799} INFO - Processing file /opt/airflow/dags/extract.py for tasks to queue
[2025-05-02T13:19:28.765+0000] {logging_mixin.py:149} INFO - [2025-05-02T13:19:28.765+0000] {dagbag.py:541} INFO - Filling up the DagBag from /opt/airflow/dags/extract.py
[2025-05-02T13:19:29.987+0000] {processor.py:809} INFO - DAG(s) dict_keys(['extract']) retrieved from /opt/airflow/dags/extract.py
[2025-05-02T13:19:30.073+0000] {logging_mixin.py:149} INFO - [2025-05-02T13:19:30.072+0000] {dag.py:2726} INFO - Sync 1 DAGs
[2025-05-02T13:19:30.397+0000] {logging_mixin.py:149} INFO - [2025-05-02T13:19:30.396+0000] {dag.py:3490} INFO - Setting next_dagrun for extract to 2025-05-02T00:00:00+00:00, run_after=2025-05-03T00:00:00+00:00
[2025-05-02T13:19:30.479+0000] {processor.py:178} INFO - Processing /opt/airflow/dags/extract.py took 1.732 seconds
[2025-05-02T13:20:01.131+0000] {processor.py:156} INFO - Started process (PID=3725) to work on /opt/airflow/dags/extract.py
[2025-05-02T13:20:01.134+0000] {processor.py:799} INFO - Processing file /opt/airflow/dags/extract.py for tasks to queue
[2025-05-02T13:20:01.137+0000] {logging_mixin.py:149} INFO - [2025-05-02T13:20:01.137+0000] {dagbag.py:541} INFO - Filling up the DagBag from /opt/airflow/dags/extract.py
[2025-05-02T13:20:02.415+0000] {processor.py:809} INFO - DAG(s) dict_keys(['extract']) retrieved from /opt/airflow/dags/extract.py
[2025-05-02T13:20:02.488+0000] {logging_mixin.py:149} INFO - [2025-05-02T13:20:02.484+0000] {dag.py:2726} INFO - Sync 1 DAGs
[2025-05-02T13:20:02.858+0000] {logging_mixin.py:149} INFO - [2025-05-02T13:20:02.857+0000] {dag.py:3490} INFO - Setting next_dagrun for extract to 2025-05-02T00:00:00+00:00, run_after=2025-05-03T00:00:00+00:00
[2025-05-02T13:20:02.936+0000] {processor.py:178} INFO - Processing /opt/airflow/dags/extract.py took 1.817 seconds
[2025-05-02T13:20:33.561+0000] {processor.py:156} INFO - Started process (PID=3759) to work on /opt/airflow/dags/extract.py
[2025-05-02T13:20:33.565+0000] {processor.py:799} INFO - Processing file /opt/airflow/dags/extract.py for tasks to queue
[2025-05-02T13:20:33.568+0000] {logging_mixin.py:149} INFO - [2025-05-02T13:20:33.568+0000] {dagbag.py:541} INFO - Filling up the DagBag from /opt/airflow/dags/extract.py
[2025-05-02T13:20:34.814+0000] {processor.py:809} INFO - DAG(s) dict_keys(['extract']) retrieved from /opt/airflow/dags/extract.py
[2025-05-02T13:20:34.913+0000] {logging_mixin.py:149} INFO - [2025-05-02T13:20:34.911+0000] {dag.py:2726} INFO - Sync 1 DAGs
[2025-05-02T13:20:34.984+0000] {logging_mixin.py:149} INFO - [2025-05-02T13:20:34.984+0000] {dag.py:3490} INFO - Setting next_dagrun for extract to 2025-05-02T00:00:00+00:00, run_after=2025-05-03T00:00:00+00:00
[2025-05-02T13:20:35.062+0000] {processor.py:178} INFO - Processing /opt/airflow/dags/extract.py took 1.511 seconds
[2025-05-02T13:21:05.702+0000] {processor.py:156} INFO - Started process (PID=3793) to work on /opt/airflow/dags/extract.py
[2025-05-02T13:21:05.705+0000] {processor.py:799} INFO - Processing file /opt/airflow/dags/extract.py for tasks to queue
[2025-05-02T13:21:05.708+0000] {logging_mixin.py:149} INFO - [2025-05-02T13:21:05.707+0000] {dagbag.py:541} INFO - Filling up the DagBag from /opt/airflow/dags/extract.py
[2025-05-02T13:21:06.951+0000] {processor.py:809} INFO - DAG(s) dict_keys(['extract']) retrieved from /opt/airflow/dags/extract.py
[2025-05-02T13:21:07.101+0000] {logging_mixin.py:149} INFO - [2025-05-02T13:21:07.100+0000] {dag.py:2726} INFO - Sync 1 DAGs
[2025-05-02T13:21:07.470+0000] {logging_mixin.py:149} INFO - [2025-05-02T13:21:07.469+0000] {dag.py:3490} INFO - Setting next_dagrun for extract to 2025-05-02T00:00:00+00:00, run_after=2025-05-03T00:00:00+00:00
[2025-05-02T13:21:07.547+0000] {processor.py:178} INFO - Processing /opt/airflow/dags/extract.py took 1.858 seconds
[2025-05-02T13:21:38.193+0000] {processor.py:156} INFO - Started process (PID=3827) to work on /opt/airflow/dags/extract.py
[2025-05-02T13:21:38.197+0000] {processor.py:799} INFO - Processing file /opt/airflow/dags/extract.py for tasks to queue
[2025-05-02T13:21:38.201+0000] {logging_mixin.py:149} INFO - [2025-05-02T13:21:38.201+0000] {dagbag.py:541} INFO - Filling up the DagBag from /opt/airflow/dags/extract.py
[2025-05-02T13:21:39.540+0000] {processor.py:809} INFO - DAG(s) dict_keys(['extract']) retrieved from /opt/airflow/dags/extract.py
[2025-05-02T13:21:39.705+0000] {logging_mixin.py:149} INFO - [2025-05-02T13:21:39.701+0000] {dag.py:2726} INFO - Sync 1 DAGs
[2025-05-02T13:21:40.100+0000] {logging_mixin.py:149} INFO - [2025-05-02T13:21:40.100+0000] {dag.py:3490} INFO - Setting next_dagrun for extract to 2025-05-02T00:00:00+00:00, run_after=2025-05-03T00:00:00+00:00
[2025-05-02T13:21:40.177+0000] {processor.py:178} INFO - Processing /opt/airflow/dags/extract.py took 2.000 seconds
[2025-05-02T13:22:10.852+0000] {processor.py:156} INFO - Started process (PID=3861) to work on /opt/airflow/dags/extract.py
[2025-05-02T13:22:10.856+0000] {processor.py:799} INFO - Processing file /opt/airflow/dags/extract.py for tasks to queue
[2025-05-02T13:22:10.862+0000] {logging_mixin.py:149} INFO - [2025-05-02T13:22:10.861+0000] {dagbag.py:541} INFO - Filling up the DagBag from /opt/airflow/dags/extract.py
[2025-05-02T13:22:12.322+0000] {processor.py:809} INFO - DAG(s) dict_keys(['extract']) retrieved from /opt/airflow/dags/extract.py
[2025-05-02T13:22:12.392+0000] {logging_mixin.py:149} INFO - [2025-05-02T13:22:12.391+0000] {dag.py:2726} INFO - Sync 1 DAGs
[2025-05-02T13:22:12.470+0000] {logging_mixin.py:149} INFO - [2025-05-02T13:22:12.470+0000] {dag.py:3490} INFO - Setting next_dagrun for extract to 2025-05-02T00:00:00+00:00, run_after=2025-05-03T00:00:00+00:00
[2025-05-02T13:22:12.542+0000] {processor.py:178} INFO - Processing /opt/airflow/dags/extract.py took 1.701 seconds
[2025-05-02T13:22:43.300+0000] {processor.py:156} INFO - Started process (PID=3895) to work on /opt/airflow/dags/extract.py
[2025-05-02T13:22:43.304+0000] {processor.py:799} INFO - Processing file /opt/airflow/dags/extract.py for tasks to queue
[2025-05-02T13:22:43.307+0000] {logging_mixin.py:149} INFO - [2025-05-02T13:22:43.307+0000] {dagbag.py:541} INFO - Filling up the DagBag from /opt/airflow/dags/extract.py
[2025-05-02T13:22:44.524+0000] {processor.py:809} INFO - DAG(s) dict_keys(['extract']) retrieved from /opt/airflow/dags/extract.py
[2025-05-02T13:22:44.614+0000] {logging_mixin.py:149} INFO - [2025-05-02T13:22:44.613+0000] {dag.py:2726} INFO - Sync 1 DAGs
[2025-05-02T13:22:44.932+0000] {logging_mixin.py:149} INFO - [2025-05-02T13:22:44.932+0000] {dag.py:3490} INFO - Setting next_dagrun for extract to 2025-05-02T00:00:00+00:00, run_after=2025-05-03T00:00:00+00:00
[2025-05-02T13:22:45.081+0000] {processor.py:178} INFO - Processing /opt/airflow/dags/extract.py took 1.797 seconds
[2025-05-02T13:23:15.735+0000] {processor.py:156} INFO - Started process (PID=3929) to work on /opt/airflow/dags/extract.py
[2025-05-02T13:23:15.739+0000] {processor.py:799} INFO - Processing file /opt/airflow/dags/extract.py for tasks to queue
[2025-05-02T13:23:15.743+0000] {logging_mixin.py:149} INFO - [2025-05-02T13:23:15.742+0000] {dagbag.py:541} INFO - Filling up the DagBag from /opt/airflow/dags/extract.py
[2025-05-02T13:23:16.994+0000] {processor.py:809} INFO - DAG(s) dict_keys(['extract']) retrieved from /opt/airflow/dags/extract.py
[2025-05-02T13:23:17.067+0000] {logging_mixin.py:149} INFO - [2025-05-02T13:23:17.064+0000] {dag.py:2726} INFO - Sync 1 DAGs
[2025-05-02T13:23:17.432+0000] {logging_mixin.py:149} INFO - [2025-05-02T13:23:17.431+0000] {dag.py:3490} INFO - Setting next_dagrun for extract to 2025-05-02T00:00:00+00:00, run_after=2025-05-03T00:00:00+00:00
[2025-05-02T13:23:17.510+0000] {processor.py:178} INFO - Processing /opt/airflow/dags/extract.py took 1.789 seconds
[2025-05-02T13:23:48.193+0000] {processor.py:156} INFO - Started process (PID=3963) to work on /opt/airflow/dags/extract.py
[2025-05-02T13:23:48.197+0000] {processor.py:799} INFO - Processing file /opt/airflow/dags/extract.py for tasks to queue
[2025-05-02T13:23:48.199+0000] {logging_mixin.py:149} INFO - [2025-05-02T13:23:48.199+0000] {dagbag.py:541} INFO - Filling up the DagBag from /opt/airflow/dags/extract.py
[2025-05-02T13:23:49.380+0000] {processor.py:809} INFO - DAG(s) dict_keys(['extract']) retrieved from /opt/airflow/dags/extract.py
[2025-05-02T13:23:49.491+0000] {logging_mixin.py:149} INFO - [2025-05-02T13:23:49.489+0000] {dag.py:2726} INFO - Sync 1 DAGs
[2025-05-02T13:23:49.560+0000] {logging_mixin.py:149} INFO - [2025-05-02T13:23:49.560+0000] {dag.py:3490} INFO - Setting next_dagrun for extract to 2025-05-02T00:00:00+00:00, run_after=2025-05-03T00:00:00+00:00
[2025-05-02T13:23:49.631+0000] {processor.py:178} INFO - Processing /opt/airflow/dags/extract.py took 1.449 seconds
[2025-05-02T13:24:20.320+0000] {processor.py:156} INFO - Started process (PID=3997) to work on /opt/airflow/dags/extract.py
[2025-05-02T13:24:20.325+0000] {processor.py:799} INFO - Processing file /opt/airflow/dags/extract.py for tasks to queue
[2025-05-02T13:24:20.330+0000] {logging_mixin.py:149} INFO - [2025-05-02T13:24:20.329+0000] {dagbag.py:541} INFO - Filling up the DagBag from /opt/airflow/dags/extract.py
[2025-05-02T13:24:21.569+0000] {processor.py:809} INFO - DAG(s) dict_keys(['extract']) retrieved from /opt/airflow/dags/extract.py
[2025-05-02T13:24:21.733+0000] {logging_mixin.py:149} INFO - [2025-05-02T13:24:21.731+0000] {dag.py:2726} INFO - Sync 1 DAGs
[2025-05-02T13:24:22.265+0000] {logging_mixin.py:149} INFO - [2025-05-02T13:24:22.264+0000] {dag.py:3490} INFO - Setting next_dagrun for extract to 2025-05-02T00:00:00+00:00, run_after=2025-05-03T00:00:00+00:00
[2025-05-02T13:24:22.382+0000] {processor.py:178} INFO - Processing /opt/airflow/dags/extract.py took 2.081 seconds
[2025-05-02T13:24:52.784+0000] {processor.py:156} INFO - Started process (PID=4031) to work on /opt/airflow/dags/extract.py
[2025-05-02T13:24:52.786+0000] {processor.py:799} INFO - Processing file /opt/airflow/dags/extract.py for tasks to queue
[2025-05-02T13:24:52.788+0000] {logging_mixin.py:149} INFO - [2025-05-02T13:24:52.788+0000] {dagbag.py:541} INFO - Filling up the DagBag from /opt/airflow/dags/extract.py
[2025-05-02T13:24:53.692+0000] {processor.py:809} INFO - DAG(s) dict_keys(['extract']) retrieved from /opt/airflow/dags/extract.py
[2025-05-02T13:24:53.747+0000] {logging_mixin.py:149} INFO - [2025-05-02T13:24:53.744+0000] {dag.py:2726} INFO - Sync 1 DAGs
[2025-05-02T13:24:54.000+0000] {logging_mixin.py:149} INFO - [2025-05-02T13:24:54.000+0000] {dag.py:3490} INFO - Setting next_dagrun for extract to 2025-05-02T00:00:00+00:00, run_after=2025-05-03T00:00:00+00:00
[2025-05-02T13:24:54.057+0000] {processor.py:178} INFO - Processing /opt/airflow/dags/extract.py took 1.281 seconds
[2025-05-02T13:25:24.372+0000] {processor.py:156} INFO - Started process (PID=4065) to work on /opt/airflow/dags/extract.py
[2025-05-02T13:25:24.373+0000] {processor.py:799} INFO - Processing file /opt/airflow/dags/extract.py for tasks to queue
[2025-05-02T13:25:24.375+0000] {logging_mixin.py:149} INFO - [2025-05-02T13:25:24.375+0000] {dagbag.py:541} INFO - Filling up the DagBag from /opt/airflow/dags/extract.py
[2025-05-02T13:25:24.967+0000] {processor.py:809} INFO - DAG(s) dict_keys(['extract']) retrieved from /opt/airflow/dags/extract.py
[2025-05-02T13:25:25.009+0000] {logging_mixin.py:149} INFO - [2025-05-02T13:25:25.009+0000] {dag.py:2726} INFO - Sync 1 DAGs
[2025-05-02T13:25:25.049+0000] {logging_mixin.py:149} INFO - [2025-05-02T13:25:25.048+0000] {dag.py:3490} INFO - Setting next_dagrun for extract to 2025-05-02T00:00:00+00:00, run_after=2025-05-03T00:00:00+00:00
[2025-05-02T13:25:25.095+0000] {processor.py:178} INFO - Processing /opt/airflow/dags/extract.py took 0.727 seconds
[2025-05-02T13:25:55.392+0000] {processor.py:156} INFO - Started process (PID=4099) to work on /opt/airflow/dags/extract.py
[2025-05-02T13:25:55.394+0000] {processor.py:799} INFO - Processing file /opt/airflow/dags/extract.py for tasks to queue
[2025-05-02T13:25:55.395+0000] {logging_mixin.py:149} INFO - [2025-05-02T13:25:55.395+0000] {dagbag.py:541} INFO - Filling up the DagBag from /opt/airflow/dags/extract.py
[2025-05-02T13:25:55.944+0000] {processor.py:809} INFO - DAG(s) dict_keys(['extract']) retrieved from /opt/airflow/dags/extract.py
[2025-05-02T13:25:55.987+0000] {logging_mixin.py:149} INFO - [2025-05-02T13:25:55.986+0000] {dag.py:2726} INFO - Sync 1 DAGs
[2025-05-02T13:25:56.227+0000] {logging_mixin.py:149} INFO - [2025-05-02T13:25:56.227+0000] {dag.py:3490} INFO - Setting next_dagrun for extract to 2025-05-02T00:00:00+00:00, run_after=2025-05-03T00:00:00+00:00
[2025-05-02T13:25:56.276+0000] {processor.py:178} INFO - Processing /opt/airflow/dags/extract.py took 0.888 seconds
[2025-05-02T13:26:26.665+0000] {processor.py:156} INFO - Started process (PID=4133) to work on /opt/airflow/dags/extract.py
[2025-05-02T13:26:26.670+0000] {processor.py:799} INFO - Processing file /opt/airflow/dags/extract.py for tasks to queue
[2025-05-02T13:26:26.673+0000] {logging_mixin.py:149} INFO - [2025-05-02T13:26:26.672+0000] {dagbag.py:541} INFO - Filling up the DagBag from /opt/airflow/dags/extract.py
[2025-05-02T13:26:27.497+0000] {processor.py:809} INFO - DAG(s) dict_keys(['extract']) retrieved from /opt/airflow/dags/extract.py
[2025-05-02T13:26:27.562+0000] {logging_mixin.py:149} INFO - [2025-05-02T13:26:27.557+0000] {dag.py:2726} INFO - Sync 1 DAGs
[2025-05-02T13:26:27.872+0000] {logging_mixin.py:149} INFO - [2025-05-02T13:26:27.871+0000] {dag.py:3490} INFO - Setting next_dagrun for extract to 2025-05-02T00:00:00+00:00, run_after=2025-05-03T00:00:00+00:00
[2025-05-02T13:26:27.923+0000] {processor.py:178} INFO - Processing /opt/airflow/dags/extract.py took 1.268 seconds
[2025-05-02T13:26:58.885+0000] {processor.py:156} INFO - Started process (PID=4167) to work on /opt/airflow/dags/extract.py
[2025-05-02T13:26:58.899+0000] {processor.py:799} INFO - Processing file /opt/airflow/dags/extract.py for tasks to queue
[2025-05-02T13:26:58.910+0000] {logging_mixin.py:149} INFO - [2025-05-02T13:26:58.909+0000] {dagbag.py:541} INFO - Filling up the DagBag from /opt/airflow/dags/extract.py
[2025-05-02T13:27:01.899+0000] {processor.py:809} INFO - DAG(s) dict_keys(['extract']) retrieved from /opt/airflow/dags/extract.py
[2025-05-02T13:27:04.857+0000] {logging_mixin.py:149} INFO - [2025-05-02T13:27:04.856+0000] {dag.py:2726} INFO - Sync 1 DAGs
[2025-05-02T13:27:04.953+0000] {logging_mixin.py:149} INFO - [2025-05-02T13:27:04.953+0000] {dag.py:3490} INFO - Setting next_dagrun for extract to 2025-05-02T00:00:00+00:00, run_after=2025-05-03T00:00:00+00:00
[2025-05-02T13:27:05.046+0000] {processor.py:178} INFO - Processing /opt/airflow/dags/extract.py took 6.247 seconds
[2025-05-02T13:27:35.757+0000] {processor.py:156} INFO - Started process (PID=4216) to work on /opt/airflow/dags/extract.py
[2025-05-02T13:27:35.760+0000] {processor.py:799} INFO - Processing file /opt/airflow/dags/extract.py for tasks to queue
[2025-05-02T13:27:35.763+0000] {logging_mixin.py:149} INFO - [2025-05-02T13:27:35.762+0000] {dagbag.py:541} INFO - Filling up the DagBag from /opt/airflow/dags/extract.py
[2025-05-02T13:27:36.865+0000] {processor.py:809} INFO - DAG(s) dict_keys(['extract']) retrieved from /opt/airflow/dags/extract.py
[2025-05-02T13:27:36.945+0000] {logging_mixin.py:149} INFO - [2025-05-02T13:27:36.944+0000] {dag.py:2726} INFO - Sync 1 DAGs
[2025-05-02T13:27:37.278+0000] {logging_mixin.py:149} INFO - [2025-05-02T13:27:37.278+0000] {dag.py:3490} INFO - Setting next_dagrun for extract to 2025-05-02T00:00:00+00:00, run_after=2025-05-03T00:00:00+00:00
[2025-05-02T13:27:37.338+0000] {processor.py:178} INFO - Processing /opt/airflow/dags/extract.py took 1.590 seconds
[2025-05-02T13:28:07.459+0000] {processor.py:156} INFO - Started process (PID=4235) to work on /opt/airflow/dags/extract.py
[2025-05-02T13:28:07.461+0000] {processor.py:799} INFO - Processing file /opt/airflow/dags/extract.py for tasks to queue
[2025-05-02T13:28:07.463+0000] {logging_mixin.py:149} INFO - [2025-05-02T13:28:07.462+0000] {dagbag.py:541} INFO - Filling up the DagBag from /opt/airflow/dags/extract.py
[2025-05-02T13:28:08.194+0000] {processor.py:809} INFO - DAG(s) dict_keys(['extract']) retrieved from /opt/airflow/dags/extract.py
[2025-05-02T13:28:08.267+0000] {logging_mixin.py:149} INFO - [2025-05-02T13:28:08.264+0000] {dag.py:2726} INFO - Sync 1 DAGs
[2025-05-02T13:28:08.731+0000] {logging_mixin.py:149} INFO - [2025-05-02T13:28:08.730+0000] {dag.py:3490} INFO - Setting next_dagrun for extract to 2025-05-02T00:00:00+00:00, run_after=2025-05-03T00:00:00+00:00
[2025-05-02T13:28:08.863+0000] {processor.py:178} INFO - Processing /opt/airflow/dags/extract.py took 1.411 seconds
[2025-05-02T13:28:39.235+0000] {processor.py:156} INFO - Started process (PID=4269) to work on /opt/airflow/dags/extract.py
[2025-05-02T13:28:39.239+0000] {processor.py:799} INFO - Processing file /opt/airflow/dags/extract.py for tasks to queue
[2025-05-02T13:28:39.243+0000] {logging_mixin.py:149} INFO - [2025-05-02T13:28:39.242+0000] {dagbag.py:541} INFO - Filling up the DagBag from /opt/airflow/dags/extract.py
[2025-05-02T13:28:40.056+0000] {processor.py:809} INFO - DAG(s) dict_keys(['extract']) retrieved from /opt/airflow/dags/extract.py
[2025-05-02T13:28:40.322+0000] {logging_mixin.py:149} INFO - [2025-05-02T13:28:40.321+0000] {dag.py:2726} INFO - Sync 1 DAGs
[2025-05-02T13:28:40.370+0000] {logging_mixin.py:149} INFO - [2025-05-02T13:28:40.370+0000] {dag.py:3490} INFO - Setting next_dagrun for extract to 2025-05-02T00:00:00+00:00, run_after=2025-05-03T00:00:00+00:00
[2025-05-02T13:28:40.424+0000] {processor.py:178} INFO - Processing /opt/airflow/dags/extract.py took 1.193 seconds
[2025-05-02T13:29:10.609+0000] {processor.py:156} INFO - Started process (PID=4303) to work on /opt/airflow/dags/extract.py
[2025-05-02T13:29:10.611+0000] {processor.py:799} INFO - Processing file /opt/airflow/dags/extract.py for tasks to queue
[2025-05-02T13:29:10.613+0000] {logging_mixin.py:149} INFO - [2025-05-02T13:29:10.613+0000] {dagbag.py:541} INFO - Filling up the DagBag from /opt/airflow/dags/extract.py
[2025-05-02T13:29:11.372+0000] {processor.py:809} INFO - DAG(s) dict_keys(['extract']) retrieved from /opt/airflow/dags/extract.py
[2025-05-02T13:29:11.477+0000] {logging_mixin.py:149} INFO - [2025-05-02T13:29:11.477+0000] {dag.py:2726} INFO - Sync 1 DAGs
[2025-05-02T13:29:11.880+0000] {logging_mixin.py:149} INFO - [2025-05-02T13:29:11.879+0000] {dag.py:3490} INFO - Setting next_dagrun for extract to 2025-05-02T00:00:00+00:00, run_after=2025-05-03T00:00:00+00:00
[2025-05-02T13:29:11.991+0000] {processor.py:178} INFO - Processing /opt/airflow/dags/extract.py took 1.387 seconds
[2025-05-02T13:29:42.388+0000] {processor.py:156} INFO - Started process (PID=4337) to work on /opt/airflow/dags/extract.py
[2025-05-02T13:29:42.390+0000] {processor.py:799} INFO - Processing file /opt/airflow/dags/extract.py for tasks to queue
[2025-05-02T13:29:42.394+0000] {logging_mixin.py:149} INFO - [2025-05-02T13:29:42.393+0000] {dagbag.py:541} INFO - Filling up the DagBag from /opt/airflow/dags/extract.py
[2025-05-02T13:29:42.994+0000] {processor.py:809} INFO - DAG(s) dict_keys(['extract']) retrieved from /opt/airflow/dags/extract.py
[2025-05-02T13:29:43.052+0000] {logging_mixin.py:149} INFO - [2025-05-02T13:29:43.050+0000] {dag.py:2726} INFO - Sync 1 DAGs
[2025-05-02T13:29:43.318+0000] {logging_mixin.py:149} INFO - [2025-05-02T13:29:43.318+0000] {dag.py:3490} INFO - Setting next_dagrun for extract to 2025-05-02T00:00:00+00:00, run_after=2025-05-03T00:00:00+00:00
[2025-05-02T13:29:43.377+0000] {processor.py:178} INFO - Processing /opt/airflow/dags/extract.py took 0.995 seconds
[2025-05-02T13:30:13.717+0000] {processor.py:156} INFO - Started process (PID=4371) to work on /opt/airflow/dags/extract.py
[2025-05-02T13:30:13.720+0000] {processor.py:799} INFO - Processing file /opt/airflow/dags/extract.py for tasks to queue
[2025-05-02T13:30:13.722+0000] {logging_mixin.py:149} INFO - [2025-05-02T13:30:13.722+0000] {dagbag.py:541} INFO - Filling up the DagBag from /opt/airflow/dags/extract.py
[2025-05-02T13:30:14.314+0000] {processor.py:809} INFO - DAG(s) dict_keys(['extract']) retrieved from /opt/airflow/dags/extract.py
[2025-05-02T13:30:14.566+0000] {logging_mixin.py:149} INFO - [2025-05-02T13:30:14.565+0000] {dag.py:2726} INFO - Sync 1 DAGs
[2025-05-02T13:30:14.604+0000] {logging_mixin.py:149} INFO - [2025-05-02T13:30:14.604+0000] {dag.py:3490} INFO - Setting next_dagrun for extract to 2025-05-02T00:00:00+00:00, run_after=2025-05-03T00:00:00+00:00
[2025-05-02T13:30:14.652+0000] {processor.py:178} INFO - Processing /opt/airflow/dags/extract.py took 0.939 seconds
[2025-05-02T13:30:44.997+0000] {processor.py:156} INFO - Started process (PID=4405) to work on /opt/airflow/dags/extract.py
[2025-05-02T13:30:44.998+0000] {processor.py:799} INFO - Processing file /opt/airflow/dags/extract.py for tasks to queue
[2025-05-02T13:30:45.000+0000] {logging_mixin.py:149} INFO - [2025-05-02T13:30:45.000+0000] {dagbag.py:541} INFO - Filling up the DagBag from /opt/airflow/dags/extract.py
[2025-05-02T13:30:45.611+0000] {processor.py:809} INFO - DAG(s) dict_keys(['extract']) retrieved from /opt/airflow/dags/extract.py
[2025-05-02T13:30:45.673+0000] {logging_mixin.py:149} INFO - [2025-05-02T13:30:45.672+0000] {dag.py:2726} INFO - Sync 1 DAGs
[2025-05-02T13:30:45.913+0000] {logging_mixin.py:149} INFO - [2025-05-02T13:30:45.912+0000] {dag.py:3490} INFO - Setting next_dagrun for extract to 2025-05-02T00:00:00+00:00, run_after=2025-05-03T00:00:00+00:00
[2025-05-02T13:30:45.972+0000] {processor.py:178} INFO - Processing /opt/airflow/dags/extract.py took 0.981 seconds
[2025-05-02T13:31:16.306+0000] {processor.py:156} INFO - Started process (PID=4439) to work on /opt/airflow/dags/extract.py
[2025-05-02T13:31:16.310+0000] {processor.py:799} INFO - Processing file /opt/airflow/dags/extract.py for tasks to queue
[2025-05-02T13:31:16.313+0000] {logging_mixin.py:149} INFO - [2025-05-02T13:31:16.312+0000] {dagbag.py:541} INFO - Filling up the DagBag from /opt/airflow/dags/extract.py
[2025-05-02T13:31:16.872+0000] {processor.py:809} INFO - DAG(s) dict_keys(['extract']) retrieved from /opt/airflow/dags/extract.py
[2025-05-02T13:31:16.922+0000] {logging_mixin.py:149} INFO - [2025-05-02T13:31:16.919+0000] {dag.py:2726} INFO - Sync 1 DAGs
[2025-05-02T13:31:17.252+0000] {logging_mixin.py:149} INFO - [2025-05-02T13:31:17.251+0000] {dag.py:3490} INFO - Setting next_dagrun for extract to 2025-05-02T00:00:00+00:00, run_after=2025-05-03T00:00:00+00:00
[2025-05-02T13:31:17.401+0000] {processor.py:178} INFO - Processing /opt/airflow/dags/extract.py took 1.108 seconds
[2025-05-02T13:31:47.765+0000] {processor.py:156} INFO - Started process (PID=4473) to work on /opt/airflow/dags/extract.py
[2025-05-02T13:31:47.767+0000] {processor.py:799} INFO - Processing file /opt/airflow/dags/extract.py for tasks to queue
[2025-05-02T13:31:47.768+0000] {logging_mixin.py:149} INFO - [2025-05-02T13:31:47.768+0000] {dagbag.py:541} INFO - Filling up the DagBag from /opt/airflow/dags/extract.py
[2025-05-02T13:31:48.619+0000] {processor.py:809} INFO - DAG(s) dict_keys(['extract']) retrieved from /opt/airflow/dags/extract.py
[2025-05-02T13:31:48.846+0000] {logging_mixin.py:149} INFO - [2025-05-02T13:31:48.845+0000] {dag.py:2726} INFO - Sync 1 DAGs
[2025-05-02T13:31:48.875+0000] {logging_mixin.py:149} INFO - [2025-05-02T13:31:48.874+0000] {dag.py:3490} INFO - Setting next_dagrun for extract to 2025-05-02T00:00:00+00:00, run_after=2025-05-03T00:00:00+00:00
[2025-05-02T13:31:48.920+0000] {processor.py:178} INFO - Processing /opt/airflow/dags/extract.py took 1.168 seconds
[2025-05-02T13:32:19.092+0000] {processor.py:156} INFO - Started process (PID=4507) to work on /opt/airflow/dags/extract.py
[2025-05-02T13:32:19.094+0000] {processor.py:799} INFO - Processing file /opt/airflow/dags/extract.py for tasks to queue
[2025-05-02T13:32:19.095+0000] {logging_mixin.py:149} INFO - [2025-05-02T13:32:19.095+0000] {dagbag.py:541} INFO - Filling up the DagBag from /opt/airflow/dags/extract.py
[2025-05-02T13:32:19.650+0000] {processor.py:809} INFO - DAG(s) dict_keys(['extract']) retrieved from /opt/airflow/dags/extract.py
[2025-05-02T13:32:19.699+0000] {logging_mixin.py:149} INFO - [2025-05-02T13:32:19.698+0000] {dag.py:2726} INFO - Sync 1 DAGs
[2025-05-02T13:32:20.070+0000] {logging_mixin.py:149} INFO - [2025-05-02T13:32:20.070+0000] {dag.py:3490} INFO - Setting next_dagrun for extract to 2025-05-02T00:00:00+00:00, run_after=2025-05-03T00:00:00+00:00
[2025-05-02T13:32:20.125+0000] {processor.py:178} INFO - Processing /opt/airflow/dags/extract.py took 1.041 seconds
[2025-05-02T13:32:50.504+0000] {processor.py:156} INFO - Started process (PID=4541) to work on /opt/airflow/dags/extract.py
[2025-05-02T13:32:50.506+0000] {processor.py:799} INFO - Processing file /opt/airflow/dags/extract.py for tasks to queue
[2025-05-02T13:32:50.508+0000] {logging_mixin.py:149} INFO - [2025-05-02T13:32:50.508+0000] {dagbag.py:541} INFO - Filling up the DagBag from /opt/airflow/dags/extract.py
[2025-05-02T13:32:51.140+0000] {processor.py:809} INFO - DAG(s) dict_keys(['extract']) retrieved from /opt/airflow/dags/extract.py
[2025-05-02T13:32:51.192+0000] {logging_mixin.py:149} INFO - [2025-05-02T13:32:51.187+0000] {dag.py:2726} INFO - Sync 1 DAGs
[2025-05-02T13:32:51.427+0000] {logging_mixin.py:149} INFO - [2025-05-02T13:32:51.427+0000] {dag.py:3490} INFO - Setting next_dagrun for extract to 2025-05-02T00:00:00+00:00, run_after=2025-05-03T00:00:00+00:00
[2025-05-02T13:32:51.475+0000] {processor.py:178} INFO - Processing /opt/airflow/dags/extract.py took 0.976 seconds
[2025-05-02T13:33:21.793+0000] {processor.py:156} INFO - Started process (PID=4575) to work on /opt/airflow/dags/extract.py
[2025-05-02T13:33:21.797+0000] {processor.py:799} INFO - Processing file /opt/airflow/dags/extract.py for tasks to queue
[2025-05-02T13:33:21.799+0000] {logging_mixin.py:149} INFO - [2025-05-02T13:33:21.799+0000] {dagbag.py:541} INFO - Filling up the DagBag from /opt/airflow/dags/extract.py
[2025-05-02T13:33:22.626+0000] {processor.py:809} INFO - DAG(s) dict_keys(['extract']) retrieved from /opt/airflow/dags/extract.py
[2025-05-02T13:33:22.868+0000] {logging_mixin.py:149} INFO - [2025-05-02T13:33:22.867+0000] {dag.py:2726} INFO - Sync 1 DAGs
[2025-05-02T13:33:22.906+0000] {logging_mixin.py:149} INFO - [2025-05-02T13:33:22.906+0000] {dag.py:3490} INFO - Setting next_dagrun for extract to 2025-05-02T00:00:00+00:00, run_after=2025-05-03T00:00:00+00:00
[2025-05-02T13:33:22.975+0000] {processor.py:178} INFO - Processing /opt/airflow/dags/extract.py took 1.187 seconds
[2025-05-02T13:33:53.121+0000] {processor.py:156} INFO - Started process (PID=4609) to work on /opt/airflow/dags/extract.py
[2025-05-02T13:33:53.123+0000] {processor.py:799} INFO - Processing file /opt/airflow/dags/extract.py for tasks to queue
[2025-05-02T13:33:53.124+0000] {logging_mixin.py:149} INFO - [2025-05-02T13:33:53.124+0000] {dagbag.py:541} INFO - Filling up the DagBag from /opt/airflow/dags/extract.py
[2025-05-02T13:33:53.678+0000] {processor.py:809} INFO - DAG(s) dict_keys(['extract']) retrieved from /opt/airflow/dags/extract.py
[2025-05-02T13:33:53.727+0000] {logging_mixin.py:149} INFO - [2025-05-02T13:33:53.726+0000] {dag.py:2726} INFO - Sync 1 DAGs
[2025-05-02T13:33:54.112+0000] {logging_mixin.py:149} INFO - [2025-05-02T13:33:54.111+0000] {dag.py:3490} INFO - Setting next_dagrun for extract to 2025-05-02T00:00:00+00:00, run_after=2025-05-03T00:00:00+00:00
[2025-05-02T13:33:54.161+0000] {processor.py:178} INFO - Processing /opt/airflow/dags/extract.py took 1.043 seconds
[2025-05-02T13:34:24.430+0000] {processor.py:156} INFO - Started process (PID=4643) to work on /opt/airflow/dags/extract.py
[2025-05-02T13:34:24.431+0000] {processor.py:799} INFO - Processing file /opt/airflow/dags/extract.py for tasks to queue
[2025-05-02T13:34:24.432+0000] {logging_mixin.py:149} INFO - [2025-05-02T13:34:24.432+0000] {dagbag.py:541} INFO - Filling up the DagBag from /opt/airflow/dags/extract.py
[2025-05-02T13:34:25.103+0000] {processor.py:809} INFO - DAG(s) dict_keys(['extract']) retrieved from /opt/airflow/dags/extract.py
[2025-05-02T13:34:25.164+0000] {logging_mixin.py:149} INFO - [2025-05-02T13:34:25.160+0000] {dag.py:2726} INFO - Sync 1 DAGs
[2025-05-02T13:34:25.520+0000] {logging_mixin.py:149} INFO - [2025-05-02T13:34:25.519+0000] {dag.py:3490} INFO - Setting next_dagrun for extract to 2025-05-02T00:00:00+00:00, run_after=2025-05-03T00:00:00+00:00
[2025-05-02T13:34:25.639+0000] {processor.py:178} INFO - Processing /opt/airflow/dags/extract.py took 1.214 seconds
[2025-05-02T13:34:56.019+0000] {processor.py:156} INFO - Started process (PID=4677) to work on /opt/airflow/dags/extract.py
[2025-05-02T13:34:56.020+0000] {processor.py:799} INFO - Processing file /opt/airflow/dags/extract.py for tasks to queue
[2025-05-02T13:34:56.021+0000] {logging_mixin.py:149} INFO - [2025-05-02T13:34:56.021+0000] {dagbag.py:541} INFO - Filling up the DagBag from /opt/airflow/dags/extract.py
[2025-05-02T13:34:56.626+0000] {processor.py:809} INFO - DAG(s) dict_keys(['extract']) retrieved from /opt/airflow/dags/extract.py
[2025-05-02T13:34:56.869+0000] {logging_mixin.py:149} INFO - [2025-05-02T13:34:56.868+0000] {dag.py:2726} INFO - Sync 1 DAGs
[2025-05-02T13:34:56.899+0000] {logging_mixin.py:149} INFO - [2025-05-02T13:34:56.899+0000] {dag.py:3490} INFO - Setting next_dagrun for extract to 2025-05-02T00:00:00+00:00, run_after=2025-05-03T00:00:00+00:00
[2025-05-02T13:34:56.945+0000] {processor.py:178} INFO - Processing /opt/airflow/dags/extract.py took 0.946 seconds
[2025-05-02T13:35:27.135+0000] {processor.py:156} INFO - Started process (PID=4711) to work on /opt/airflow/dags/extract.py
[2025-05-02T13:35:27.137+0000] {processor.py:799} INFO - Processing file /opt/airflow/dags/extract.py for tasks to queue
[2025-05-02T13:35:27.138+0000] {logging_mixin.py:149} INFO - [2025-05-02T13:35:27.138+0000] {dagbag.py:541} INFO - Filling up the DagBag from /opt/airflow/dags/extract.py
[2025-05-02T13:35:27.709+0000] {processor.py:809} INFO - DAG(s) dict_keys(['extract']) retrieved from /opt/airflow/dags/extract.py
[2025-05-02T13:35:28.088+0000] {logging_mixin.py:149} INFO - [2025-05-02T13:35:28.087+0000] {dag.py:2726} INFO - Sync 1 DAGs
[2025-05-02T13:35:28.337+0000] {logging_mixin.py:149} INFO - [2025-05-02T13:35:28.336+0000] {dag.py:3490} INFO - Setting next_dagrun for extract to 2025-05-02T00:00:00+00:00, run_after=2025-05-03T00:00:00+00:00
[2025-05-02T13:35:28.383+0000] {processor.py:178} INFO - Processing /opt/airflow/dags/extract.py took 1.252 seconds
[2025-05-02T13:35:58.623+0000] {processor.py:156} INFO - Started process (PID=4745) to work on /opt/airflow/dags/extract.py
[2025-05-02T13:35:58.626+0000] {processor.py:799} INFO - Processing file /opt/airflow/dags/extract.py for tasks to queue
[2025-05-02T13:35:58.630+0000] {logging_mixin.py:149} INFO - [2025-05-02T13:35:58.630+0000] {dagbag.py:541} INFO - Filling up the DagBag from /opt/airflow/dags/extract.py
[2025-05-02T13:35:59.228+0000] {processor.py:809} INFO - DAG(s) dict_keys(['extract']) retrieved from /opt/airflow/dags/extract.py
[2025-05-02T13:35:59.279+0000] {logging_mixin.py:149} INFO - [2025-05-02T13:35:59.275+0000] {dag.py:2726} INFO - Sync 1 DAGs
[2025-05-02T13:35:59.520+0000] {logging_mixin.py:149} INFO - [2025-05-02T13:35:59.520+0000] {dag.py:3490} INFO - Setting next_dagrun for extract to 2025-05-02T00:00:00+00:00, run_after=2025-05-03T00:00:00+00:00
[2025-05-02T13:35:59.574+0000] {processor.py:178} INFO - Processing /opt/airflow/dags/extract.py took 0.965 seconds
[2025-05-02T13:36:29.917+0000] {processor.py:156} INFO - Started process (PID=4779) to work on /opt/airflow/dags/extract.py
[2025-05-02T13:36:29.919+0000] {processor.py:799} INFO - Processing file /opt/airflow/dags/extract.py for tasks to queue
[2025-05-02T13:36:29.920+0000] {logging_mixin.py:149} INFO - [2025-05-02T13:36:29.920+0000] {dagbag.py:541} INFO - Filling up the DagBag from /opt/airflow/dags/extract.py
[2025-05-02T13:36:30.480+0000] {processor.py:809} INFO - DAG(s) dict_keys(['extract']) retrieved from /opt/airflow/dags/extract.py
[2025-05-02T13:36:30.746+0000] {logging_mixin.py:149} INFO - [2025-05-02T13:36:30.745+0000] {dag.py:2726} INFO - Sync 1 DAGs
[2025-05-02T13:36:30.779+0000] {logging_mixin.py:149} INFO - [2025-05-02T13:36:30.779+0000] {dag.py:3490} INFO - Setting next_dagrun for extract to 2025-05-02T00:00:00+00:00, run_after=2025-05-03T00:00:00+00:00
[2025-05-02T13:36:30.825+0000] {processor.py:178} INFO - Processing /opt/airflow/dags/extract.py took 0.913 seconds
[2025-05-02T13:37:01.195+0000] {processor.py:156} INFO - Started process (PID=4813) to work on /opt/airflow/dags/extract.py
[2025-05-02T13:37:01.392+0000] {processor.py:799} INFO - Processing file /opt/airflow/dags/extract.py for tasks to queue
[2025-05-02T13:37:01.395+0000] {logging_mixin.py:149} INFO - [2025-05-02T13:37:01.395+0000] {dagbag.py:541} INFO - Filling up the DagBag from /opt/airflow/dags/extract.py
[2025-05-02T13:37:02.547+0000] {processor.py:809} INFO - DAG(s) dict_keys(['extract']) retrieved from /opt/airflow/dags/extract.py
[2025-05-02T13:37:02.599+0000] {logging_mixin.py:149} INFO - [2025-05-02T13:37:02.599+0000] {dag.py:2726} INFO - Sync 1 DAGs
[2025-05-02T13:37:02.902+0000] {logging_mixin.py:149} INFO - [2025-05-02T13:37:02.902+0000] {dag.py:3490} INFO - Setting next_dagrun for extract to 2025-05-02T00:00:00+00:00, run_after=2025-05-03T00:00:00+00:00
[2025-05-02T13:37:02.965+0000] {processor.py:178} INFO - Processing /opt/airflow/dags/extract.py took 1.774 seconds
[2025-05-02T13:37:33.298+0000] {processor.py:156} INFO - Started process (PID=4847) to work on /opt/airflow/dags/extract.py
[2025-05-02T13:37:33.300+0000] {processor.py:799} INFO - Processing file /opt/airflow/dags/extract.py for tasks to queue
[2025-05-02T13:37:33.301+0000] {logging_mixin.py:149} INFO - [2025-05-02T13:37:33.301+0000] {dagbag.py:541} INFO - Filling up the DagBag from /opt/airflow/dags/extract.py
[2025-05-02T13:37:34.014+0000] {processor.py:809} INFO - DAG(s) dict_keys(['extract']) retrieved from /opt/airflow/dags/extract.py
[2025-05-02T13:37:34.063+0000] {logging_mixin.py:149} INFO - [2025-05-02T13:37:34.060+0000] {dag.py:2726} INFO - Sync 1 DAGs
[2025-05-02T13:37:34.347+0000] {logging_mixin.py:149} INFO - [2025-05-02T13:37:34.347+0000] {dag.py:3490} INFO - Setting next_dagrun for extract to 2025-05-02T00:00:00+00:00, run_after=2025-05-03T00:00:00+00:00
[2025-05-02T13:37:34.392+0000] {processor.py:178} INFO - Processing /opt/airflow/dags/extract.py took 1.098 seconds
[2025-05-02T13:38:04.603+0000] {processor.py:156} INFO - Started process (PID=4881) to work on /opt/airflow/dags/extract.py
[2025-05-02T13:38:04.605+0000] {processor.py:799} INFO - Processing file /opt/airflow/dags/extract.py for tasks to queue
[2025-05-02T13:38:04.606+0000] {logging_mixin.py:149} INFO - [2025-05-02T13:38:04.606+0000] {dagbag.py:541} INFO - Filling up the DagBag from /opt/airflow/dags/extract.py
[2025-05-02T13:38:05.230+0000] {processor.py:809} INFO - DAG(s) dict_keys(['extract']) retrieved from /opt/airflow/dags/extract.py
[2025-05-02T13:38:05.487+0000] {logging_mixin.py:149} INFO - [2025-05-02T13:38:05.487+0000] {dag.py:2726} INFO - Sync 1 DAGs
[2025-05-02T13:38:05.522+0000] {logging_mixin.py:149} INFO - [2025-05-02T13:38:05.522+0000] {dag.py:3490} INFO - Setting next_dagrun for extract to 2025-05-02T00:00:00+00:00, run_after=2025-05-03T00:00:00+00:00
[2025-05-02T13:38:05.572+0000] {processor.py:178} INFO - Processing /opt/airflow/dags/extract.py took 0.973 seconds
[2025-05-02T13:38:35.909+0000] {processor.py:156} INFO - Started process (PID=4915) to work on /opt/airflow/dags/extract.py
[2025-05-02T13:38:35.910+0000] {processor.py:799} INFO - Processing file /opt/airflow/dags/extract.py for tasks to queue
[2025-05-02T13:38:35.912+0000] {logging_mixin.py:149} INFO - [2025-05-02T13:38:35.912+0000] {dagbag.py:541} INFO - Filling up the DagBag from /opt/airflow/dags/extract.py
[2025-05-02T13:38:36.464+0000] {processor.py:809} INFO - DAG(s) dict_keys(['extract']) retrieved from /opt/airflow/dags/extract.py
[2025-05-02T13:38:36.507+0000] {logging_mixin.py:149} INFO - [2025-05-02T13:38:36.506+0000] {dag.py:2726} INFO - Sync 1 DAGs
[2025-05-02T13:38:36.760+0000] {logging_mixin.py:149} INFO - [2025-05-02T13:38:36.760+0000] {dag.py:3490} INFO - Setting next_dagrun for extract to 2025-05-02T00:00:00+00:00, run_after=2025-05-03T00:00:00+00:00
[2025-05-02T13:38:36.808+0000] {processor.py:178} INFO - Processing /opt/airflow/dags/extract.py took 0.903 seconds
[2025-05-02T13:39:07.146+0000] {processor.py:156} INFO - Started process (PID=4949) to work on /opt/airflow/dags/extract.py
[2025-05-02T13:39:07.147+0000] {processor.py:799} INFO - Processing file /opt/airflow/dags/extract.py for tasks to queue
[2025-05-02T13:39:07.148+0000] {logging_mixin.py:149} INFO - [2025-05-02T13:39:07.148+0000] {dagbag.py:541} INFO - Filling up the DagBag from /opt/airflow/dags/extract.py
[2025-05-02T13:39:07.737+0000] {processor.py:809} INFO - DAG(s) dict_keys(['extract']) retrieved from /opt/airflow/dags/extract.py
[2025-05-02T13:39:07.777+0000] {logging_mixin.py:149} INFO - [2025-05-02T13:39:07.775+0000] {dag.py:2726} INFO - Sync 1 DAGs
[2025-05-02T13:39:08.009+0000] {logging_mixin.py:149} INFO - [2025-05-02T13:39:08.009+0000] {dag.py:3490} INFO - Setting next_dagrun for extract to 2025-05-02T00:00:00+00:00, run_after=2025-05-03T00:00:00+00:00
[2025-05-02T13:39:08.049+0000] {processor.py:178} INFO - Processing /opt/airflow/dags/extract.py took 0.908 seconds
[2025-05-02T13:39:38.369+0000] {processor.py:156} INFO - Started process (PID=4983) to work on /opt/airflow/dags/extract.py
[2025-05-02T13:39:38.370+0000] {processor.py:799} INFO - Processing file /opt/airflow/dags/extract.py for tasks to queue
[2025-05-02T13:39:38.371+0000] {logging_mixin.py:149} INFO - [2025-05-02T13:39:38.371+0000] {dagbag.py:541} INFO - Filling up the DagBag from /opt/airflow/dags/extract.py
[2025-05-02T13:39:38.966+0000] {processor.py:809} INFO - DAG(s) dict_keys(['extract']) retrieved from /opt/airflow/dags/extract.py
[2025-05-02T13:39:39.218+0000] {logging_mixin.py:149} INFO - [2025-05-02T13:39:39.217+0000] {dag.py:2726} INFO - Sync 1 DAGs
[2025-05-02T13:39:39.255+0000] {logging_mixin.py:149} INFO - [2025-05-02T13:39:39.254+0000] {dag.py:3490} INFO - Setting next_dagrun for extract to 2025-05-02T00:00:00+00:00, run_after=2025-05-03T00:00:00+00:00
[2025-05-02T13:39:39.302+0000] {processor.py:178} INFO - Processing /opt/airflow/dags/extract.py took 0.937 seconds
[2025-05-02T13:40:09.615+0000] {processor.py:156} INFO - Started process (PID=5017) to work on /opt/airflow/dags/extract.py
[2025-05-02T13:40:09.616+0000] {processor.py:799} INFO - Processing file /opt/airflow/dags/extract.py for tasks to queue
[2025-05-02T13:40:09.618+0000] {logging_mixin.py:149} INFO - [2025-05-02T13:40:09.618+0000] {dagbag.py:541} INFO - Filling up the DagBag from /opt/airflow/dags/extract.py
[2025-05-02T13:40:10.229+0000] {processor.py:809} INFO - DAG(s) dict_keys(['extract']) retrieved from /opt/airflow/dags/extract.py
[2025-05-02T13:40:10.273+0000] {logging_mixin.py:149} INFO - [2025-05-02T13:40:10.272+0000] {dag.py:2726} INFO - Sync 1 DAGs
[2025-05-02T13:40:10.513+0000] {logging_mixin.py:149} INFO - [2025-05-02T13:40:10.513+0000] {dag.py:3490} INFO - Setting next_dagrun for extract to 2025-05-02T00:00:00+00:00, run_after=2025-05-03T00:00:00+00:00
[2025-05-02T13:40:10.560+0000] {processor.py:178} INFO - Processing /opt/airflow/dags/extract.py took 0.950 seconds
[2025-05-02T13:40:40.879+0000] {processor.py:156} INFO - Started process (PID=5051) to work on /opt/airflow/dags/extract.py
[2025-05-02T13:40:40.880+0000] {processor.py:799} INFO - Processing file /opt/airflow/dags/extract.py for tasks to queue
[2025-05-02T13:40:40.882+0000] {logging_mixin.py:149} INFO - [2025-05-02T13:40:40.882+0000] {dagbag.py:541} INFO - Filling up the DagBag from /opt/airflow/dags/extract.py
[2025-05-02T13:40:41.449+0000] {processor.py:809} INFO - DAG(s) dict_keys(['extract']) retrieved from /opt/airflow/dags/extract.py
[2025-05-02T13:40:41.495+0000] {logging_mixin.py:149} INFO - [2025-05-02T13:40:41.493+0000] {dag.py:2726} INFO - Sync 1 DAGs
[2025-05-02T13:40:41.803+0000] {logging_mixin.py:149} INFO - [2025-05-02T13:40:41.802+0000] {dag.py:3490} INFO - Setting next_dagrun for extract to 2025-05-02T00:00:00+00:00, run_after=2025-05-03T00:00:00+00:00
[2025-05-02T13:40:41.940+0000] {processor.py:178} INFO - Processing /opt/airflow/dags/extract.py took 1.066 seconds
[2025-05-02T13:42:06.819+0000] {processor.py:156} INFO - Started process (PID=5085) to work on /opt/airflow/dags/extract.py
[2025-05-02T13:42:06.829+0000] {processor.py:799} INFO - Processing file /opt/airflow/dags/extract.py for tasks to queue
[2025-05-02T13:42:06.833+0000] {logging_mixin.py:149} INFO - [2025-05-02T13:42:06.833+0000] {dagbag.py:541} INFO - Filling up the DagBag from /opt/airflow/dags/extract.py
[2025-05-02T13:42:14.813+0000] {processor.py:809} INFO - DAG(s) dict_keys(['extract']) retrieved from /opt/airflow/dags/extract.py
[2025-05-02T13:42:15.982+0000] {logging_mixin.py:149} INFO - [2025-05-02T13:42:15.980+0000] {dag.py:2726} INFO - Sync 1 DAGs
[2025-05-02T13:42:16.067+0000] {logging_mixin.py:149} INFO - [2025-05-02T13:42:16.066+0000] {dag.py:3490} INFO - Setting next_dagrun for extract to 2025-05-02T00:00:00+00:00, run_after=2025-05-03T00:00:00+00:00
[2025-05-02T13:42:16.159+0000] {processor.py:178} INFO - Processing /opt/airflow/dags/extract.py took 9.361 seconds
[2025-05-02T13:42:46.850+0000] {processor.py:156} INFO - Started process (PID=5121) to work on /opt/airflow/dags/extract.py
[2025-05-02T13:42:46.854+0000] {processor.py:799} INFO - Processing file /opt/airflow/dags/extract.py for tasks to queue
[2025-05-02T13:42:46.856+0000] {logging_mixin.py:149} INFO - [2025-05-02T13:42:46.856+0000] {dagbag.py:541} INFO - Filling up the DagBag from /opt/airflow/dags/extract.py
[2025-05-02T13:42:47.495+0000] {processor.py:809} INFO - DAG(s) dict_keys(['extract']) retrieved from /opt/airflow/dags/extract.py
[2025-05-02T13:42:47.555+0000] {logging_mixin.py:149} INFO - [2025-05-02T13:42:47.554+0000] {dag.py:2726} INFO - Sync 1 DAGs
[2025-05-02T13:42:47.873+0000] {logging_mixin.py:149} INFO - [2025-05-02T13:42:47.873+0000] {dag.py:3490} INFO - Setting next_dagrun for extract to 2025-05-02T00:00:00+00:00, run_after=2025-05-03T00:00:00+00:00
[2025-05-02T13:42:47.923+0000] {processor.py:178} INFO - Processing /opt/airflow/dags/extract.py took 1.093 seconds
[2025-05-02T13:43:18.216+0000] {processor.py:156} INFO - Started process (PID=5155) to work on /opt/airflow/dags/extract.py
[2025-05-02T13:43:18.218+0000] {processor.py:799} INFO - Processing file /opt/airflow/dags/extract.py for tasks to queue
[2025-05-02T13:43:18.220+0000] {logging_mixin.py:149} INFO - [2025-05-02T13:43:18.220+0000] {dagbag.py:541} INFO - Filling up the DagBag from /opt/airflow/dags/extract.py
[2025-05-02T13:43:18.903+0000] {processor.py:809} INFO - DAG(s) dict_keys(['extract']) retrieved from /opt/airflow/dags/extract.py
[2025-05-02T13:43:19.041+0000] {logging_mixin.py:149} INFO - [2025-05-02T13:43:19.039+0000] {dag.py:2726} INFO - Sync 1 DAGs
[2025-05-02T13:43:19.401+0000] {logging_mixin.py:149} INFO - [2025-05-02T13:43:19.401+0000] {dag.py:3490} INFO - Setting next_dagrun for extract to 2025-05-02T00:00:00+00:00, run_after=2025-05-03T00:00:00+00:00
[2025-05-02T13:43:19.461+0000] {processor.py:178} INFO - Processing /opt/airflow/dags/extract.py took 1.250 seconds
[2025-05-02T13:43:49.723+0000] {processor.py:156} INFO - Started process (PID=5189) to work on /opt/airflow/dags/extract.py
[2025-05-02T13:43:49.725+0000] {processor.py:799} INFO - Processing file /opt/airflow/dags/extract.py for tasks to queue
[2025-05-02T13:43:49.727+0000] {logging_mixin.py:149} INFO - [2025-05-02T13:43:49.727+0000] {dagbag.py:541} INFO - Filling up the DagBag from /opt/airflow/dags/extract.py
[2025-05-02T13:43:50.671+0000] {processor.py:809} INFO - DAG(s) dict_keys(['extract']) retrieved from /opt/airflow/dags/extract.py
[2025-05-02T13:43:51.102+0000] {logging_mixin.py:149} INFO - [2025-05-02T13:43:51.101+0000] {dag.py:2726} INFO - Sync 1 DAGs
[2025-05-02T13:43:51.168+0000] {logging_mixin.py:149} INFO - [2025-05-02T13:43:51.167+0000] {dag.py:3490} INFO - Setting next_dagrun for extract to 2025-05-02T00:00:00+00:00, run_after=2025-05-03T00:00:00+00:00
[2025-05-02T13:43:51.241+0000] {processor.py:178} INFO - Processing /opt/airflow/dags/extract.py took 1.525 seconds
[2025-05-02T13:44:21.841+0000] {processor.py:156} INFO - Started process (PID=5223) to work on /opt/airflow/dags/extract.py
[2025-05-02T13:44:21.844+0000] {processor.py:799} INFO - Processing file /opt/airflow/dags/extract.py for tasks to queue
[2025-05-02T13:44:21.847+0000] {logging_mixin.py:149} INFO - [2025-05-02T13:44:21.846+0000] {dagbag.py:541} INFO - Filling up the DagBag from /opt/airflow/dags/extract.py
[2025-05-02T13:44:22.720+0000] {processor.py:809} INFO - DAG(s) dict_keys(['extract']) retrieved from /opt/airflow/dags/extract.py
[2025-05-02T13:44:22.871+0000] {logging_mixin.py:149} INFO - [2025-05-02T13:44:22.869+0000] {dag.py:2726} INFO - Sync 1 DAGs
[2025-05-02T13:44:23.466+0000] {logging_mixin.py:149} INFO - [2025-05-02T13:44:23.465+0000] {dag.py:3490} INFO - Setting next_dagrun for extract to 2025-05-02T00:00:00+00:00, run_after=2025-05-03T00:00:00+00:00
[2025-05-02T13:44:23.605+0000] {processor.py:178} INFO - Processing /opt/airflow/dags/extract.py took 1.772 seconds
[2025-05-02T13:44:54.186+0000] {processor.py:156} INFO - Started process (PID=5257) to work on /opt/airflow/dags/extract.py
[2025-05-02T13:44:54.190+0000] {processor.py:799} INFO - Processing file /opt/airflow/dags/extract.py for tasks to queue
[2025-05-02T13:44:54.193+0000] {logging_mixin.py:149} INFO - [2025-05-02T13:44:54.193+0000] {dagbag.py:541} INFO - Filling up the DagBag from /opt/airflow/dags/extract.py
[2025-05-02T13:44:55.466+0000] {processor.py:809} INFO - DAG(s) dict_keys(['extract']) retrieved from /opt/airflow/dags/extract.py
[2025-05-02T13:44:55.552+0000] {logging_mixin.py:149} INFO - [2025-05-02T13:44:55.546+0000] {dag.py:2726} INFO - Sync 1 DAGs
[2025-05-02T13:44:56.011+0000] {logging_mixin.py:149} INFO - [2025-05-02T13:44:56.011+0000] {dag.py:3490} INFO - Setting next_dagrun for extract to 2025-05-02T00:00:00+00:00, run_after=2025-05-03T00:00:00+00:00
[2025-05-02T13:44:56.082+0000] {processor.py:178} INFO - Processing /opt/airflow/dags/extract.py took 1.903 seconds
[2025-05-02T13:45:26.650+0000] {processor.py:156} INFO - Started process (PID=5291) to work on /opt/airflow/dags/extract.py
[2025-05-02T13:45:26.655+0000] {processor.py:799} INFO - Processing file /opt/airflow/dags/extract.py for tasks to queue
[2025-05-02T13:45:26.658+0000] {logging_mixin.py:149} INFO - [2025-05-02T13:45:26.657+0000] {dagbag.py:541} INFO - Filling up the DagBag from /opt/airflow/dags/extract.py
[2025-05-02T13:45:27.611+0000] {processor.py:809} INFO - DAG(s) dict_keys(['extract']) retrieved from /opt/airflow/dags/extract.py
[2025-05-02T13:45:27.973+0000] {logging_mixin.py:149} INFO - [2025-05-02T13:45:27.972+0000] {dag.py:2726} INFO - Sync 1 DAGs
[2025-05-02T13:45:28.052+0000] {logging_mixin.py:149} INFO - [2025-05-02T13:45:28.051+0000] {dag.py:3490} INFO - Setting next_dagrun for extract to 2025-05-02T00:00:00+00:00, run_after=2025-05-03T00:00:00+00:00
[2025-05-02T13:45:28.118+0000] {processor.py:178} INFO - Processing /opt/airflow/dags/extract.py took 1.475 seconds
[2025-05-02T13:45:58.747+0000] {processor.py:156} INFO - Started process (PID=5325) to work on /opt/airflow/dags/extract.py
[2025-05-02T13:45:58.758+0000] {processor.py:799} INFO - Processing file /opt/airflow/dags/extract.py for tasks to queue
[2025-05-02T13:45:58.761+0000] {logging_mixin.py:149} INFO - [2025-05-02T13:45:58.760+0000] {dagbag.py:541} INFO - Filling up the DagBag from /opt/airflow/dags/extract.py
[2025-05-02T13:45:59.821+0000] {processor.py:809} INFO - DAG(s) dict_keys(['extract']) retrieved from /opt/airflow/dags/extract.py
[2025-05-02T13:45:59.878+0000] {logging_mixin.py:149} INFO - [2025-05-02T13:45:59.877+0000] {dag.py:2726} INFO - Sync 1 DAGs
[2025-05-02T13:46:00.193+0000] {logging_mixin.py:149} INFO - [2025-05-02T13:46:00.193+0000] {dag.py:3490} INFO - Setting next_dagrun for extract to 2025-05-02T00:00:00+00:00, run_after=2025-05-03T00:00:00+00:00
[2025-05-02T13:46:00.253+0000] {processor.py:178} INFO - Processing /opt/airflow/dags/extract.py took 1.533 seconds
[2025-05-02T13:46:30.727+0000] {processor.py:156} INFO - Started process (PID=5359) to work on /opt/airflow/dags/extract.py
[2025-05-02T13:46:30.730+0000] {processor.py:799} INFO - Processing file /opt/airflow/dags/extract.py for tasks to queue
[2025-05-02T13:46:30.733+0000] {logging_mixin.py:149} INFO - [2025-05-02T13:46:30.733+0000] {dagbag.py:541} INFO - Filling up the DagBag from /opt/airflow/dags/extract.py
[2025-05-02T13:46:31.712+0000] {processor.py:809} INFO - DAG(s) dict_keys(['extract']) retrieved from /opt/airflow/dags/extract.py
[2025-05-02T13:46:31.845+0000] {logging_mixin.py:149} INFO - [2025-05-02T13:46:31.836+0000] {dag.py:2726} INFO - Sync 1 DAGs
[2025-05-02T13:46:32.383+0000] {logging_mixin.py:149} INFO - [2025-05-02T13:46:32.382+0000] {dag.py:3490} INFO - Setting next_dagrun for extract to 2025-05-02T00:00:00+00:00, run_after=2025-05-03T00:00:00+00:00
[2025-05-02T13:46:32.493+0000] {processor.py:178} INFO - Processing /opt/airflow/dags/extract.py took 1.776 seconds
[2025-05-02T13:47:03.170+0000] {processor.py:156} INFO - Started process (PID=5393) to work on /opt/airflow/dags/extract.py
[2025-05-02T13:47:03.195+0000] {processor.py:799} INFO - Processing file /opt/airflow/dags/extract.py for tasks to queue
[2025-05-02T13:47:03.197+0000] {logging_mixin.py:149} INFO - [2025-05-02T13:47:03.196+0000] {dagbag.py:541} INFO - Filling up the DagBag from /opt/airflow/dags/extract.py
[2025-05-02T13:47:04.472+0000] {processor.py:809} INFO - DAG(s) dict_keys(['extract']) retrieved from /opt/airflow/dags/extract.py
[2025-05-02T13:47:04.892+0000] {logging_mixin.py:149} INFO - [2025-05-02T13:47:04.890+0000] {dag.py:2726} INFO - Sync 1 DAGs
[2025-05-02T13:47:04.956+0000] {logging_mixin.py:149} INFO - [2025-05-02T13:47:04.956+0000] {dag.py:3490} INFO - Setting next_dagrun for extract to 2025-05-02T00:00:00+00:00, run_after=2025-05-03T00:00:00+00:00
[2025-05-02T13:47:05.021+0000] {processor.py:178} INFO - Processing /opt/airflow/dags/extract.py took 2.049 seconds
[2025-05-02T13:47:35.595+0000] {processor.py:156} INFO - Started process (PID=5427) to work on /opt/airflow/dags/extract.py
[2025-05-02T13:47:35.598+0000] {processor.py:799} INFO - Processing file /opt/airflow/dags/extract.py for tasks to queue
[2025-05-02T13:47:35.601+0000] {logging_mixin.py:149} INFO - [2025-05-02T13:47:35.600+0000] {dagbag.py:541} INFO - Filling up the DagBag from /opt/airflow/dags/extract.py
[2025-05-02T13:47:36.634+0000] {processor.py:809} INFO - DAG(s) dict_keys(['extract']) retrieved from /opt/airflow/dags/extract.py
[2025-05-02T13:47:36.780+0000] {logging_mixin.py:149} INFO - [2025-05-02T13:47:36.779+0000] {dag.py:2726} INFO - Sync 1 DAGs
[2025-05-02T13:47:37.122+0000] {logging_mixin.py:149} INFO - [2025-05-02T13:47:37.121+0000] {dag.py:3490} INFO - Setting next_dagrun for extract to 2025-05-02T00:00:00+00:00, run_after=2025-05-03T00:00:00+00:00
[2025-05-02T13:47:37.191+0000] {processor.py:178} INFO - Processing /opt/airflow/dags/extract.py took 1.605 seconds
[2025-05-02T13:48:07.810+0000] {processor.py:156} INFO - Started process (PID=5461) to work on /opt/airflow/dags/extract.py
[2025-05-02T13:48:07.812+0000] {processor.py:799} INFO - Processing file /opt/airflow/dags/extract.py for tasks to queue
[2025-05-02T13:48:07.814+0000] {logging_mixin.py:149} INFO - [2025-05-02T13:48:07.814+0000] {dagbag.py:541} INFO - Filling up the DagBag from /opt/airflow/dags/extract.py
[2025-05-02T13:48:08.772+0000] {processor.py:809} INFO - DAG(s) dict_keys(['extract']) retrieved from /opt/airflow/dags/extract.py
[2025-05-02T13:48:08.843+0000] {logging_mixin.py:149} INFO - [2025-05-02T13:48:08.840+0000] {dag.py:2726} INFO - Sync 1 DAGs
[2025-05-02T13:48:09.145+0000] {logging_mixin.py:149} INFO - [2025-05-02T13:48:09.144+0000] {dag.py:3490} INFO - Setting next_dagrun for extract to 2025-05-02T00:00:00+00:00, run_after=2025-05-03T00:00:00+00:00
[2025-05-02T13:48:09.209+0000] {processor.py:178} INFO - Processing /opt/airflow/dags/extract.py took 1.406 seconds
[2025-05-02T13:48:39.750+0000] {processor.py:156} INFO - Started process (PID=5495) to work on /opt/airflow/dags/extract.py
[2025-05-02T13:48:39.754+0000] {processor.py:799} INFO - Processing file /opt/airflow/dags/extract.py for tasks to queue
[2025-05-02T13:48:39.757+0000] {logging_mixin.py:149} INFO - [2025-05-02T13:48:39.756+0000] {dagbag.py:541} INFO - Filling up the DagBag from /opt/airflow/dags/extract.py
[2025-05-02T13:48:40.742+0000] {processor.py:809} INFO - DAG(s) dict_keys(['extract']) retrieved from /opt/airflow/dags/extract.py
[2025-05-02T13:48:41.180+0000] {logging_mixin.py:149} INFO - [2025-05-02T13:48:41.179+0000] {dag.py:2726} INFO - Sync 1 DAGs
[2025-05-02T13:48:41.235+0000] {logging_mixin.py:149} INFO - [2025-05-02T13:48:41.235+0000] {dag.py:3490} INFO - Setting next_dagrun for extract to 2025-05-02T00:00:00+00:00, run_after=2025-05-03T00:00:00+00:00
[2025-05-02T13:48:41.296+0000] {processor.py:178} INFO - Processing /opt/airflow/dags/extract.py took 1.554 seconds
[2025-05-02T13:49:11.894+0000] {processor.py:156} INFO - Started process (PID=5529) to work on /opt/airflow/dags/extract.py
[2025-05-02T13:49:11.898+0000] {processor.py:799} INFO - Processing file /opt/airflow/dags/extract.py for tasks to queue
[2025-05-02T13:49:11.901+0000] {logging_mixin.py:149} INFO - [2025-05-02T13:49:11.900+0000] {dagbag.py:541} INFO - Filling up the DagBag from /opt/airflow/dags/extract.py
[2025-05-02T13:49:13.003+0000] {processor.py:809} INFO - DAG(s) dict_keys(['extract']) retrieved from /opt/airflow/dags/extract.py
[2025-05-02T13:49:13.076+0000] {logging_mixin.py:149} INFO - [2025-05-02T13:49:13.074+0000] {dag.py:2726} INFO - Sync 1 DAGs
[2025-05-02T13:49:13.717+0000] {logging_mixin.py:149} INFO - [2025-05-02T13:49:13.717+0000] {dag.py:3490} INFO - Setting next_dagrun for extract to 2025-05-02T00:00:00+00:00, run_after=2025-05-03T00:00:00+00:00
[2025-05-02T13:49:13.814+0000] {processor.py:178} INFO - Processing /opt/airflow/dags/extract.py took 1.930 seconds
[2025-05-02T13:49:44.278+0000] {processor.py:156} INFO - Started process (PID=5563) to work on /opt/airflow/dags/extract.py
[2025-05-02T13:49:44.281+0000] {processor.py:799} INFO - Processing file /opt/airflow/dags/extract.py for tasks to queue
[2025-05-02T13:49:44.283+0000] {logging_mixin.py:149} INFO - [2025-05-02T13:49:44.282+0000] {dagbag.py:541} INFO - Filling up the DagBag from /opt/airflow/dags/extract.py
[2025-05-02T13:49:45.219+0000] {processor.py:809} INFO - DAG(s) dict_keys(['extract']) retrieved from /opt/airflow/dags/extract.py
[2025-05-02T13:49:45.291+0000] {logging_mixin.py:149} INFO - [2025-05-02T13:49:45.289+0000] {dag.py:2726} INFO - Sync 1 DAGs
[2025-05-02T13:49:45.651+0000] {logging_mixin.py:149} INFO - [2025-05-02T13:49:45.650+0000] {dag.py:3490} INFO - Setting next_dagrun for extract to 2025-05-02T00:00:00+00:00, run_after=2025-05-03T00:00:00+00:00
[2025-05-02T13:49:45.714+0000] {processor.py:178} INFO - Processing /opt/airflow/dags/extract.py took 1.444 seconds
[2025-05-02T13:50:16.231+0000] {processor.py:156} INFO - Started process (PID=5597) to work on /opt/airflow/dags/extract.py
[2025-05-02T13:50:16.233+0000] {processor.py:799} INFO - Processing file /opt/airflow/dags/extract.py for tasks to queue
[2025-05-02T13:50:16.236+0000] {logging_mixin.py:149} INFO - [2025-05-02T13:50:16.235+0000] {dagbag.py:541} INFO - Filling up the DagBag from /opt/airflow/dags/extract.py
[2025-05-02T13:50:17.221+0000] {processor.py:809} INFO - DAG(s) dict_keys(['extract']) retrieved from /opt/airflow/dags/extract.py
[2025-05-02T13:50:17.665+0000] {logging_mixin.py:149} INFO - [2025-05-02T13:50:17.664+0000] {dag.py:2726} INFO - Sync 1 DAGs
[2025-05-02T13:50:17.788+0000] {logging_mixin.py:149} INFO - [2025-05-02T13:50:17.788+0000] {dag.py:3490} INFO - Setting next_dagrun for extract to 2025-05-02T00:00:00+00:00, run_after=2025-05-03T00:00:00+00:00
[2025-05-02T13:50:17.846+0000] {processor.py:178} INFO - Processing /opt/airflow/dags/extract.py took 1.628 seconds
[2025-05-02T13:50:48.406+0000] {processor.py:156} INFO - Started process (PID=5631) to work on /opt/airflow/dags/extract.py
[2025-05-02T13:50:48.409+0000] {processor.py:799} INFO - Processing file /opt/airflow/dags/extract.py for tasks to queue
[2025-05-02T13:50:48.412+0000] {logging_mixin.py:149} INFO - [2025-05-02T13:50:48.411+0000] {dagbag.py:541} INFO - Filling up the DagBag from /opt/airflow/dags/extract.py
[2025-05-02T13:50:49.507+0000] {processor.py:809} INFO - DAG(s) dict_keys(['extract']) retrieved from /opt/airflow/dags/extract.py
[2025-05-02T13:50:49.575+0000] {logging_mixin.py:149} INFO - [2025-05-02T13:50:49.574+0000] {dag.py:2726} INFO - Sync 1 DAGs
[2025-05-02T13:50:49.955+0000] {logging_mixin.py:149} INFO - [2025-05-02T13:50:49.955+0000] {dag.py:3490} INFO - Setting next_dagrun for extract to 2025-05-02T00:00:00+00:00, run_after=2025-05-03T00:00:00+00:00
[2025-05-02T13:50:50.024+0000] {processor.py:178} INFO - Processing /opt/airflow/dags/extract.py took 1.639 seconds
[2025-05-02T13:51:20.504+0000] {processor.py:156} INFO - Started process (PID=5665) to work on /opt/airflow/dags/extract.py
[2025-05-02T13:51:20.508+0000] {processor.py:799} INFO - Processing file /opt/airflow/dags/extract.py for tasks to queue
[2025-05-02T13:51:20.510+0000] {logging_mixin.py:149} INFO - [2025-05-02T13:51:20.509+0000] {dagbag.py:541} INFO - Filling up the DagBag from /opt/airflow/dags/extract.py
[2025-05-02T13:51:21.430+0000] {processor.py:809} INFO - DAG(s) dict_keys(['extract']) retrieved from /opt/airflow/dags/extract.py
[2025-05-02T13:51:21.509+0000] {logging_mixin.py:149} INFO - [2025-05-02T13:51:21.503+0000] {dag.py:2726} INFO - Sync 1 DAGs
[2025-05-02T13:51:21.928+0000] {logging_mixin.py:149} INFO - [2025-05-02T13:51:21.928+0000] {dag.py:3490} INFO - Setting next_dagrun for extract to 2025-05-02T00:00:00+00:00, run_after=2025-05-03T00:00:00+00:00
[2025-05-02T13:51:22.069+0000] {processor.py:178} INFO - Processing /opt/airflow/dags/extract.py took 1.579 seconds
[2025-05-02T13:51:52.506+0000] {processor.py:156} INFO - Started process (PID=5699) to work on /opt/airflow/dags/extract.py
[2025-05-02T13:51:52.508+0000] {processor.py:799} INFO - Processing file /opt/airflow/dags/extract.py for tasks to queue
[2025-05-02T13:51:52.510+0000] {logging_mixin.py:149} INFO - [2025-05-02T13:51:52.510+0000] {dagbag.py:541} INFO - Filling up the DagBag from /opt/airflow/dags/extract.py
[2025-05-02T13:51:53.581+0000] {processor.py:809} INFO - DAG(s) dict_keys(['extract']) retrieved from /opt/airflow/dags/extract.py
[2025-05-02T13:51:54.135+0000] {logging_mixin.py:149} INFO - [2025-05-02T13:51:54.134+0000] {dag.py:2726} INFO - Sync 1 DAGs
[2025-05-02T13:51:54.193+0000] {logging_mixin.py:149} INFO - [2025-05-02T13:51:54.192+0000] {dag.py:3490} INFO - Setting next_dagrun for extract to 2025-05-02T00:00:00+00:00, run_after=2025-05-03T00:00:00+00:00
[2025-05-02T13:51:54.260+0000] {processor.py:178} INFO - Processing /opt/airflow/dags/extract.py took 1.763 seconds
[2025-05-02T13:52:24.782+0000] {processor.py:156} INFO - Started process (PID=5733) to work on /opt/airflow/dags/extract.py
[2025-05-02T13:52:24.785+0000] {processor.py:799} INFO - Processing file /opt/airflow/dags/extract.py for tasks to queue
[2025-05-02T13:52:24.788+0000] {logging_mixin.py:149} INFO - [2025-05-02T13:52:24.787+0000] {dagbag.py:541} INFO - Filling up the DagBag from /opt/airflow/dags/extract.py
[2025-05-02T13:52:25.767+0000] {processor.py:809} INFO - DAG(s) dict_keys(['extract']) retrieved from /opt/airflow/dags/extract.py
[2025-05-02T13:52:25.941+0000] {logging_mixin.py:149} INFO - [2025-05-02T13:52:25.938+0000] {dag.py:2726} INFO - Sync 1 DAGs
[2025-05-02T13:52:26.413+0000] {logging_mixin.py:149} INFO - [2025-05-02T13:52:26.412+0000] {dag.py:3490} INFO - Setting next_dagrun for extract to 2025-05-02T00:00:00+00:00, run_after=2025-05-03T00:00:00+00:00
[2025-05-02T13:52:26.539+0000] {processor.py:178} INFO - Processing /opt/airflow/dags/extract.py took 1.766 seconds
[2025-05-02T13:52:57.098+0000] {processor.py:156} INFO - Started process (PID=5767) to work on /opt/airflow/dags/extract.py
[2025-05-02T13:52:57.101+0000] {processor.py:799} INFO - Processing file /opt/airflow/dags/extract.py for tasks to queue
[2025-05-02T13:52:57.104+0000] {logging_mixin.py:149} INFO - [2025-05-02T13:52:57.103+0000] {dagbag.py:541} INFO - Filling up the DagBag from /opt/airflow/dags/extract.py
[2025-05-02T13:52:58.065+0000] {processor.py:809} INFO - DAG(s) dict_keys(['extract']) retrieved from /opt/airflow/dags/extract.py
[2025-05-02T13:52:58.161+0000] {logging_mixin.py:149} INFO - [2025-05-02T13:52:58.158+0000] {dag.py:2726} INFO - Sync 1 DAGs
[2025-05-02T13:52:58.628+0000] {logging_mixin.py:149} INFO - [2025-05-02T13:52:58.627+0000] {dag.py:3490} INFO - Setting next_dagrun for extract to 2025-05-02T00:00:00+00:00, run_after=2025-05-03T00:00:00+00:00
[2025-05-02T13:52:58.754+0000] {processor.py:178} INFO - Processing /opt/airflow/dags/extract.py took 1.664 seconds
[2025-05-02T13:53:29.198+0000] {processor.py:156} INFO - Started process (PID=5801) to work on /opt/airflow/dags/extract.py
[2025-05-02T13:53:29.201+0000] {processor.py:799} INFO - Processing file /opt/airflow/dags/extract.py for tasks to queue
[2025-05-02T13:53:29.203+0000] {logging_mixin.py:149} INFO - [2025-05-02T13:53:29.203+0000] {dagbag.py:541} INFO - Filling up the DagBag from /opt/airflow/dags/extract.py
[2025-05-02T13:53:30.211+0000] {processor.py:809} INFO - DAG(s) dict_keys(['extract']) retrieved from /opt/airflow/dags/extract.py
[2025-05-02T13:53:30.612+0000] {logging_mixin.py:149} INFO - [2025-05-02T13:53:30.611+0000] {dag.py:2726} INFO - Sync 1 DAGs
[2025-05-02T13:53:30.667+0000] {logging_mixin.py:149} INFO - [2025-05-02T13:53:30.666+0000] {dag.py:3490} INFO - Setting next_dagrun for extract to 2025-05-02T00:00:00+00:00, run_after=2025-05-03T00:00:00+00:00
[2025-05-02T13:53:30.742+0000] {processor.py:178} INFO - Processing /opt/airflow/dags/extract.py took 1.553 seconds
[2025-05-02T13:54:01.252+0000] {processor.py:156} INFO - Started process (PID=5835) to work on /opt/airflow/dags/extract.py
[2025-05-02T13:54:01.254+0000] {processor.py:799} INFO - Processing file /opt/airflow/dags/extract.py for tasks to queue
[2025-05-02T13:54:01.256+0000] {logging_mixin.py:149} INFO - [2025-05-02T13:54:01.256+0000] {dagbag.py:541} INFO - Filling up the DagBag from /opt/airflow/dags/extract.py
[2025-05-02T13:54:02.508+0000] {processor.py:809} INFO - DAG(s) dict_keys(['extract']) retrieved from /opt/airflow/dags/extract.py
[2025-05-02T13:54:02.566+0000] {logging_mixin.py:149} INFO - [2025-05-02T13:54:02.565+0000] {dag.py:2726} INFO - Sync 1 DAGs
[2025-05-02T13:54:02.631+0000] {logging_mixin.py:149} INFO - [2025-05-02T13:54:02.630+0000] {dag.py:3490} INFO - Setting next_dagrun for extract to 2025-05-02T00:00:00+00:00, run_after=2025-05-03T00:00:00+00:00
[2025-05-02T13:54:02.695+0000] {processor.py:178} INFO - Processing /opt/airflow/dags/extract.py took 1.452 seconds
[2025-05-02T13:54:33.169+0000] {processor.py:156} INFO - Started process (PID=5869) to work on /opt/airflow/dags/extract.py
[2025-05-02T13:54:33.172+0000] {processor.py:799} INFO - Processing file /opt/airflow/dags/extract.py for tasks to queue
[2025-05-02T13:54:33.174+0000] {logging_mixin.py:149} INFO - [2025-05-02T13:54:33.174+0000] {dagbag.py:541} INFO - Filling up the DagBag from /opt/airflow/dags/extract.py
[2025-05-02T13:54:34.475+0000] {processor.py:809} INFO - DAG(s) dict_keys(['extract']) retrieved from /opt/airflow/dags/extract.py
[2025-05-02T13:54:34.563+0000] {logging_mixin.py:149} INFO - [2025-05-02T13:54:34.559+0000] {dag.py:2726} INFO - Sync 1 DAGs
[2025-05-02T13:54:34.982+0000] {logging_mixin.py:149} INFO - [2025-05-02T13:54:34.981+0000] {dag.py:3490} INFO - Setting next_dagrun for extract to 2025-05-02T00:00:00+00:00, run_after=2025-05-03T00:00:00+00:00
[2025-05-02T13:54:35.049+0000] {processor.py:178} INFO - Processing /opt/airflow/dags/extract.py took 1.896 seconds
[2025-05-02T13:55:05.567+0000] {processor.py:156} INFO - Started process (PID=5903) to work on /opt/airflow/dags/extract.py
[2025-05-02T13:55:05.570+0000] {processor.py:799} INFO - Processing file /opt/airflow/dags/extract.py for tasks to queue
[2025-05-02T13:55:05.573+0000] {logging_mixin.py:149} INFO - [2025-05-02T13:55:05.572+0000] {dagbag.py:541} INFO - Filling up the DagBag from /opt/airflow/dags/extract.py
[2025-05-02T13:55:06.491+0000] {processor.py:809} INFO - DAG(s) dict_keys(['extract']) retrieved from /opt/airflow/dags/extract.py
[2025-05-02T13:55:06.971+0000] {logging_mixin.py:149} INFO - [2025-05-02T13:55:06.970+0000] {dag.py:2726} INFO - Sync 1 DAGs
[2025-05-02T13:55:07.021+0000] {logging_mixin.py:149} INFO - [2025-05-02T13:55:07.020+0000] {dag.py:3490} INFO - Setting next_dagrun for extract to 2025-05-02T00:00:00+00:00, run_after=2025-05-03T00:00:00+00:00
[2025-05-02T13:55:07.088+0000] {processor.py:178} INFO - Processing /opt/airflow/dags/extract.py took 1.530 seconds
[2025-05-02T13:55:37.513+0000] {processor.py:156} INFO - Started process (PID=5937) to work on /opt/airflow/dags/extract.py
[2025-05-02T13:55:37.515+0000] {processor.py:799} INFO - Processing file /opt/airflow/dags/extract.py for tasks to queue
[2025-05-02T13:55:37.517+0000] {logging_mixin.py:149} INFO - [2025-05-02T13:55:37.517+0000] {dagbag.py:541} INFO - Filling up the DagBag from /opt/airflow/dags/extract.py
[2025-05-02T13:55:38.847+0000] {processor.py:809} INFO - DAG(s) dict_keys(['extract']) retrieved from /opt/airflow/dags/extract.py
[2025-05-02T13:55:38.972+0000] {logging_mixin.py:149} INFO - [2025-05-02T13:55:38.971+0000] {dag.py:2726} INFO - Sync 1 DAGs
[2025-05-02T13:55:39.042+0000] {logging_mixin.py:149} INFO - [2025-05-02T13:55:39.041+0000] {dag.py:3490} INFO - Setting next_dagrun for extract to 2025-05-02T00:00:00+00:00, run_after=2025-05-03T00:00:00+00:00
[2025-05-02T13:55:39.117+0000] {processor.py:178} INFO - Processing /opt/airflow/dags/extract.py took 1.613 seconds
[2025-05-02T13:56:09.484+0000] {processor.py:156} INFO - Started process (PID=5971) to work on /opt/airflow/dags/extract.py
[2025-05-02T13:56:09.487+0000] {processor.py:799} INFO - Processing file /opt/airflow/dags/extract.py for tasks to queue
[2025-05-02T13:56:09.490+0000] {logging_mixin.py:149} INFO - [2025-05-02T13:56:09.489+0000] {dagbag.py:541} INFO - Filling up the DagBag from /opt/airflow/dags/extract.py
[2025-05-02T13:56:10.493+0000] {processor.py:809} INFO - DAG(s) dict_keys(['extract']) retrieved from /opt/airflow/dags/extract.py
[2025-05-02T13:56:10.570+0000] {logging_mixin.py:149} INFO - [2025-05-02T13:56:10.566+0000] {dag.py:2726} INFO - Sync 1 DAGs
[2025-05-02T13:56:10.915+0000] {logging_mixin.py:149} INFO - [2025-05-02T13:56:10.914+0000] {dag.py:3490} INFO - Setting next_dagrun for extract to 2025-05-02T00:00:00+00:00, run_after=2025-05-03T00:00:00+00:00
[2025-05-02T13:56:11.020+0000] {processor.py:178} INFO - Processing /opt/airflow/dags/extract.py took 1.547 seconds
[2025-05-02T13:56:41.539+0000] {processor.py:156} INFO - Started process (PID=6005) to work on /opt/airflow/dags/extract.py
[2025-05-02T13:56:41.541+0000] {processor.py:799} INFO - Processing file /opt/airflow/dags/extract.py for tasks to queue
[2025-05-02T13:56:41.544+0000] {logging_mixin.py:149} INFO - [2025-05-02T13:56:41.543+0000] {dagbag.py:541} INFO - Filling up the DagBag from /opt/airflow/dags/extract.py
[2025-05-02T13:56:42.564+0000] {processor.py:809} INFO - DAG(s) dict_keys(['extract']) retrieved from /opt/airflow/dags/extract.py
[2025-05-02T13:56:42.958+0000] {logging_mixin.py:149} INFO - [2025-05-02T13:56:42.957+0000] {dag.py:2726} INFO - Sync 1 DAGs
[2025-05-02T13:56:43.042+0000] {logging_mixin.py:149} INFO - [2025-05-02T13:56:43.041+0000] {dag.py:3490} INFO - Setting next_dagrun for extract to 2025-05-02T00:00:00+00:00, run_after=2025-05-03T00:00:00+00:00
[2025-05-02T13:56:43.113+0000] {processor.py:178} INFO - Processing /opt/airflow/dags/extract.py took 1.605 seconds
[2025-05-02T13:57:13.575+0000] {processor.py:156} INFO - Started process (PID=6039) to work on /opt/airflow/dags/extract.py
[2025-05-02T13:57:13.579+0000] {processor.py:799} INFO - Processing file /opt/airflow/dags/extract.py for tasks to queue
[2025-05-02T13:57:13.581+0000] {logging_mixin.py:149} INFO - [2025-05-02T13:57:13.581+0000] {dagbag.py:541} INFO - Filling up the DagBag from /opt/airflow/dags/extract.py
[2025-05-02T13:57:15.153+0000] {processor.py:809} INFO - DAG(s) dict_keys(['extract']) retrieved from /opt/airflow/dags/extract.py
[2025-05-02T13:57:15.214+0000] {logging_mixin.py:149} INFO - [2025-05-02T13:57:15.213+0000] {dag.py:2726} INFO - Sync 1 DAGs
[2025-05-02T13:57:15.265+0000] {logging_mixin.py:149} INFO - [2025-05-02T13:57:15.265+0000] {dag.py:3490} INFO - Setting next_dagrun for extract to 2025-05-02T00:00:00+00:00, run_after=2025-05-03T00:00:00+00:00
[2025-05-02T13:57:15.317+0000] {processor.py:178} INFO - Processing /opt/airflow/dags/extract.py took 1.752 seconds
[2025-05-02T13:57:45.945+0000] {processor.py:156} INFO - Started process (PID=6073) to work on /opt/airflow/dags/extract.py
[2025-05-02T13:57:45.948+0000] {processor.py:799} INFO - Processing file /opt/airflow/dags/extract.py for tasks to queue
[2025-05-02T13:57:45.951+0000] {logging_mixin.py:149} INFO - [2025-05-02T13:57:45.951+0000] {dagbag.py:541} INFO - Filling up the DagBag from /opt/airflow/dags/extract.py
[2025-05-02T13:57:47.008+0000] {processor.py:809} INFO - DAG(s) dict_keys(['extract']) retrieved from /opt/airflow/dags/extract.py
[2025-05-02T13:57:47.074+0000] {logging_mixin.py:149} INFO - [2025-05-02T13:57:47.072+0000] {dag.py:2726} INFO - Sync 1 DAGs
[2025-05-02T13:57:47.381+0000] {logging_mixin.py:149} INFO - [2025-05-02T13:57:47.381+0000] {dag.py:3490} INFO - Setting next_dagrun for extract to 2025-05-02T00:00:00+00:00, run_after=2025-05-03T00:00:00+00:00
[2025-05-02T13:57:47.439+0000] {processor.py:178} INFO - Processing /opt/airflow/dags/extract.py took 1.504 seconds
[2025-05-02T13:58:17.969+0000] {processor.py:156} INFO - Started process (PID=6107) to work on /opt/airflow/dags/extract.py
[2025-05-02T13:58:17.972+0000] {processor.py:799} INFO - Processing file /opt/airflow/dags/extract.py for tasks to queue
[2025-05-02T13:58:17.976+0000] {logging_mixin.py:149} INFO - [2025-05-02T13:58:17.975+0000] {dagbag.py:541} INFO - Filling up the DagBag from /opt/airflow/dags/extract.py
[2025-05-02T13:58:18.868+0000] {processor.py:809} INFO - DAG(s) dict_keys(['extract']) retrieved from /opt/airflow/dags/extract.py
[2025-05-02T13:58:19.290+0000] {logging_mixin.py:149} INFO - [2025-05-02T13:58:19.289+0000] {dag.py:2726} INFO - Sync 1 DAGs
[2025-05-02T13:58:19.348+0000] {logging_mixin.py:149} INFO - [2025-05-02T13:58:19.348+0000] {dag.py:3490} INFO - Setting next_dagrun for extract to 2025-05-02T00:00:00+00:00, run_after=2025-05-03T00:00:00+00:00
[2025-05-02T13:58:19.415+0000] {processor.py:178} INFO - Processing /opt/airflow/dags/extract.py took 1.456 seconds
[2025-05-02T13:58:49.896+0000] {processor.py:156} INFO - Started process (PID=6141) to work on /opt/airflow/dags/extract.py
[2025-05-02T13:58:49.899+0000] {processor.py:799} INFO - Processing file /opt/airflow/dags/extract.py for tasks to queue
[2025-05-02T13:58:49.902+0000] {logging_mixin.py:149} INFO - [2025-05-02T13:58:49.901+0000] {dagbag.py:541} INFO - Filling up the DagBag from /opt/airflow/dags/extract.py
[2025-05-02T13:58:51.147+0000] {processor.py:809} INFO - DAG(s) dict_keys(['extract']) retrieved from /opt/airflow/dags/extract.py
[2025-05-02T13:58:51.212+0000] {logging_mixin.py:149} INFO - [2025-05-02T13:58:51.210+0000] {dag.py:2726} INFO - Sync 1 DAGs
[2025-05-02T13:58:51.293+0000] {logging_mixin.py:149} INFO - [2025-05-02T13:58:51.293+0000] {dag.py:3490} INFO - Setting next_dagrun for extract to 2025-05-02T00:00:00+00:00, run_after=2025-05-03T00:00:00+00:00
[2025-05-02T13:58:51.375+0000] {processor.py:178} INFO - Processing /opt/airflow/dags/extract.py took 1.488 seconds
[2025-05-02T13:59:21.844+0000] {processor.py:156} INFO - Started process (PID=6175) to work on /opt/airflow/dags/extract.py
[2025-05-02T13:59:21.848+0000] {processor.py:799} INFO - Processing file /opt/airflow/dags/extract.py for tasks to queue
[2025-05-02T13:59:21.851+0000] {logging_mixin.py:149} INFO - [2025-05-02T13:59:21.850+0000] {dagbag.py:541} INFO - Filling up the DagBag from /opt/airflow/dags/extract.py
[2025-05-02T13:59:22.732+0000] {processor.py:809} INFO - DAG(s) dict_keys(['extract']) retrieved from /opt/airflow/dags/extract.py
[2025-05-02T13:59:22.812+0000] {logging_mixin.py:149} INFO - [2025-05-02T13:59:22.809+0000] {dag.py:2726} INFO - Sync 1 DAGs
[2025-05-02T13:59:23.128+0000] {logging_mixin.py:149} INFO - [2025-05-02T13:59:23.128+0000] {dag.py:3490} INFO - Setting next_dagrun for extract to 2025-05-02T00:00:00+00:00, run_after=2025-05-03T00:00:00+00:00
[2025-05-02T13:59:23.196+0000] {processor.py:178} INFO - Processing /opt/airflow/dags/extract.py took 1.356 seconds
[2025-05-02T13:59:53.611+0000] {processor.py:156} INFO - Started process (PID=6192) to work on /opt/airflow/dags/extract.py
[2025-05-02T13:59:53.614+0000] {processor.py:799} INFO - Processing file /opt/airflow/dags/extract.py for tasks to queue
[2025-05-02T13:59:53.616+0000] {logging_mixin.py:149} INFO - [2025-05-02T13:59:53.616+0000] {dagbag.py:541} INFO - Filling up the DagBag from /opt/airflow/dags/extract.py
[2025-05-02T13:59:54.737+0000] {processor.py:809} INFO - DAG(s) dict_keys(['extract']) retrieved from /opt/airflow/dags/extract.py
[2025-05-02T13:59:55.084+0000] {logging_mixin.py:149} INFO - [2025-05-02T13:59:55.083+0000] {dag.py:2726} INFO - Sync 1 DAGs
[2025-05-02T13:59:55.149+0000] {logging_mixin.py:149} INFO - [2025-05-02T13:59:55.148+0000] {dag.py:3490} INFO - Setting next_dagrun for extract to 2025-05-02T00:00:00+00:00, run_after=2025-05-03T00:00:00+00:00
[2025-05-02T13:59:55.209+0000] {processor.py:178} INFO - Processing /opt/airflow/dags/extract.py took 1.614 seconds
[2025-05-02T14:00:25.626+0000] {processor.py:156} INFO - Started process (PID=6209) to work on /opt/airflow/dags/extract.py
[2025-05-02T14:00:25.629+0000] {processor.py:799} INFO - Processing file /opt/airflow/dags/extract.py for tasks to queue
[2025-05-02T14:00:25.632+0000] {logging_mixin.py:149} INFO - [2025-05-02T14:00:25.632+0000] {dagbag.py:541} INFO - Filling up the DagBag from /opt/airflow/dags/extract.py
[2025-05-02T14:00:26.763+0000] {processor.py:809} INFO - DAG(s) dict_keys(['extract']) retrieved from /opt/airflow/dags/extract.py
[2025-05-02T14:00:26.837+0000] {logging_mixin.py:149} INFO - [2025-05-02T14:00:26.836+0000] {dag.py:2726} INFO - Sync 1 DAGs
[2025-05-02T14:00:26.929+0000] {logging_mixin.py:149} INFO - [2025-05-02T14:00:26.928+0000] {dag.py:3490} INFO - Setting next_dagrun for extract to 2025-05-02T00:00:00+00:00, run_after=2025-05-03T00:00:00+00:00
[2025-05-02T14:00:26.997+0000] {processor.py:178} INFO - Processing /opt/airflow/dags/extract.py took 1.376 seconds
[2025-05-02T14:00:57.509+0000] {processor.py:156} INFO - Started process (PID=6226) to work on /opt/airflow/dags/extract.py
[2025-05-02T14:00:57.512+0000] {processor.py:799} INFO - Processing file /opt/airflow/dags/extract.py for tasks to queue
[2025-05-02T14:00:57.515+0000] {logging_mixin.py:149} INFO - [2025-05-02T14:00:57.515+0000] {dagbag.py:541} INFO - Filling up the DagBag from /opt/airflow/dags/extract.py
[2025-05-02T14:00:58.695+0000] {processor.py:809} INFO - DAG(s) dict_keys(['extract']) retrieved from /opt/airflow/dags/extract.py
[2025-05-02T14:00:58.758+0000] {logging_mixin.py:149} INFO - [2025-05-02T14:00:58.758+0000] {dag.py:2726} INFO - Sync 1 DAGs
[2025-05-02T14:00:58.820+0000] {logging_mixin.py:149} INFO - [2025-05-02T14:00:58.819+0000] {dag.py:3490} INFO - Setting next_dagrun for extract to 2025-05-02T00:00:00+00:00, run_after=2025-05-03T00:00:00+00:00
[2025-05-02T14:00:58.877+0000] {processor.py:178} INFO - Processing /opt/airflow/dags/extract.py took 1.374 seconds
[2025-05-02T14:01:29.286+0000] {processor.py:156} INFO - Started process (PID=6243) to work on /opt/airflow/dags/extract.py
[2025-05-02T14:01:29.289+0000] {processor.py:799} INFO - Processing file /opt/airflow/dags/extract.py for tasks to queue
[2025-05-02T14:01:29.291+0000] {logging_mixin.py:149} INFO - [2025-05-02T14:01:29.291+0000] {dagbag.py:541} INFO - Filling up the DagBag from /opt/airflow/dags/extract.py
[2025-05-02T14:01:30.144+0000] {processor.py:809} INFO - DAG(s) dict_keys(['extract']) retrieved from /opt/airflow/dags/extract.py
[2025-05-02T14:01:30.248+0000] {logging_mixin.py:149} INFO - [2025-05-02T14:01:30.245+0000] {dag.py:2726} INFO - Sync 1 DAGs
[2025-05-02T14:01:30.684+0000] {logging_mixin.py:149} INFO - [2025-05-02T14:01:30.684+0000] {dag.py:3490} INFO - Setting next_dagrun for extract to 2025-05-02T00:00:00+00:00, run_after=2025-05-03T00:00:00+00:00
[2025-05-02T14:01:30.750+0000] {processor.py:178} INFO - Processing /opt/airflow/dags/extract.py took 1.482 seconds
[2025-05-02T14:02:01.169+0000] {processor.py:156} INFO - Started process (PID=6260) to work on /opt/airflow/dags/extract.py
[2025-05-02T14:02:01.172+0000] {processor.py:799} INFO - Processing file /opt/airflow/dags/extract.py for tasks to queue
[2025-05-02T14:02:01.173+0000] {logging_mixin.py:149} INFO - [2025-05-02T14:02:01.173+0000] {dagbag.py:541} INFO - Filling up the DagBag from /opt/airflow/dags/extract.py
[2025-05-02T14:02:02.064+0000] {processor.py:809} INFO - DAG(s) dict_keys(['extract']) retrieved from /opt/airflow/dags/extract.py
[2025-05-02T14:02:02.397+0000] {logging_mixin.py:149} INFO - [2025-05-02T14:02:02.396+0000] {dag.py:2726} INFO - Sync 1 DAGs
[2025-05-02T14:02:02.450+0000] {logging_mixin.py:149} INFO - [2025-05-02T14:02:02.449+0000] {dag.py:3490} INFO - Setting next_dagrun for extract to 2025-05-02T00:00:00+00:00, run_after=2025-05-03T00:00:00+00:00
[2025-05-02T14:02:02.504+0000] {processor.py:178} INFO - Processing /opt/airflow/dags/extract.py took 1.341 seconds
[2025-05-02T14:02:33.235+0000] {processor.py:156} INFO - Started process (PID=6277) to work on /opt/airflow/dags/extract.py
[2025-05-02T14:02:33.238+0000] {processor.py:799} INFO - Processing file /opt/airflow/dags/extract.py for tasks to queue
[2025-05-02T14:02:33.240+0000] {logging_mixin.py:149} INFO - [2025-05-02T14:02:33.240+0000] {dagbag.py:541} INFO - Filling up the DagBag from /opt/airflow/dags/extract.py
[2025-05-02T14:02:34.766+0000] {processor.py:809} INFO - DAG(s) dict_keys(['extract']) retrieved from /opt/airflow/dags/extract.py
[2025-05-02T14:02:34.831+0000] {logging_mixin.py:149} INFO - [2025-05-02T14:02:34.829+0000] {dag.py:2726} INFO - Sync 1 DAGs
[2025-05-02T14:02:34.894+0000] {logging_mixin.py:149} INFO - [2025-05-02T14:02:34.893+0000] {dag.py:3490} INFO - Setting next_dagrun for extract to 2025-05-02T00:00:00+00:00, run_after=2025-05-03T00:00:00+00:00
[2025-05-02T14:02:34.962+0000] {processor.py:178} INFO - Processing /opt/airflow/dags/extract.py took 1.733 seconds
[2025-05-02T14:03:05.482+0000] {processor.py:156} INFO - Started process (PID=6294) to work on /opt/airflow/dags/extract.py
[2025-05-02T14:03:05.485+0000] {processor.py:799} INFO - Processing file /opt/airflow/dags/extract.py for tasks to queue
[2025-05-02T14:03:05.488+0000] {logging_mixin.py:149} INFO - [2025-05-02T14:03:05.488+0000] {dagbag.py:541} INFO - Filling up the DagBag from /opt/airflow/dags/extract.py
[2025-05-02T14:03:06.550+0000] {processor.py:809} INFO - DAG(s) dict_keys(['extract']) retrieved from /opt/airflow/dags/extract.py
[2025-05-02T14:03:06.603+0000] {logging_mixin.py:149} INFO - [2025-05-02T14:03:06.602+0000] {dag.py:2726} INFO - Sync 1 DAGs
[2025-05-02T14:03:06.668+0000] {logging_mixin.py:149} INFO - [2025-05-02T14:03:06.667+0000] {dag.py:3490} INFO - Setting next_dagrun for extract to 2025-05-02T00:00:00+00:00, run_after=2025-05-03T00:00:00+00:00
[2025-05-02T14:03:06.723+0000] {processor.py:178} INFO - Processing /opt/airflow/dags/extract.py took 1.250 seconds
[2025-05-02T14:03:37.115+0000] {processor.py:156} INFO - Started process (PID=6311) to work on /opt/airflow/dags/extract.py
[2025-05-02T14:03:37.124+0000] {processor.py:799} INFO - Processing file /opt/airflow/dags/extract.py for tasks to queue
[2025-05-02T14:03:37.127+0000] {logging_mixin.py:149} INFO - [2025-05-02T14:03:37.127+0000] {dagbag.py:541} INFO - Filling up the DagBag from /opt/airflow/dags/extract.py
[2025-05-02T14:03:37.933+0000] {processor.py:809} INFO - DAG(s) dict_keys(['extract']) retrieved from /opt/airflow/dags/extract.py
[2025-05-02T14:03:37.998+0000] {logging_mixin.py:149} INFO - [2025-05-02T14:03:37.996+0000] {dag.py:2726} INFO - Sync 1 DAGs
[2025-05-02T14:03:38.453+0000] {logging_mixin.py:149} INFO - [2025-05-02T14:03:38.453+0000] {dag.py:3490} INFO - Setting next_dagrun for extract to 2025-05-02T00:00:00+00:00, run_after=2025-05-03T00:00:00+00:00
[2025-05-02T14:03:38.520+0000] {processor.py:178} INFO - Processing /opt/airflow/dags/extract.py took 1.417 seconds
[2025-05-02T14:04:08.978+0000] {processor.py:156} INFO - Started process (PID=6328) to work on /opt/airflow/dags/extract.py
[2025-05-02T14:04:08.981+0000] {processor.py:799} INFO - Processing file /opt/airflow/dags/extract.py for tasks to queue
[2025-05-02T14:04:08.983+0000] {logging_mixin.py:149} INFO - [2025-05-02T14:04:08.983+0000] {dagbag.py:541} INFO - Filling up the DagBag from /opt/airflow/dags/extract.py
[2025-05-02T14:04:09.784+0000] {processor.py:809} INFO - DAG(s) dict_keys(['extract']) retrieved from /opt/airflow/dags/extract.py
[2025-05-02T14:04:10.176+0000] {logging_mixin.py:149} INFO - [2025-05-02T14:04:10.175+0000] {dag.py:2726} INFO - Sync 1 DAGs
[2025-05-02T14:04:10.236+0000] {logging_mixin.py:149} INFO - [2025-05-02T14:04:10.236+0000] {dag.py:3490} INFO - Setting next_dagrun for extract to 2025-05-02T00:00:00+00:00, run_after=2025-05-03T00:00:00+00:00
[2025-05-02T14:04:10.302+0000] {processor.py:178} INFO - Processing /opt/airflow/dags/extract.py took 1.330 seconds
[2025-05-02T14:04:40.707+0000] {processor.py:156} INFO - Started process (PID=6345) to work on /opt/airflow/dags/extract.py
[2025-05-02T14:04:40.710+0000] {processor.py:799} INFO - Processing file /opt/airflow/dags/extract.py for tasks to queue
[2025-05-02T14:04:40.712+0000] {logging_mixin.py:149} INFO - [2025-05-02T14:04:40.712+0000] {dagbag.py:541} INFO - Filling up the DagBag from /opt/airflow/dags/extract.py
[2025-05-02T14:04:41.844+0000] {processor.py:809} INFO - DAG(s) dict_keys(['extract']) retrieved from /opt/airflow/dags/extract.py
[2025-05-02T14:04:41.903+0000] {logging_mixin.py:149} INFO - [2025-05-02T14:04:41.902+0000] {dag.py:2726} INFO - Sync 1 DAGs
[2025-05-02T14:04:41.969+0000] {logging_mixin.py:149} INFO - [2025-05-02T14:04:41.968+0000] {dag.py:3490} INFO - Setting next_dagrun for extract to 2025-05-02T00:00:00+00:00, run_after=2025-05-03T00:00:00+00:00
[2025-05-02T14:04:42.035+0000] {processor.py:178} INFO - Processing /opt/airflow/dags/extract.py took 1.334 seconds
[2025-05-02T14:05:12.415+0000] {processor.py:156} INFO - Started process (PID=6362) to work on /opt/airflow/dags/extract.py
[2025-05-02T14:05:12.418+0000] {processor.py:799} INFO - Processing file /opt/airflow/dags/extract.py for tasks to queue
[2025-05-02T14:05:12.421+0000] {logging_mixin.py:149} INFO - [2025-05-02T14:05:12.421+0000] {dagbag.py:541} INFO - Filling up the DagBag from /opt/airflow/dags/extract.py
[2025-05-02T14:05:13.546+0000] {processor.py:809} INFO - DAG(s) dict_keys(['extract']) retrieved from /opt/airflow/dags/extract.py
[2025-05-02T14:05:13.608+0000] {logging_mixin.py:149} INFO - [2025-05-02T14:05:13.607+0000] {dag.py:2726} INFO - Sync 1 DAGs
[2025-05-02T14:05:13.672+0000] {logging_mixin.py:149} INFO - [2025-05-02T14:05:13.672+0000] {dag.py:3490} INFO - Setting next_dagrun for extract to 2025-05-02T00:00:00+00:00, run_after=2025-05-03T00:00:00+00:00
[2025-05-02T14:05:13.733+0000] {processor.py:178} INFO - Processing /opt/airflow/dags/extract.py took 1.323 seconds
[2025-05-02T14:05:44.259+0000] {processor.py:156} INFO - Started process (PID=6379) to work on /opt/airflow/dags/extract.py
[2025-05-02T14:05:44.264+0000] {processor.py:799} INFO - Processing file /opt/airflow/dags/extract.py for tasks to queue
[2025-05-02T14:05:44.277+0000] {logging_mixin.py:149} INFO - [2025-05-02T14:05:44.276+0000] {dagbag.py:541} INFO - Filling up the DagBag from /opt/airflow/dags/extract.py
[2025-05-02T14:05:45.264+0000] {processor.py:809} INFO - DAG(s) dict_keys(['extract']) retrieved from /opt/airflow/dags/extract.py
[2025-05-02T14:05:45.373+0000] {logging_mixin.py:149} INFO - [2025-05-02T14:05:45.370+0000] {dag.py:2726} INFO - Sync 1 DAGs
[2025-05-02T14:05:45.744+0000] {logging_mixin.py:149} INFO - [2025-05-02T14:05:45.744+0000] {dag.py:3490} INFO - Setting next_dagrun for extract to 2025-05-02T00:00:00+00:00, run_after=2025-05-03T00:00:00+00:00
[2025-05-02T14:05:45.811+0000] {processor.py:178} INFO - Processing /opt/airflow/dags/extract.py took 1.574 seconds
[2025-05-02T14:06:16.056+0000] {processor.py:156} INFO - Started process (PID=6396) to work on /opt/airflow/dags/extract.py
[2025-05-02T14:06:16.059+0000] {processor.py:799} INFO - Processing file /opt/airflow/dags/extract.py for tasks to queue
[2025-05-02T14:06:16.061+0000] {logging_mixin.py:149} INFO - [2025-05-02T14:06:16.060+0000] {dagbag.py:541} INFO - Filling up the DagBag from /opt/airflow/dags/extract.py
[2025-05-02T14:06:16.932+0000] {processor.py:809} INFO - DAG(s) dict_keys(['extract']) retrieved from /opt/airflow/dags/extract.py
[2025-05-02T14:06:19.652+0000] {logging_mixin.py:149} INFO - [2025-05-02T14:06:19.651+0000] {dag.py:2726} INFO - Sync 1 DAGs
[2025-05-02T14:06:19.783+0000] {logging_mixin.py:149} INFO - [2025-05-02T14:06:19.783+0000] {dag.py:3490} INFO - Setting next_dagrun for extract to 2025-05-02T00:00:00+00:00, run_after=2025-05-03T00:00:00+00:00
[2025-05-02T14:06:19.857+0000] {processor.py:178} INFO - Processing /opt/airflow/dags/extract.py took 3.809 seconds
[2025-05-02T14:06:50.252+0000] {processor.py:156} INFO - Started process (PID=6413) to work on /opt/airflow/dags/extract.py
[2025-05-02T14:06:50.255+0000] {processor.py:799} INFO - Processing file /opt/airflow/dags/extract.py for tasks to queue
[2025-05-02T14:06:50.258+0000] {logging_mixin.py:149} INFO - [2025-05-02T14:06:50.257+0000] {dagbag.py:541} INFO - Filling up the DagBag from /opt/airflow/dags/extract.py
[2025-05-02T14:06:51.444+0000] {processor.py:809} INFO - DAG(s) dict_keys(['extract']) retrieved from /opt/airflow/dags/extract.py
[2025-05-02T14:06:51.500+0000] {logging_mixin.py:149} INFO - [2025-05-02T14:06:51.499+0000] {dag.py:2726} INFO - Sync 1 DAGs
[2025-05-02T14:06:51.555+0000] {logging_mixin.py:149} INFO - [2025-05-02T14:06:51.554+0000] {dag.py:3490} INFO - Setting next_dagrun for extract to 2025-05-02T00:00:00+00:00, run_after=2025-05-03T00:00:00+00:00
[2025-05-02T14:06:51.611+0000] {processor.py:178} INFO - Processing /opt/airflow/dags/extract.py took 1.367 seconds
[2025-05-02T14:07:21.964+0000] {processor.py:156} INFO - Started process (PID=6430) to work on /opt/airflow/dags/extract.py
[2025-05-02T14:07:21.966+0000] {processor.py:799} INFO - Processing file /opt/airflow/dags/extract.py for tasks to queue
[2025-05-02T14:07:21.968+0000] {logging_mixin.py:149} INFO - [2025-05-02T14:07:21.968+0000] {dagbag.py:541} INFO - Filling up the DagBag from /opt/airflow/dags/extract.py
[2025-05-02T14:07:23.135+0000] {processor.py:809} INFO - DAG(s) dict_keys(['extract']) retrieved from /opt/airflow/dags/extract.py
[2025-05-02T14:07:23.185+0000] {logging_mixin.py:149} INFO - [2025-05-02T14:07:23.184+0000] {dag.py:2726} INFO - Sync 1 DAGs
[2025-05-02T14:07:23.236+0000] {logging_mixin.py:149} INFO - [2025-05-02T14:07:23.236+0000] {dag.py:3490} INFO - Setting next_dagrun for extract to 2025-05-02T00:00:00+00:00, run_after=2025-05-03T00:00:00+00:00
[2025-05-02T14:07:23.285+0000] {processor.py:178} INFO - Processing /opt/airflow/dags/extract.py took 1.327 seconds
[2025-05-02T14:07:53.543+0000] {processor.py:156} INFO - Started process (PID=6447) to work on /opt/airflow/dags/extract.py
[2025-05-02T14:07:53.545+0000] {processor.py:799} INFO - Processing file /opt/airflow/dags/extract.py for tasks to queue
[2025-05-02T14:07:53.547+0000] {logging_mixin.py:149} INFO - [2025-05-02T14:07:53.547+0000] {dagbag.py:541} INFO - Filling up the DagBag from /opt/airflow/dags/extract.py
[2025-05-02T14:07:54.503+0000] {processor.py:809} INFO - DAG(s) dict_keys(['extract']) retrieved from /opt/airflow/dags/extract.py
[2025-05-02T14:07:54.622+0000] {logging_mixin.py:149} INFO - [2025-05-02T14:07:54.617+0000] {dag.py:2726} INFO - Sync 1 DAGs
[2025-05-02T14:07:54.964+0000] {logging_mixin.py:149} INFO - [2025-05-02T14:07:54.964+0000] {dag.py:3490} INFO - Setting next_dagrun for extract to 2025-05-02T00:00:00+00:00, run_after=2025-05-03T00:00:00+00:00
[2025-05-02T14:07:55.022+0000] {processor.py:178} INFO - Processing /opt/airflow/dags/extract.py took 1.485 seconds
[2025-05-02T14:08:25.517+0000] {processor.py:156} INFO - Started process (PID=6464) to work on /opt/airflow/dags/extract.py
[2025-05-02T14:08:25.519+0000] {processor.py:799} INFO - Processing file /opt/airflow/dags/extract.py for tasks to queue
[2025-05-02T14:08:25.523+0000] {logging_mixin.py:149} INFO - [2025-05-02T14:08:25.522+0000] {dagbag.py:541} INFO - Filling up the DagBag from /opt/airflow/dags/extract.py
[2025-05-02T14:08:26.371+0000] {processor.py:809} INFO - DAG(s) dict_keys(['extract']) retrieved from /opt/airflow/dags/extract.py
[2025-05-02T14:08:26.838+0000] {logging_mixin.py:149} INFO - [2025-05-02T14:08:26.837+0000] {dag.py:2726} INFO - Sync 1 DAGs
[2025-05-02T14:08:26.890+0000] {logging_mixin.py:149} INFO - [2025-05-02T14:08:26.890+0000] {dag.py:3490} INFO - Setting next_dagrun for extract to 2025-05-02T00:00:00+00:00, run_after=2025-05-03T00:00:00+00:00
[2025-05-02T14:08:26.949+0000] {processor.py:178} INFO - Processing /opt/airflow/dags/extract.py took 1.438 seconds
[2025-05-02T14:08:57.326+0000] {processor.py:156} INFO - Started process (PID=6481) to work on /opt/airflow/dags/extract.py
[2025-05-02T14:08:57.328+0000] {processor.py:799} INFO - Processing file /opt/airflow/dags/extract.py for tasks to queue
[2025-05-02T14:08:57.330+0000] {logging_mixin.py:149} INFO - [2025-05-02T14:08:57.330+0000] {dagbag.py:541} INFO - Filling up the DagBag from /opt/airflow/dags/extract.py
[2025-05-02T14:08:58.360+0000] {processor.py:809} INFO - DAG(s) dict_keys(['extract']) retrieved from /opt/airflow/dags/extract.py
[2025-05-02T14:08:58.472+0000] {logging_mixin.py:149} INFO - [2025-05-02T14:08:58.471+0000] {dag.py:2726} INFO - Sync 1 DAGs
[2025-05-02T14:08:58.524+0000] {logging_mixin.py:149} INFO - [2025-05-02T14:08:58.524+0000] {dag.py:3490} INFO - Setting next_dagrun for extract to 2025-05-02T00:00:00+00:00, run_after=2025-05-03T00:00:00+00:00
[2025-05-02T14:08:58.579+0000] {processor.py:178} INFO - Processing /opt/airflow/dags/extract.py took 1.258 seconds
[2025-05-02T14:09:28.966+0000] {processor.py:156} INFO - Started process (PID=6498) to work on /opt/airflow/dags/extract.py
[2025-05-02T14:09:28.969+0000] {processor.py:799} INFO - Processing file /opt/airflow/dags/extract.py for tasks to queue
[2025-05-02T14:09:28.974+0000] {logging_mixin.py:149} INFO - [2025-05-02T14:09:28.974+0000] {dagbag.py:541} INFO - Filling up the DagBag from /opt/airflow/dags/extract.py
[2025-05-02T14:09:30.072+0000] {processor.py:809} INFO - DAG(s) dict_keys(['extract']) retrieved from /opt/airflow/dags/extract.py
[2025-05-02T14:09:30.130+0000] {logging_mixin.py:149} INFO - [2025-05-02T14:09:30.129+0000] {dag.py:2726} INFO - Sync 1 DAGs
[2025-05-02T14:09:30.187+0000] {logging_mixin.py:149} INFO - [2025-05-02T14:09:30.187+0000] {dag.py:3490} INFO - Setting next_dagrun for extract to 2025-05-02T00:00:00+00:00, run_after=2025-05-03T00:00:00+00:00
[2025-05-02T14:09:30.316+0000] {processor.py:178} INFO - Processing /opt/airflow/dags/extract.py took 1.355 seconds
[2025-05-02T14:10:00.728+0000] {processor.py:156} INFO - Started process (PID=6515) to work on /opt/airflow/dags/extract.py
[2025-05-02T14:10:00.731+0000] {processor.py:799} INFO - Processing file /opt/airflow/dags/extract.py for tasks to queue
[2025-05-02T14:10:00.734+0000] {logging_mixin.py:149} INFO - [2025-05-02T14:10:00.734+0000] {dagbag.py:541} INFO - Filling up the DagBag from /opt/airflow/dags/extract.py
[2025-05-02T14:10:01.692+0000] {processor.py:809} INFO - DAG(s) dict_keys(['extract']) retrieved from /opt/airflow/dags/extract.py
[2025-05-02T14:10:01.762+0000] {logging_mixin.py:149} INFO - [2025-05-02T14:10:01.757+0000] {dag.py:2726} INFO - Sync 1 DAGs
[2025-05-02T14:10:02.140+0000] {logging_mixin.py:149} INFO - [2025-05-02T14:10:02.140+0000] {dag.py:3490} INFO - Setting next_dagrun for extract to 2025-05-02T00:00:00+00:00, run_after=2025-05-03T00:00:00+00:00
[2025-05-02T14:10:02.193+0000] {processor.py:178} INFO - Processing /opt/airflow/dags/extract.py took 1.479 seconds
[2025-05-02T14:10:32.674+0000] {processor.py:156} INFO - Started process (PID=6532) to work on /opt/airflow/dags/extract.py
[2025-05-02T14:10:32.676+0000] {processor.py:799} INFO - Processing file /opt/airflow/dags/extract.py for tasks to queue
[2025-05-02T14:10:32.679+0000] {logging_mixin.py:149} INFO - [2025-05-02T14:10:32.679+0000] {dagbag.py:541} INFO - Filling up the DagBag from /opt/airflow/dags/extract.py
[2025-05-02T14:10:33.804+0000] {processor.py:809} INFO - DAG(s) dict_keys(['extract']) retrieved from /opt/airflow/dags/extract.py
[2025-05-02T14:10:34.119+0000] {logging_mixin.py:149} INFO - [2025-05-02T14:10:34.118+0000] {dag.py:2726} INFO - Sync 1 DAGs
[2025-05-02T14:10:34.182+0000] {logging_mixin.py:149} INFO - [2025-05-02T14:10:34.182+0000] {dag.py:3490} INFO - Setting next_dagrun for extract to 2025-05-02T00:00:00+00:00, run_after=2025-05-03T00:00:00+00:00
[2025-05-02T14:10:34.311+0000] {processor.py:178} INFO - Processing /opt/airflow/dags/extract.py took 1.644 seconds
[2025-05-02T14:11:04.836+0000] {processor.py:156} INFO - Started process (PID=6549) to work on /opt/airflow/dags/extract.py
[2025-05-02T14:11:04.839+0000] {processor.py:799} INFO - Processing file /opt/airflow/dags/extract.py for tasks to queue
[2025-05-02T14:11:04.842+0000] {logging_mixin.py:149} INFO - [2025-05-02T14:11:04.842+0000] {dagbag.py:541} INFO - Filling up the DagBag from /opt/airflow/dags/extract.py
[2025-05-02T14:11:06.404+0000] {processor.py:809} INFO - DAG(s) dict_keys(['extract']) retrieved from /opt/airflow/dags/extract.py
[2025-05-02T14:11:06.478+0000] {logging_mixin.py:149} INFO - [2025-05-02T14:11:06.477+0000] {dag.py:2726} INFO - Sync 1 DAGs
[2025-05-02T14:11:06.544+0000] {logging_mixin.py:149} INFO - [2025-05-02T14:11:06.543+0000] {dag.py:3490} INFO - Setting next_dagrun for extract to 2025-05-02T00:00:00+00:00, run_after=2025-05-03T00:00:00+00:00
[2025-05-02T14:11:06.605+0000] {processor.py:178} INFO - Processing /opt/airflow/dags/extract.py took 1.784 seconds
[2025-05-02T14:11:37.093+0000] {processor.py:156} INFO - Started process (PID=6566) to work on /opt/airflow/dags/extract.py
[2025-05-02T14:11:37.096+0000] {processor.py:799} INFO - Processing file /opt/airflow/dags/extract.py for tasks to queue
[2025-05-02T14:11:37.098+0000] {logging_mixin.py:149} INFO - [2025-05-02T14:11:37.098+0000] {dagbag.py:541} INFO - Filling up the DagBag from /opt/airflow/dags/extract.py
[2025-05-02T14:11:38.654+0000] {processor.py:809} INFO - DAG(s) dict_keys(['extract']) retrieved from /opt/airflow/dags/extract.py
[2025-05-02T14:11:38.727+0000] {logging_mixin.py:149} INFO - [2025-05-02T14:11:38.726+0000] {dag.py:2726} INFO - Sync 1 DAGs
[2025-05-02T14:11:38.811+0000] {logging_mixin.py:149} INFO - [2025-05-02T14:11:38.811+0000] {dag.py:3490} INFO - Setting next_dagrun for extract to 2025-05-02T00:00:00+00:00, run_after=2025-05-03T00:00:00+00:00
[2025-05-02T14:11:38.884+0000] {processor.py:178} INFO - Processing /opt/airflow/dags/extract.py took 1.798 seconds
[2025-05-02T14:12:09.344+0000] {processor.py:156} INFO - Started process (PID=6583) to work on /opt/airflow/dags/extract.py
[2025-05-02T14:12:09.346+0000] {processor.py:799} INFO - Processing file /opt/airflow/dags/extract.py for tasks to queue
[2025-05-02T14:12:09.349+0000] {logging_mixin.py:149} INFO - [2025-05-02T14:12:09.348+0000] {dagbag.py:541} INFO - Filling up the DagBag from /opt/airflow/dags/extract.py
[2025-05-02T14:12:10.415+0000] {processor.py:809} INFO - DAG(s) dict_keys(['extract']) retrieved from /opt/airflow/dags/extract.py
[2025-05-02T14:12:10.524+0000] {logging_mixin.py:149} INFO - [2025-05-02T14:12:10.519+0000] {dag.py:2726} INFO - Sync 1 DAGs
[2025-05-02T14:12:11.012+0000] {logging_mixin.py:149} INFO - [2025-05-02T14:12:11.011+0000] {dag.py:3490} INFO - Setting next_dagrun for extract to 2025-05-02T00:00:00+00:00, run_after=2025-05-03T00:00:00+00:00
[2025-05-02T14:12:11.108+0000] {processor.py:178} INFO - Processing /opt/airflow/dags/extract.py took 1.773 seconds
[2025-05-02T14:12:41.753+0000] {processor.py:156} INFO - Started process (PID=6600) to work on /opt/airflow/dags/extract.py
[2025-05-02T14:12:41.756+0000] {processor.py:799} INFO - Processing file /opt/airflow/dags/extract.py for tasks to queue
[2025-05-02T14:12:41.760+0000] {logging_mixin.py:149} INFO - [2025-05-02T14:12:41.759+0000] {dagbag.py:541} INFO - Filling up the DagBag from /opt/airflow/dags/extract.py
[2025-05-02T14:12:42.985+0000] {processor.py:809} INFO - DAG(s) dict_keys(['extract']) retrieved from /opt/airflow/dags/extract.py
[2025-05-02T14:12:43.493+0000] {logging_mixin.py:149} INFO - [2025-05-02T14:12:43.492+0000] {dag.py:2726} INFO - Sync 1 DAGs
[2025-05-02T14:12:43.573+0000] {logging_mixin.py:149} INFO - [2025-05-02T14:12:43.573+0000] {dag.py:3490} INFO - Setting next_dagrun for extract to 2025-05-02T00:00:00+00:00, run_after=2025-05-03T00:00:00+00:00
[2025-05-02T14:12:43.652+0000] {processor.py:178} INFO - Processing /opt/airflow/dags/extract.py took 1.906 seconds
[2025-05-02T14:13:14.210+0000] {processor.py:156} INFO - Started process (PID=6617) to work on /opt/airflow/dags/extract.py
[2025-05-02T14:13:14.214+0000] {processor.py:799} INFO - Processing file /opt/airflow/dags/extract.py for tasks to queue
[2025-05-02T14:13:14.217+0000] {logging_mixin.py:149} INFO - [2025-05-02T14:13:14.216+0000] {dagbag.py:541} INFO - Filling up the DagBag from /opt/airflow/dags/extract.py
[2025-05-02T14:13:16.091+0000] {processor.py:809} INFO - DAG(s) dict_keys(['extract']) retrieved from /opt/airflow/dags/extract.py
[2025-05-02T14:13:16.170+0000] {logging_mixin.py:149} INFO - [2025-05-02T14:13:16.169+0000] {dag.py:2726} INFO - Sync 1 DAGs
[2025-05-02T14:13:16.256+0000] {logging_mixin.py:149} INFO - [2025-05-02T14:13:16.256+0000] {dag.py:3490} INFO - Setting next_dagrun for extract to 2025-05-02T00:00:00+00:00, run_after=2025-05-03T00:00:00+00:00
[2025-05-02T14:13:16.338+0000] {processor.py:178} INFO - Processing /opt/airflow/dags/extract.py took 2.138 seconds
[2025-05-02T14:13:46.697+0000] {processor.py:156} INFO - Started process (PID=6634) to work on /opt/airflow/dags/extract.py
[2025-05-02T14:13:46.700+0000] {processor.py:799} INFO - Processing file /opt/airflow/dags/extract.py for tasks to queue
[2025-05-02T14:13:46.703+0000] {logging_mixin.py:149} INFO - [2025-05-02T14:13:46.702+0000] {dagbag.py:541} INFO - Filling up the DagBag from /opt/airflow/dags/extract.py
[2025-05-02T14:13:48.112+0000] {processor.py:809} INFO - DAG(s) dict_keys(['extract']) retrieved from /opt/airflow/dags/extract.py
[2025-05-02T14:13:48.247+0000] {logging_mixin.py:149} INFO - [2025-05-02T14:13:48.246+0000] {dag.py:2726} INFO - Sync 1 DAGs
[2025-05-02T14:13:48.342+0000] {logging_mixin.py:149} INFO - [2025-05-02T14:13:48.342+0000] {dag.py:3490} INFO - Setting next_dagrun for extract to 2025-05-02T00:00:00+00:00, run_after=2025-05-03T00:00:00+00:00
[2025-05-02T14:13:48.429+0000] {processor.py:178} INFO - Processing /opt/airflow/dags/extract.py took 1.744 seconds
[2025-05-02T14:14:19.045+0000] {processor.py:156} INFO - Started process (PID=6651) to work on /opt/airflow/dags/extract.py
[2025-05-02T14:14:19.049+0000] {processor.py:799} INFO - Processing file /opt/airflow/dags/extract.py for tasks to queue
[2025-05-02T14:14:19.052+0000] {logging_mixin.py:149} INFO - [2025-05-02T14:14:19.052+0000] {dagbag.py:541} INFO - Filling up the DagBag from /opt/airflow/dags/extract.py
[2025-05-02T14:14:20.287+0000] {processor.py:809} INFO - DAG(s) dict_keys(['extract']) retrieved from /opt/airflow/dags/extract.py
[2025-05-02T14:14:20.463+0000] {logging_mixin.py:149} INFO - [2025-05-02T14:14:20.458+0000] {dag.py:2726} INFO - Sync 1 DAGs
[2025-05-02T14:14:20.792+0000] {logging_mixin.py:149} INFO - [2025-05-02T14:14:20.792+0000] {dag.py:3490} INFO - Setting next_dagrun for extract to 2025-05-02T00:00:00+00:00, run_after=2025-05-03T00:00:00+00:00
[2025-05-02T14:14:20.863+0000] {processor.py:178} INFO - Processing /opt/airflow/dags/extract.py took 1.827 seconds
[2025-05-02T14:14:51.558+0000] {processor.py:156} INFO - Started process (PID=6668) to work on /opt/airflow/dags/extract.py
[2025-05-02T14:14:51.561+0000] {processor.py:799} INFO - Processing file /opt/airflow/dags/extract.py for tasks to queue
[2025-05-02T14:14:51.563+0000] {logging_mixin.py:149} INFO - [2025-05-02T14:14:51.563+0000] {dagbag.py:541} INFO - Filling up the DagBag from /opt/airflow/dags/extract.py
[2025-05-02T14:14:52.798+0000] {processor.py:809} INFO - DAG(s) dict_keys(['extract']) retrieved from /opt/airflow/dags/extract.py
[2025-05-02T14:14:53.161+0000] {logging_mixin.py:149} INFO - [2025-05-02T14:14:53.159+0000] {dag.py:2726} INFO - Sync 1 DAGs
[2025-05-02T14:14:53.306+0000] {logging_mixin.py:149} INFO - [2025-05-02T14:14:53.306+0000] {dag.py:3490} INFO - Setting next_dagrun for extract to 2025-05-02T00:00:00+00:00, run_after=2025-05-03T00:00:00+00:00
[2025-05-02T14:14:53.401+0000] {processor.py:178} INFO - Processing /opt/airflow/dags/extract.py took 1.856 seconds
[2025-05-02T14:15:23.999+0000] {processor.py:156} INFO - Started process (PID=6685) to work on /opt/airflow/dags/extract.py
[2025-05-02T14:15:24.002+0000] {processor.py:799} INFO - Processing file /opt/airflow/dags/extract.py for tasks to queue
[2025-05-02T14:15:24.006+0000] {logging_mixin.py:149} INFO - [2025-05-02T14:15:24.005+0000] {dagbag.py:541} INFO - Filling up the DagBag from /opt/airflow/dags/extract.py
[2025-05-02T14:15:25.732+0000] {processor.py:809} INFO - DAG(s) dict_keys(['extract']) retrieved from /opt/airflow/dags/extract.py
[2025-05-02T14:15:25.811+0000] {logging_mixin.py:149} INFO - [2025-05-02T14:15:25.809+0000] {dag.py:2726} INFO - Sync 1 DAGs
[2025-05-02T14:15:25.884+0000] {logging_mixin.py:149} INFO - [2025-05-02T14:15:25.883+0000] {dag.py:3490} INFO - Setting next_dagrun for extract to 2025-05-02T00:00:00+00:00, run_after=2025-05-03T00:00:00+00:00
[2025-05-02T14:15:25.995+0000] {processor.py:178} INFO - Processing /opt/airflow/dags/extract.py took 2.007 seconds
[2025-05-02T14:15:56.426+0000] {processor.py:156} INFO - Started process (PID=6702) to work on /opt/airflow/dags/extract.py
[2025-05-02T14:15:56.429+0000] {processor.py:799} INFO - Processing file /opt/airflow/dags/extract.py for tasks to queue
[2025-05-02T14:15:56.432+0000] {logging_mixin.py:149} INFO - [2025-05-02T14:15:56.431+0000] {dagbag.py:541} INFO - Filling up the DagBag from /opt/airflow/dags/extract.py
[2025-05-02T14:15:57.890+0000] {processor.py:809} INFO - DAG(s) dict_keys(['extract']) retrieved from /opt/airflow/dags/extract.py
[2025-05-02T14:15:58.030+0000] {logging_mixin.py:149} INFO - [2025-05-02T14:15:58.029+0000] {dag.py:2726} INFO - Sync 1 DAGs
[2025-05-02T14:15:58.108+0000] {logging_mixin.py:149} INFO - [2025-05-02T14:15:58.107+0000] {dag.py:3490} INFO - Setting next_dagrun for extract to 2025-05-02T00:00:00+00:00, run_after=2025-05-03T00:00:00+00:00
[2025-05-02T14:15:58.183+0000] {processor.py:178} INFO - Processing /opt/airflow/dags/extract.py took 1.770 seconds
[2025-05-02T14:16:28.848+0000] {processor.py:156} INFO - Started process (PID=6719) to work on /opt/airflow/dags/extract.py
[2025-05-02T14:16:28.851+0000] {processor.py:799} INFO - Processing file /opt/airflow/dags/extract.py for tasks to queue
[2025-05-02T14:16:28.854+0000] {logging_mixin.py:149} INFO - [2025-05-02T14:16:28.853+0000] {dagbag.py:541} INFO - Filling up the DagBag from /opt/airflow/dags/extract.py
[2025-05-02T14:16:30.017+0000] {processor.py:809} INFO - DAG(s) dict_keys(['extract']) retrieved from /opt/airflow/dags/extract.py
[2025-05-02T14:16:30.194+0000] {logging_mixin.py:149} INFO - [2025-05-02T14:16:30.188+0000] {dag.py:2726} INFO - Sync 1 DAGs
[2025-05-02T14:16:30.561+0000] {logging_mixin.py:149} INFO - [2025-05-02T14:16:30.560+0000] {dag.py:3490} INFO - Setting next_dagrun for extract to 2025-05-02T00:00:00+00:00, run_after=2025-05-03T00:00:00+00:00
[2025-05-02T14:16:30.632+0000] {processor.py:178} INFO - Processing /opt/airflow/dags/extract.py took 1.795 seconds
[2025-05-02T14:17:01.172+0000] {processor.py:156} INFO - Started process (PID=6736) to work on /opt/airflow/dags/extract.py
[2025-05-02T14:17:01.174+0000] {processor.py:799} INFO - Processing file /opt/airflow/dags/extract.py for tasks to queue
[2025-05-02T14:17:01.178+0000] {logging_mixin.py:149} INFO - [2025-05-02T14:17:01.177+0000] {dagbag.py:541} INFO - Filling up the DagBag from /opt/airflow/dags/extract.py
[2025-05-02T14:17:02.228+0000] {processor.py:809} INFO - DAG(s) dict_keys(['extract']) retrieved from /opt/airflow/dags/extract.py
[2025-05-02T14:17:02.617+0000] {logging_mixin.py:149} INFO - [2025-05-02T14:17:02.616+0000] {dag.py:2726} INFO - Sync 1 DAGs
[2025-05-02T14:17:02.705+0000] {logging_mixin.py:149} INFO - [2025-05-02T14:17:02.704+0000] {dag.py:3490} INFO - Setting next_dagrun for extract to 2025-05-02T00:00:00+00:00, run_after=2025-05-03T00:00:00+00:00
[2025-05-02T14:17:02.787+0000] {processor.py:178} INFO - Processing /opt/airflow/dags/extract.py took 1.623 seconds
[2025-05-02T14:17:33.091+0000] {processor.py:156} INFO - Started process (PID=6753) to work on /opt/airflow/dags/extract.py
[2025-05-02T14:17:33.095+0000] {processor.py:799} INFO - Processing file /opt/airflow/dags/extract.py for tasks to queue
[2025-05-02T14:17:33.099+0000] {logging_mixin.py:149} INFO - [2025-05-02T14:17:33.098+0000] {dagbag.py:541} INFO - Filling up the DagBag from /opt/airflow/dags/extract.py
[2025-05-02T14:17:34.778+0000] {processor.py:809} INFO - DAG(s) dict_keys(['extract']) retrieved from /opt/airflow/dags/extract.py
[2025-05-02T14:17:34.925+0000] {logging_mixin.py:149} INFO - [2025-05-02T14:17:34.922+0000] {dag.py:2726} INFO - Sync 1 DAGs
[2025-05-02T14:17:35.040+0000] {logging_mixin.py:149} INFO - [2025-05-02T14:17:35.040+0000] {dag.py:3490} INFO - Setting next_dagrun for extract to 2025-05-02T00:00:00+00:00, run_after=2025-05-03T00:00:00+00:00
[2025-05-02T14:17:35.144+0000] {processor.py:178} INFO - Processing /opt/airflow/dags/extract.py took 2.065 seconds
[2025-05-02T14:18:05.450+0000] {processor.py:156} INFO - Started process (PID=6770) to work on /opt/airflow/dags/extract.py
[2025-05-02T14:18:05.454+0000] {processor.py:799} INFO - Processing file /opt/airflow/dags/extract.py for tasks to queue
[2025-05-02T14:18:05.457+0000] {logging_mixin.py:149} INFO - [2025-05-02T14:18:05.457+0000] {dagbag.py:541} INFO - Filling up the DagBag from /opt/airflow/dags/extract.py
[2025-05-02T14:18:06.898+0000] {processor.py:809} INFO - DAG(s) dict_keys(['extract']) retrieved from /opt/airflow/dags/extract.py
[2025-05-02T14:18:07.055+0000] {logging_mixin.py:149} INFO - [2025-05-02T14:18:07.054+0000] {dag.py:2726} INFO - Sync 1 DAGs
[2025-05-02T14:18:07.141+0000] {logging_mixin.py:149} INFO - [2025-05-02T14:18:07.141+0000] {dag.py:3490} INFO - Setting next_dagrun for extract to 2025-05-02T00:00:00+00:00, run_after=2025-05-03T00:00:00+00:00
[2025-05-02T14:18:07.232+0000] {processor.py:178} INFO - Processing /opt/airflow/dags/extract.py took 1.792 seconds
[2025-05-02T14:18:37.712+0000] {processor.py:156} INFO - Started process (PID=6787) to work on /opt/airflow/dags/extract.py
[2025-05-02T14:18:37.715+0000] {processor.py:799} INFO - Processing file /opt/airflow/dags/extract.py for tasks to queue
[2025-05-02T14:18:37.719+0000] {logging_mixin.py:149} INFO - [2025-05-02T14:18:37.718+0000] {dagbag.py:541} INFO - Filling up the DagBag from /opt/airflow/dags/extract.py
[2025-05-02T14:18:38.954+0000] {processor.py:809} INFO - DAG(s) dict_keys(['extract']) retrieved from /opt/airflow/dags/extract.py
[2025-05-02T14:18:39.069+0000] {logging_mixin.py:149} INFO - [2025-05-02T14:18:39.065+0000] {dag.py:2726} INFO - Sync 1 DAGs
[2025-05-02T14:18:39.501+0000] {logging_mixin.py:149} INFO - [2025-05-02T14:18:39.501+0000] {dag.py:3490} INFO - Setting next_dagrun for extract to 2025-05-02T00:00:00+00:00, run_after=2025-05-03T00:00:00+00:00
[2025-05-02T14:18:39.613+0000] {processor.py:178} INFO - Processing /opt/airflow/dags/extract.py took 1.912 seconds
[2025-05-02T14:19:10.125+0000] {processor.py:156} INFO - Started process (PID=6804) to work on /opt/airflow/dags/extract.py
[2025-05-02T14:19:10.128+0000] {processor.py:799} INFO - Processing file /opt/airflow/dags/extract.py for tasks to queue
[2025-05-02T14:19:10.131+0000] {logging_mixin.py:149} INFO - [2025-05-02T14:19:10.131+0000] {dagbag.py:541} INFO - Filling up the DagBag from /opt/airflow/dags/extract.py
[2025-05-02T14:19:11.181+0000] {processor.py:809} INFO - DAG(s) dict_keys(['extract']) retrieved from /opt/airflow/dags/extract.py
[2025-05-02T14:19:11.595+0000] {logging_mixin.py:149} INFO - [2025-05-02T14:19:11.594+0000] {dag.py:2726} INFO - Sync 1 DAGs
[2025-05-02T14:19:11.761+0000] {logging_mixin.py:149} INFO - [2025-05-02T14:19:11.760+0000] {dag.py:3490} INFO - Setting next_dagrun for extract to 2025-05-02T00:00:00+00:00, run_after=2025-05-03T00:00:00+00:00
[2025-05-02T14:19:11.844+0000] {processor.py:178} INFO - Processing /opt/airflow/dags/extract.py took 1.727 seconds
[2025-05-02T14:19:42.338+0000] {processor.py:156} INFO - Started process (PID=6821) to work on /opt/airflow/dags/extract.py
[2025-05-02T14:19:42.340+0000] {processor.py:799} INFO - Processing file /opt/airflow/dags/extract.py for tasks to queue
[2025-05-02T14:19:42.343+0000] {logging_mixin.py:149} INFO - [2025-05-02T14:19:42.342+0000] {dagbag.py:541} INFO - Filling up the DagBag from /opt/airflow/dags/extract.py
[2025-05-02T14:19:43.766+0000] {processor.py:809} INFO - DAG(s) dict_keys(['extract']) retrieved from /opt/airflow/dags/extract.py
[2025-05-02T14:19:43.845+0000] {logging_mixin.py:149} INFO - [2025-05-02T14:19:43.844+0000] {dag.py:2726} INFO - Sync 1 DAGs
[2025-05-02T14:19:43.936+0000] {logging_mixin.py:149} INFO - [2025-05-02T14:19:43.935+0000] {dag.py:3490} INFO - Setting next_dagrun for extract to 2025-05-02T00:00:00+00:00, run_after=2025-05-03T00:00:00+00:00
[2025-05-02T14:19:44.012+0000] {processor.py:178} INFO - Processing /opt/airflow/dags/extract.py took 1.682 seconds
[2025-05-02T14:20:14.467+0000] {processor.py:156} INFO - Started process (PID=6838) to work on /opt/airflow/dags/extract.py
[2025-05-02T14:20:14.470+0000] {processor.py:799} INFO - Processing file /opt/airflow/dags/extract.py for tasks to queue
[2025-05-02T14:20:14.473+0000] {logging_mixin.py:149} INFO - [2025-05-02T14:20:14.473+0000] {dagbag.py:541} INFO - Filling up the DagBag from /opt/airflow/dags/extract.py
[2025-05-02T14:20:16.146+0000] {processor.py:809} INFO - DAG(s) dict_keys(['extract']) retrieved from /opt/airflow/dags/extract.py
[2025-05-02T14:20:16.286+0000] {logging_mixin.py:149} INFO - [2025-05-02T14:20:16.285+0000] {dag.py:2726} INFO - Sync 1 DAGs
[2025-05-02T14:20:16.384+0000] {logging_mixin.py:149} INFO - [2025-05-02T14:20:16.383+0000] {dag.py:3490} INFO - Setting next_dagrun for extract to 2025-05-02T00:00:00+00:00, run_after=2025-05-03T00:00:00+00:00
[2025-05-02T14:20:16.451+0000] {processor.py:178} INFO - Processing /opt/airflow/dags/extract.py took 1.995 seconds
[2025-05-02T14:20:46.846+0000] {processor.py:156} INFO - Started process (PID=6855) to work on /opt/airflow/dags/extract.py
[2025-05-02T14:20:46.849+0000] {processor.py:799} INFO - Processing file /opt/airflow/dags/extract.py for tasks to queue
[2025-05-02T14:20:46.852+0000] {logging_mixin.py:149} INFO - [2025-05-02T14:20:46.852+0000] {dagbag.py:541} INFO - Filling up the DagBag from /opt/airflow/dags/extract.py
[2025-05-02T14:20:48.037+0000] {processor.py:809} INFO - DAG(s) dict_keys(['extract']) retrieved from /opt/airflow/dags/extract.py
[2025-05-02T14:20:48.185+0000] {logging_mixin.py:149} INFO - [2025-05-02T14:20:48.181+0000] {dag.py:2726} INFO - Sync 1 DAGs
[2025-05-02T14:20:48.624+0000] {logging_mixin.py:149} INFO - [2025-05-02T14:20:48.623+0000] {dag.py:3490} INFO - Setting next_dagrun for extract to 2025-05-02T00:00:00+00:00, run_after=2025-05-03T00:00:00+00:00
[2025-05-02T14:20:48.697+0000] {processor.py:178} INFO - Processing /opt/airflow/dags/extract.py took 1.858 seconds
[2025-05-02T14:21:19.221+0000] {processor.py:156} INFO - Started process (PID=6872) to work on /opt/airflow/dags/extract.py
[2025-05-02T14:21:19.225+0000] {processor.py:799} INFO - Processing file /opt/airflow/dags/extract.py for tasks to queue
[2025-05-02T14:21:19.228+0000] {logging_mixin.py:149} INFO - [2025-05-02T14:21:19.227+0000] {dagbag.py:541} INFO - Filling up the DagBag from /opt/airflow/dags/extract.py
[2025-05-02T14:21:20.283+0000] {processor.py:809} INFO - DAG(s) dict_keys(['extract']) retrieved from /opt/airflow/dags/extract.py
[2025-05-02T14:21:20.677+0000] {logging_mixin.py:149} INFO - [2025-05-02T14:21:20.675+0000] {dag.py:2726} INFO - Sync 1 DAGs
[2025-05-02T14:21:20.752+0000] {logging_mixin.py:149} INFO - [2025-05-02T14:21:20.752+0000] {dag.py:3490} INFO - Setting next_dagrun for extract to 2025-05-02T00:00:00+00:00, run_after=2025-05-03T00:00:00+00:00
[2025-05-02T14:21:20.825+0000] {processor.py:178} INFO - Processing /opt/airflow/dags/extract.py took 1.610 seconds
[2025-05-02T14:21:51.399+0000] {processor.py:156} INFO - Started process (PID=6889) to work on /opt/airflow/dags/extract.py
[2025-05-02T14:21:51.404+0000] {processor.py:799} INFO - Processing file /opt/airflow/dags/extract.py for tasks to queue
[2025-05-02T14:21:51.406+0000] {logging_mixin.py:149} INFO - [2025-05-02T14:21:51.406+0000] {dagbag.py:541} INFO - Filling up the DagBag from /opt/airflow/dags/extract.py
[2025-05-02T14:21:52.821+0000] {processor.py:809} INFO - DAG(s) dict_keys(['extract']) retrieved from /opt/airflow/dags/extract.py
[2025-05-02T14:21:52.962+0000] {logging_mixin.py:149} INFO - [2025-05-02T14:21:52.961+0000] {dag.py:2726} INFO - Sync 1 DAGs
[2025-05-02T14:21:53.044+0000] {logging_mixin.py:149} INFO - [2025-05-02T14:21:53.044+0000] {dag.py:3490} INFO - Setting next_dagrun for extract to 2025-05-02T00:00:00+00:00, run_after=2025-05-03T00:00:00+00:00
[2025-05-02T14:21:53.120+0000] {processor.py:178} INFO - Processing /opt/airflow/dags/extract.py took 1.729 seconds
[2025-05-02T14:22:23.595+0000] {processor.py:156} INFO - Started process (PID=6906) to work on /opt/airflow/dags/extract.py
[2025-05-02T14:22:23.597+0000] {processor.py:799} INFO - Processing file /opt/airflow/dags/extract.py for tasks to queue
[2025-05-02T14:22:23.600+0000] {logging_mixin.py:149} INFO - [2025-05-02T14:22:23.599+0000] {dagbag.py:541} INFO - Filling up the DagBag from /opt/airflow/dags/extract.py
[2025-05-02T14:22:25.224+0000] {processor.py:809} INFO - DAG(s) dict_keys(['extract']) retrieved from /opt/airflow/dags/extract.py
[2025-05-02T14:22:25.322+0000] {logging_mixin.py:149} INFO - [2025-05-02T14:22:25.320+0000] {dag.py:2726} INFO - Sync 1 DAGs
[2025-05-02T14:22:25.450+0000] {logging_mixin.py:149} INFO - [2025-05-02T14:22:25.449+0000] {dag.py:3490} INFO - Setting next_dagrun for extract to 2025-05-02T00:00:00+00:00, run_after=2025-05-03T00:00:00+00:00
[2025-05-02T14:22:25.545+0000] {processor.py:178} INFO - Processing /opt/airflow/dags/extract.py took 1.958 seconds
[2025-05-02T14:22:56.131+0000] {processor.py:156} INFO - Started process (PID=6923) to work on /opt/airflow/dags/extract.py
[2025-05-02T14:22:56.133+0000] {processor.py:799} INFO - Processing file /opt/airflow/dags/extract.py for tasks to queue
[2025-05-02T14:22:56.135+0000] {logging_mixin.py:149} INFO - [2025-05-02T14:22:56.135+0000] {dagbag.py:541} INFO - Filling up the DagBag from /opt/airflow/dags/extract.py
[2025-05-02T14:22:57.385+0000] {processor.py:809} INFO - DAG(s) dict_keys(['extract']) retrieved from /opt/airflow/dags/extract.py
[2025-05-02T14:22:57.465+0000] {logging_mixin.py:149} INFO - [2025-05-02T14:22:57.462+0000] {dag.py:2726} INFO - Sync 1 DAGs
[2025-05-02T14:22:57.816+0000] {logging_mixin.py:149} INFO - [2025-05-02T14:22:57.816+0000] {dag.py:3490} INFO - Setting next_dagrun for extract to 2025-05-02T00:00:00+00:00, run_after=2025-05-03T00:00:00+00:00
[2025-05-02T14:22:57.882+0000] {processor.py:178} INFO - Processing /opt/airflow/dags/extract.py took 1.758 seconds
[2025-05-02T14:23:28.363+0000] {processor.py:156} INFO - Started process (PID=6940) to work on /opt/airflow/dags/extract.py
[2025-05-02T14:23:28.366+0000] {processor.py:799} INFO - Processing file /opt/airflow/dags/extract.py for tasks to queue
[2025-05-02T14:23:28.369+0000] {logging_mixin.py:149} INFO - [2025-05-02T14:23:28.368+0000] {dagbag.py:541} INFO - Filling up the DagBag from /opt/airflow/dags/extract.py
[2025-05-02T14:23:29.563+0000] {processor.py:809} INFO - DAG(s) dict_keys(['extract']) retrieved from /opt/airflow/dags/extract.py
[2025-05-02T14:23:29.983+0000] {logging_mixin.py:149} INFO - [2025-05-02T14:23:29.982+0000] {dag.py:2726} INFO - Sync 1 DAGs
[2025-05-02T14:23:30.053+0000] {logging_mixin.py:149} INFO - [2025-05-02T14:23:30.052+0000] {dag.py:3490} INFO - Setting next_dagrun for extract to 2025-05-02T00:00:00+00:00, run_after=2025-05-03T00:00:00+00:00
[2025-05-02T14:23:30.200+0000] {processor.py:178} INFO - Processing /opt/airflow/dags/extract.py took 1.845 seconds
[2025-05-02T14:24:00.737+0000] {processor.py:156} INFO - Started process (PID=6957) to work on /opt/airflow/dags/extract.py
[2025-05-02T14:24:00.740+0000] {processor.py:799} INFO - Processing file /opt/airflow/dags/extract.py for tasks to queue
[2025-05-02T14:24:00.742+0000] {logging_mixin.py:149} INFO - [2025-05-02T14:24:00.742+0000] {dagbag.py:541} INFO - Filling up the DagBag from /opt/airflow/dags/extract.py
[2025-05-02T14:24:02.296+0000] {processor.py:809} INFO - DAG(s) dict_keys(['extract']) retrieved from /opt/airflow/dags/extract.py
[2025-05-02T14:24:02.432+0000] {logging_mixin.py:149} INFO - [2025-05-02T14:24:02.430+0000] {dag.py:2726} INFO - Sync 1 DAGs
[2025-05-02T14:24:02.498+0000] {logging_mixin.py:149} INFO - [2025-05-02T14:24:02.497+0000] {dag.py:3490} INFO - Setting next_dagrun for extract to 2025-05-02T00:00:00+00:00, run_after=2025-05-03T00:00:00+00:00
[2025-05-02T14:24:02.623+0000] {processor.py:178} INFO - Processing /opt/airflow/dags/extract.py took 1.894 seconds
[2025-05-02T14:24:33.101+0000] {processor.py:156} INFO - Started process (PID=6974) to work on /opt/airflow/dags/extract.py
[2025-05-02T14:24:33.104+0000] {processor.py:799} INFO - Processing file /opt/airflow/dags/extract.py for tasks to queue
[2025-05-02T14:24:33.106+0000] {logging_mixin.py:149} INFO - [2025-05-02T14:24:33.106+0000] {dagbag.py:541} INFO - Filling up the DagBag from /opt/airflow/dags/extract.py
[2025-05-02T14:24:34.590+0000] {processor.py:809} INFO - DAG(s) dict_keys(['extract']) retrieved from /opt/airflow/dags/extract.py
[2025-05-02T14:24:34.651+0000] {logging_mixin.py:149} INFO - [2025-05-02T14:24:34.650+0000] {dag.py:2726} INFO - Sync 1 DAGs
[2025-05-02T14:24:34.728+0000] {logging_mixin.py:149} INFO - [2025-05-02T14:24:34.728+0000] {dag.py:3490} INFO - Setting next_dagrun for extract to 2025-05-02T00:00:00+00:00, run_after=2025-05-03T00:00:00+00:00
[2025-05-02T14:24:34.796+0000] {processor.py:178} INFO - Processing /opt/airflow/dags/extract.py took 1.703 seconds
[2025-05-02T14:51:14.515+0000] {processor.py:156} INFO - Started process (PID=6991) to work on /opt/airflow/dags/extract.py
[2025-05-02T14:51:14.805+0000] {processor.py:799} INFO - Processing file /opt/airflow/dags/extract.py for tasks to queue
[2025-05-02T14:51:14.901+0000] {logging_mixin.py:149} INFO - [2025-05-02T14:51:14.895+0000] {dagbag.py:541} INFO - Filling up the DagBag from /opt/airflow/dags/extract.py
