[2025-05-03T08:43:26.068+0000] {processor.py:156} INFO - Started process (PID=7012) to work on /opt/airflow/dags/extract.py
[2025-05-03T08:43:26.077+0000] {processor.py:799} INFO - Processing file /opt/airflow/dags/extract.py for tasks to queue
[2025-05-03T08:43:26.098+0000] {logging_mixin.py:149} INFO - [2025-05-03T08:43:26.095+0000] {dagbag.py:541} INFO - Filling up the DagBag from /opt/airflow/dags/extract.py
[2025-05-03T08:43:42.430+0000] {processor.py:809} INFO - DAG(s) dict_keys(['extract']) retrieved from /opt/airflow/dags/extract.py
[2025-05-03T08:43:46.883+0000] {logging_mixin.py:149} INFO - [2025-05-03T08:43:46.881+0000] {dag.py:2726} INFO - Sync 1 DAGs
[2025-05-03T08:43:46.993+0000] {logging_mixin.py:149} INFO - [2025-05-03T08:43:46.993+0000] {dag.py:3490} INFO - Setting next_dagrun for extract to 2025-05-03T00:00:00+00:00, run_after=2025-05-04T00:00:00+00:00
[2025-05-03T08:43:47.103+0000] {processor.py:178} INFO - Processing /opt/airflow/dags/extract.py took 21.158 seconds
[2025-05-03T08:44:17.795+0000] {processor.py:156} INFO - Started process (PID=7056) to work on /opt/airflow/dags/extract.py
[2025-05-03T08:44:17.800+0000] {processor.py:799} INFO - Processing file /opt/airflow/dags/extract.py for tasks to queue
[2025-05-03T08:44:17.805+0000] {logging_mixin.py:149} INFO - [2025-05-03T08:44:17.804+0000] {dagbag.py:541} INFO - Filling up the DagBag from /opt/airflow/dags/extract.py
[2025-05-03T08:44:20.106+0000] {processor.py:809} INFO - DAG(s) dict_keys(['extract']) retrieved from /opt/airflow/dags/extract.py
[2025-05-03T08:44:20.173+0000] {logging_mixin.py:149} INFO - [2025-05-03T08:44:20.172+0000] {dag.py:2726} INFO - Sync 1 DAGs
[2025-05-03T08:44:20.254+0000] {logging_mixin.py:149} INFO - [2025-05-03T08:44:20.254+0000] {dag.py:3490} INFO - Setting next_dagrun for extract to 2025-05-03T00:00:00+00:00, run_after=2025-05-04T00:00:00+00:00
[2025-05-03T08:44:20.325+0000] {processor.py:178} INFO - Processing /opt/airflow/dags/extract.py took 2.558 seconds
[2025-05-03T08:44:50.942+0000] {processor.py:156} INFO - Started process (PID=7088) to work on /opt/airflow/dags/extract.py
[2025-05-03T08:44:50.946+0000] {processor.py:799} INFO - Processing file /opt/airflow/dags/extract.py for tasks to queue
[2025-05-03T08:44:50.950+0000] {logging_mixin.py:149} INFO - [2025-05-03T08:44:50.949+0000] {dagbag.py:541} INFO - Filling up the DagBag from /opt/airflow/dags/extract.py
[2025-05-03T08:44:52.629+0000] {processor.py:809} INFO - DAG(s) dict_keys(['extract']) retrieved from /opt/airflow/dags/extract.py
[2025-05-03T08:44:52.784+0000] {logging_mixin.py:149} INFO - [2025-05-03T08:44:52.783+0000] {dag.py:2726} INFO - Sync 1 DAGs
[2025-05-03T08:44:52.870+0000] {logging_mixin.py:149} INFO - [2025-05-03T08:44:52.870+0000] {dag.py:3490} INFO - Setting next_dagrun for extract to 2025-05-03T00:00:00+00:00, run_after=2025-05-04T00:00:00+00:00
[2025-05-03T08:44:54.936+0000] {processor.py:178} INFO - Processing /opt/airflow/dags/extract.py took 2.033 seconds
[2025-05-03T08:45:25.468+0000] {processor.py:156} INFO - Started process (PID=7105) to work on /opt/airflow/dags/extract.py
[2025-05-03T08:45:25.471+0000] {processor.py:799} INFO - Processing file /opt/airflow/dags/extract.py for tasks to queue
[2025-05-03T08:45:25.478+0000] {logging_mixin.py:149} INFO - [2025-05-03T08:45:25.477+0000] {dagbag.py:541} INFO - Filling up the DagBag from /opt/airflow/dags/extract.py
[2025-05-03T08:45:27.046+0000] {processor.py:809} INFO - DAG(s) dict_keys(['extract']) retrieved from /opt/airflow/dags/extract.py
[2025-05-03T08:45:27.120+0000] {logging_mixin.py:149} INFO - [2025-05-03T08:45:27.119+0000] {dag.py:2726} INFO - Sync 1 DAGs
[2025-05-03T08:45:27.206+0000] {logging_mixin.py:149} INFO - [2025-05-03T08:45:27.206+0000] {dag.py:3490} INFO - Setting next_dagrun for extract to 2025-05-03T00:00:00+00:00, run_after=2025-05-04T00:00:00+00:00
[2025-05-03T08:45:27.347+0000] {processor.py:178} INFO - Processing /opt/airflow/dags/extract.py took 1.884 seconds
[2025-05-03T08:45:58.051+0000] {processor.py:156} INFO - Started process (PID=7122) to work on /opt/airflow/dags/extract.py
[2025-05-03T08:45:58.053+0000] {processor.py:799} INFO - Processing file /opt/airflow/dags/extract.py for tasks to queue
[2025-05-03T08:45:58.057+0000] {logging_mixin.py:149} INFO - [2025-05-03T08:45:58.056+0000] {dagbag.py:541} INFO - Filling up the DagBag from /opt/airflow/dags/extract.py
[2025-05-03T08:45:59.562+0000] {processor.py:809} INFO - DAG(s) dict_keys(['extract']) retrieved from /opt/airflow/dags/extract.py
[2025-05-03T08:46:00.118+0000] {logging_mixin.py:149} INFO - [2025-05-03T08:46:00.117+0000] {dag.py:2726} INFO - Sync 1 DAGs
[2025-05-03T08:46:00.208+0000] {logging_mixin.py:149} INFO - [2025-05-03T08:46:00.208+0000] {dag.py:3490} INFO - Setting next_dagrun for extract to 2025-05-03T00:00:00+00:00, run_after=2025-05-04T00:00:00+00:00
[2025-05-03T08:46:00.312+0000] {processor.py:178} INFO - Processing /opt/airflow/dags/extract.py took 2.279 seconds
[2025-05-03T08:46:30.629+0000] {processor.py:156} INFO - Started process (PID=7139) to work on /opt/airflow/dags/extract.py
[2025-05-03T08:46:30.632+0000] {processor.py:799} INFO - Processing file /opt/airflow/dags/extract.py for tasks to queue
[2025-05-03T08:46:30.634+0000] {logging_mixin.py:149} INFO - [2025-05-03T08:46:30.634+0000] {dagbag.py:541} INFO - Filling up the DagBag from /opt/airflow/dags/extract.py
[2025-05-03T08:46:32.256+0000] {processor.py:809} INFO - DAG(s) dict_keys(['extract']) retrieved from /opt/airflow/dags/extract.py
[2025-05-03T08:46:32.370+0000] {logging_mixin.py:149} INFO - [2025-05-03T08:46:32.368+0000] {dag.py:2726} INFO - Sync 1 DAGs
[2025-05-03T08:46:32.466+0000] {logging_mixin.py:149} INFO - [2025-05-03T08:46:32.466+0000] {dag.py:3490} INFO - Setting next_dagrun for extract to 2025-05-03T00:00:00+00:00, run_after=2025-05-04T00:00:00+00:00
[2025-05-03T08:46:32.556+0000] {processor.py:178} INFO - Processing /opt/airflow/dags/extract.py took 1.934 seconds
[2025-05-03T08:47:03.255+0000] {processor.py:156} INFO - Started process (PID=7156) to work on /opt/airflow/dags/extract.py
[2025-05-03T08:47:03.260+0000] {processor.py:799} INFO - Processing file /opt/airflow/dags/extract.py for tasks to queue
[2025-05-03T08:47:03.263+0000] {logging_mixin.py:149} INFO - [2025-05-03T08:47:03.262+0000] {dagbag.py:541} INFO - Filling up the DagBag from /opt/airflow/dags/extract.py
[2025-05-03T08:47:04.862+0000] {processor.py:809} INFO - DAG(s) dict_keys(['extract']) retrieved from /opt/airflow/dags/extract.py
[2025-05-03T08:47:05.023+0000] {logging_mixin.py:149} INFO - [2025-05-03T08:47:05.022+0000] {dag.py:2726} INFO - Sync 1 DAGs
[2025-05-03T08:47:05.107+0000] {logging_mixin.py:149} INFO - [2025-05-03T08:47:05.106+0000] {dag.py:3490} INFO - Setting next_dagrun for extract to 2025-05-03T00:00:00+00:00, run_after=2025-05-04T00:00:00+00:00
[2025-05-03T08:47:05.198+0000] {processor.py:178} INFO - Processing /opt/airflow/dags/extract.py took 1.974 seconds
[2025-05-03T08:47:35.714+0000] {processor.py:156} INFO - Started process (PID=7173) to work on /opt/airflow/dags/extract.py
[2025-05-03T08:47:35.716+0000] {processor.py:799} INFO - Processing file /opt/airflow/dags/extract.py for tasks to queue
[2025-05-03T08:47:35.718+0000] {logging_mixin.py:149} INFO - [2025-05-03T08:47:35.718+0000] {dagbag.py:541} INFO - Filling up the DagBag from /opt/airflow/dags/extract.py
[2025-05-03T08:47:37.369+0000] {processor.py:809} INFO - DAG(s) dict_keys(['extract']) retrieved from /opt/airflow/dags/extract.py
[2025-05-03T08:47:37.455+0000] {logging_mixin.py:149} INFO - [2025-05-03T08:47:37.454+0000] {dag.py:2726} INFO - Sync 1 DAGs
[2025-05-03T08:47:37.563+0000] {logging_mixin.py:149} INFO - [2025-05-03T08:47:37.562+0000] {dag.py:3490} INFO - Setting next_dagrun for extract to 2025-05-03T00:00:00+00:00, run_after=2025-05-04T00:00:00+00:00
[2025-05-03T08:47:37.639+0000] {processor.py:178} INFO - Processing /opt/airflow/dags/extract.py took 1.937 seconds
[2025-05-03T08:48:08.473+0000] {processor.py:156} INFO - Started process (PID=7190) to work on /opt/airflow/dags/extract.py
[2025-05-03T08:48:08.475+0000] {processor.py:799} INFO - Processing file /opt/airflow/dags/extract.py for tasks to queue
[2025-05-03T08:48:08.477+0000] {logging_mixin.py:149} INFO - [2025-05-03T08:48:08.477+0000] {dagbag.py:541} INFO - Filling up the DagBag from /opt/airflow/dags/extract.py
[2025-05-03T08:48:09.953+0000] {processor.py:809} INFO - DAG(s) dict_keys(['extract']) retrieved from /opt/airflow/dags/extract.py
[2025-05-03T08:48:10.374+0000] {logging_mixin.py:149} INFO - [2025-05-03T08:48:10.373+0000] {dag.py:2726} INFO - Sync 1 DAGs
[2025-05-03T08:48:10.515+0000] {logging_mixin.py:149} INFO - [2025-05-03T08:48:10.514+0000] {dag.py:3490} INFO - Setting next_dagrun for extract to 2025-05-03T00:00:00+00:00, run_after=2025-05-04T00:00:00+00:00
[2025-05-03T08:48:10.606+0000] {processor.py:178} INFO - Processing /opt/airflow/dags/extract.py took 2.161 seconds
[2025-05-03T08:48:41.319+0000] {processor.py:156} INFO - Started process (PID=7207) to work on /opt/airflow/dags/extract.py
[2025-05-03T08:48:41.322+0000] {processor.py:799} INFO - Processing file /opt/airflow/dags/extract.py for tasks to queue
[2025-05-03T08:48:41.325+0000] {logging_mixin.py:149} INFO - [2025-05-03T08:48:41.324+0000] {dagbag.py:541} INFO - Filling up the DagBag from /opt/airflow/dags/extract.py
[2025-05-03T08:48:43.631+0000] {processor.py:809} INFO - DAG(s) dict_keys(['extract']) retrieved from /opt/airflow/dags/extract.py
[2025-05-03T08:48:43.747+0000] {logging_mixin.py:149} INFO - [2025-05-03T08:48:43.746+0000] {dag.py:2726} INFO - Sync 1 DAGs
[2025-05-03T08:48:43.862+0000] {logging_mixin.py:149} INFO - [2025-05-03T08:48:43.862+0000] {dag.py:3490} INFO - Setting next_dagrun for extract to 2025-05-03T00:00:00+00:00, run_after=2025-05-04T00:00:00+00:00
[2025-05-03T08:48:44.009+0000] {processor.py:178} INFO - Processing /opt/airflow/dags/extract.py took 2.695 seconds
[2025-05-03T08:49:14.441+0000] {processor.py:156} INFO - Started process (PID=7224) to work on /opt/airflow/dags/extract.py
[2025-05-03T08:49:14.444+0000] {processor.py:799} INFO - Processing file /opt/airflow/dags/extract.py for tasks to queue
[2025-05-03T08:49:14.446+0000] {logging_mixin.py:149} INFO - [2025-05-03T08:49:14.446+0000] {dagbag.py:541} INFO - Filling up the DagBag from /opt/airflow/dags/extract.py
[2025-05-03T08:49:16.125+0000] {processor.py:809} INFO - DAG(s) dict_keys(['extract']) retrieved from /opt/airflow/dags/extract.py
[2025-05-03T08:49:16.224+0000] {logging_mixin.py:149} INFO - [2025-05-03T08:49:16.223+0000] {dag.py:2726} INFO - Sync 1 DAGs
[2025-05-03T08:49:16.341+0000] {logging_mixin.py:149} INFO - [2025-05-03T08:49:16.341+0000] {dag.py:3490} INFO - Setting next_dagrun for extract to 2025-05-03T00:00:00+00:00, run_after=2025-05-04T00:00:00+00:00
[2025-05-03T08:49:16.425+0000] {processor.py:178} INFO - Processing /opt/airflow/dags/extract.py took 2.000 seconds
[2025-05-03T08:49:47.116+0000] {processor.py:156} INFO - Started process (PID=7241) to work on /opt/airflow/dags/extract.py
[2025-05-03T08:49:47.119+0000] {processor.py:799} INFO - Processing file /opt/airflow/dags/extract.py for tasks to queue
[2025-05-03T08:49:47.127+0000] {logging_mixin.py:149} INFO - [2025-05-03T08:49:47.126+0000] {dagbag.py:541} INFO - Filling up the DagBag from /opt/airflow/dags/extract.py
[2025-05-03T08:49:48.905+0000] {processor.py:809} INFO - DAG(s) dict_keys(['extract']) retrieved from /opt/airflow/dags/extract.py
[2025-05-03T08:49:49.078+0000] {logging_mixin.py:149} INFO - [2025-05-03T08:49:49.077+0000] {dag.py:2726} INFO - Sync 1 DAGs
[2025-05-03T08:49:49.186+0000] {logging_mixin.py:149} INFO - [2025-05-03T08:49:49.185+0000] {dag.py:3490} INFO - Setting next_dagrun for extract to 2025-05-03T00:00:00+00:00, run_after=2025-05-04T00:00:00+00:00
[2025-05-03T08:49:49.271+0000] {processor.py:178} INFO - Processing /opt/airflow/dags/extract.py took 2.160 seconds
[2025-05-03T08:50:19.662+0000] {processor.py:156} INFO - Started process (PID=7258) to work on /opt/airflow/dags/extract.py
[2025-05-03T08:50:19.665+0000] {processor.py:799} INFO - Processing file /opt/airflow/dags/extract.py for tasks to queue
[2025-05-03T08:50:19.667+0000] {logging_mixin.py:149} INFO - [2025-05-03T08:50:19.667+0000] {dagbag.py:541} INFO - Filling up the DagBag from /opt/airflow/dags/extract.py
[2025-05-03T08:50:21.284+0000] {processor.py:809} INFO - DAG(s) dict_keys(['extract']) retrieved from /opt/airflow/dags/extract.py
[2025-05-03T08:50:21.365+0000] {logging_mixin.py:149} INFO - [2025-05-03T08:50:21.364+0000] {dag.py:2726} INFO - Sync 1 DAGs
[2025-05-03T08:50:21.461+0000] {logging_mixin.py:149} INFO - [2025-05-03T08:50:21.461+0000] {dag.py:3490} INFO - Setting next_dagrun for extract to 2025-05-03T00:00:00+00:00, run_after=2025-05-04T00:00:00+00:00
[2025-05-03T08:50:21.554+0000] {processor.py:178} INFO - Processing /opt/airflow/dags/extract.py took 1.901 seconds
[2025-05-03T08:50:52.329+0000] {processor.py:156} INFO - Started process (PID=7275) to work on /opt/airflow/dags/extract.py
[2025-05-03T08:50:52.333+0000] {processor.py:799} INFO - Processing file /opt/airflow/dags/extract.py for tasks to queue
[2025-05-03T08:50:52.343+0000] {logging_mixin.py:149} INFO - [2025-05-03T08:50:52.343+0000] {dagbag.py:541} INFO - Filling up the DagBag from /opt/airflow/dags/extract.py
[2025-05-03T08:50:54.341+0000] {processor.py:809} INFO - DAG(s) dict_keys(['extract']) retrieved from /opt/airflow/dags/extract.py
[2025-05-03T08:50:54.491+0000] {logging_mixin.py:149} INFO - [2025-05-03T08:50:54.490+0000] {dag.py:2726} INFO - Sync 1 DAGs
[2025-05-03T08:50:54.593+0000] {logging_mixin.py:149} INFO - [2025-05-03T08:50:54.593+0000] {dag.py:3490} INFO - Setting next_dagrun for extract to 2025-05-03T00:00:00+00:00, run_after=2025-05-04T00:00:00+00:00
[2025-05-03T08:50:54.680+0000] {processor.py:178} INFO - Processing /opt/airflow/dags/extract.py took 2.357 seconds
[2025-05-03T08:51:24.947+0000] {processor.py:156} INFO - Started process (PID=7292) to work on /opt/airflow/dags/extract.py
[2025-05-03T08:51:24.949+0000] {processor.py:799} INFO - Processing file /opt/airflow/dags/extract.py for tasks to queue
[2025-05-03T08:51:24.962+0000] {logging_mixin.py:149} INFO - [2025-05-03T08:51:24.960+0000] {dagbag.py:541} INFO - Filling up the DagBag from /opt/airflow/dags/extract.py
[2025-05-03T08:51:26.480+0000] {processor.py:809} INFO - DAG(s) dict_keys(['extract']) retrieved from /opt/airflow/dags/extract.py
[2025-05-03T08:51:26.640+0000] {logging_mixin.py:149} INFO - [2025-05-03T08:51:26.639+0000] {dag.py:2726} INFO - Sync 1 DAGs
[2025-05-03T08:51:26.741+0000] {logging_mixin.py:149} INFO - [2025-05-03T08:51:26.740+0000] {dag.py:3490} INFO - Setting next_dagrun for extract to 2025-05-03T00:00:00+00:00, run_after=2025-05-04T00:00:00+00:00
[2025-05-03T08:51:26.828+0000] {processor.py:178} INFO - Processing /opt/airflow/dags/extract.py took 1.888 seconds
[2025-05-03T08:51:57.531+0000] {processor.py:156} INFO - Started process (PID=7309) to work on /opt/airflow/dags/extract.py
[2025-05-03T08:51:57.534+0000] {processor.py:799} INFO - Processing file /opt/airflow/dags/extract.py for tasks to queue
[2025-05-03T08:51:57.537+0000] {logging_mixin.py:149} INFO - [2025-05-03T08:51:57.537+0000] {dagbag.py:541} INFO - Filling up the DagBag from /opt/airflow/dags/extract.py
[2025-05-03T08:51:59.208+0000] {processor.py:809} INFO - DAG(s) dict_keys(['extract']) retrieved from /opt/airflow/dags/extract.py
[2025-05-03T08:51:59.313+0000] {logging_mixin.py:149} INFO - [2025-05-03T08:51:59.305+0000] {dag.py:2726} INFO - Sync 1 DAGs
[2025-05-03T08:51:59.403+0000] {logging_mixin.py:149} INFO - [2025-05-03T08:51:59.403+0000] {dag.py:3490} INFO - Setting next_dagrun for extract to 2025-05-03T00:00:00+00:00, run_after=2025-05-04T00:00:00+00:00
[2025-05-03T08:51:59.550+0000] {processor.py:178} INFO - Processing /opt/airflow/dags/extract.py took 2.025 seconds
[2025-05-03T08:52:30.216+0000] {processor.py:156} INFO - Started process (PID=7326) to work on /opt/airflow/dags/extract.py
[2025-05-03T08:52:30.219+0000] {processor.py:799} INFO - Processing file /opt/airflow/dags/extract.py for tasks to queue
[2025-05-03T08:52:30.221+0000] {logging_mixin.py:149} INFO - [2025-05-03T08:52:30.221+0000] {dagbag.py:541} INFO - Filling up the DagBag from /opt/airflow/dags/extract.py
[2025-05-03T08:52:31.990+0000] {processor.py:809} INFO - DAG(s) dict_keys(['extract']) retrieved from /opt/airflow/dags/extract.py
[2025-05-03T08:52:32.085+0000] {logging_mixin.py:149} INFO - [2025-05-03T08:52:32.083+0000] {dag.py:2726} INFO - Sync 1 DAGs
[2025-05-03T08:52:32.180+0000] {logging_mixin.py:149} INFO - [2025-05-03T08:52:32.180+0000] {dag.py:3490} INFO - Setting next_dagrun for extract to 2025-05-03T00:00:00+00:00, run_after=2025-05-04T00:00:00+00:00
[2025-05-03T08:52:32.275+0000] {processor.py:178} INFO - Processing /opt/airflow/dags/extract.py took 2.080 seconds
[2025-05-03T08:53:02.811+0000] {processor.py:156} INFO - Started process (PID=7343) to work on /opt/airflow/dags/extract.py
[2025-05-03T08:53:02.814+0000] {processor.py:799} INFO - Processing file /opt/airflow/dags/extract.py for tasks to queue
[2025-05-03T08:53:02.816+0000] {logging_mixin.py:149} INFO - [2025-05-03T08:53:02.816+0000] {dagbag.py:541} INFO - Filling up the DagBag from /opt/airflow/dags/extract.py
[2025-05-03T08:53:04.416+0000] {processor.py:809} INFO - DAG(s) dict_keys(['extract']) retrieved from /opt/airflow/dags/extract.py
[2025-05-03T08:53:04.547+0000] {logging_mixin.py:149} INFO - [2025-05-03T08:53:04.546+0000] {dag.py:2726} INFO - Sync 1 DAGs
[2025-05-03T08:53:04.628+0000] {logging_mixin.py:149} INFO - [2025-05-03T08:53:04.628+0000] {dag.py:3490} INFO - Setting next_dagrun for extract to 2025-05-03T00:00:00+00:00, run_after=2025-05-04T00:00:00+00:00
[2025-05-03T08:53:04.715+0000] {processor.py:178} INFO - Processing /opt/airflow/dags/extract.py took 1.915 seconds
[2025-05-03T08:53:35.671+0000] {processor.py:156} INFO - Started process (PID=7360) to work on /opt/airflow/dags/extract.py
[2025-05-03T08:53:35.674+0000] {processor.py:799} INFO - Processing file /opt/airflow/dags/extract.py for tasks to queue
[2025-05-03T08:53:35.679+0000] {logging_mixin.py:149} INFO - [2025-05-03T08:53:35.678+0000] {dagbag.py:541} INFO - Filling up the DagBag from /opt/airflow/dags/extract.py
[2025-05-03T08:53:37.327+0000] {processor.py:809} INFO - DAG(s) dict_keys(['extract']) retrieved from /opt/airflow/dags/extract.py
[2025-05-03T08:53:37.404+0000] {logging_mixin.py:149} INFO - [2025-05-03T08:53:37.403+0000] {dag.py:2726} INFO - Sync 1 DAGs
[2025-05-03T08:53:37.497+0000] {logging_mixin.py:149} INFO - [2025-05-03T08:53:37.496+0000] {dag.py:3490} INFO - Setting next_dagrun for extract to 2025-05-03T00:00:00+00:00, run_after=2025-05-04T00:00:00+00:00
[2025-05-03T08:53:37.625+0000] {processor.py:178} INFO - Processing /opt/airflow/dags/extract.py took 1.960 seconds
[2025-05-03T08:54:08.274+0000] {processor.py:156} INFO - Started process (PID=7377) to work on /opt/airflow/dags/extract.py
[2025-05-03T08:54:08.277+0000] {processor.py:799} INFO - Processing file /opt/airflow/dags/extract.py for tasks to queue
[2025-05-03T08:54:08.279+0000] {logging_mixin.py:149} INFO - [2025-05-03T08:54:08.278+0000] {dagbag.py:541} INFO - Filling up the DagBag from /opt/airflow/dags/extract.py
[2025-05-03T08:54:09.925+0000] {processor.py:809} INFO - DAG(s) dict_keys(['extract']) retrieved from /opt/airflow/dags/extract.py
[2025-05-03T08:54:10.010+0000] {logging_mixin.py:149} INFO - [2025-05-03T08:54:10.009+0000] {dag.py:2726} INFO - Sync 1 DAGs
[2025-05-03T08:54:10.104+0000] {logging_mixin.py:149} INFO - [2025-05-03T08:54:10.104+0000] {dag.py:3490} INFO - Setting next_dagrun for extract to 2025-05-03T00:00:00+00:00, run_after=2025-05-04T00:00:00+00:00
[2025-05-03T08:54:10.200+0000] {processor.py:178} INFO - Processing /opt/airflow/dags/extract.py took 1.931 seconds
[2025-05-03T08:54:40.983+0000] {processor.py:156} INFO - Started process (PID=7394) to work on /opt/airflow/dags/extract.py
[2025-05-03T08:54:40.986+0000] {processor.py:799} INFO - Processing file /opt/airflow/dags/extract.py for tasks to queue
[2025-05-03T08:54:40.988+0000] {logging_mixin.py:149} INFO - [2025-05-03T08:54:40.988+0000] {dagbag.py:541} INFO - Filling up the DagBag from /opt/airflow/dags/extract.py
[2025-05-03T08:54:42.618+0000] {processor.py:809} INFO - DAG(s) dict_keys(['extract']) retrieved from /opt/airflow/dags/extract.py
[2025-05-03T08:54:42.810+0000] {logging_mixin.py:149} INFO - [2025-05-03T08:54:42.809+0000] {dag.py:2726} INFO - Sync 1 DAGs
[2025-05-03T08:54:42.910+0000] {logging_mixin.py:149} INFO - [2025-05-03T08:54:42.909+0000] {dag.py:3490} INFO - Setting next_dagrun for extract to 2025-05-03T00:00:00+00:00, run_after=2025-05-04T00:00:00+00:00
[2025-05-03T08:54:42.999+0000] {processor.py:178} INFO - Processing /opt/airflow/dags/extract.py took 2.022 seconds
[2025-05-03T08:55:13.646+0000] {processor.py:156} INFO - Started process (PID=7411) to work on /opt/airflow/dags/extract.py
[2025-05-03T08:55:13.649+0000] {processor.py:799} INFO - Processing file /opt/airflow/dags/extract.py for tasks to queue
[2025-05-03T08:55:13.651+0000] {logging_mixin.py:149} INFO - [2025-05-03T08:55:13.651+0000] {dagbag.py:541} INFO - Filling up the DagBag from /opt/airflow/dags/extract.py
[2025-05-03T08:55:15.192+0000] {processor.py:809} INFO - DAG(s) dict_keys(['extract']) retrieved from /opt/airflow/dags/extract.py
[2025-05-03T08:55:15.341+0000] {logging_mixin.py:149} INFO - [2025-05-03T08:55:15.340+0000] {dag.py:2726} INFO - Sync 1 DAGs
[2025-05-03T08:55:15.419+0000] {logging_mixin.py:149} INFO - [2025-05-03T08:55:15.419+0000] {dag.py:3490} INFO - Setting next_dagrun for extract to 2025-05-03T00:00:00+00:00, run_after=2025-05-04T00:00:00+00:00
[2025-05-03T08:55:15.500+0000] {processor.py:178} INFO - Processing /opt/airflow/dags/extract.py took 1.859 seconds
[2025-05-03T08:55:46.184+0000] {processor.py:156} INFO - Started process (PID=7428) to work on /opt/airflow/dags/extract.py
[2025-05-03T08:55:46.187+0000] {processor.py:799} INFO - Processing file /opt/airflow/dags/extract.py for tasks to queue
[2025-05-03T08:55:46.197+0000] {logging_mixin.py:149} INFO - [2025-05-03T08:55:46.197+0000] {dagbag.py:541} INFO - Filling up the DagBag from /opt/airflow/dags/extract.py
[2025-05-03T08:55:47.824+0000] {processor.py:809} INFO - DAG(s) dict_keys(['extract']) retrieved from /opt/airflow/dags/extract.py
[2025-05-03T08:55:47.985+0000] {logging_mixin.py:149} INFO - [2025-05-03T08:55:47.984+0000] {dag.py:2726} INFO - Sync 1 DAGs
[2025-05-03T08:55:48.102+0000] {logging_mixin.py:149} INFO - [2025-05-03T08:55:48.101+0000] {dag.py:3490} INFO - Setting next_dagrun for extract to 2025-05-03T00:00:00+00:00, run_after=2025-05-04T00:00:00+00:00
[2025-05-03T08:55:48.247+0000] {processor.py:178} INFO - Processing /opt/airflow/dags/extract.py took 2.068 seconds
[2025-05-03T08:56:18.772+0000] {processor.py:156} INFO - Started process (PID=7445) to work on /opt/airflow/dags/extract.py
[2025-05-03T08:56:18.774+0000] {processor.py:799} INFO - Processing file /opt/airflow/dags/extract.py for tasks to queue
[2025-05-03T08:56:18.779+0000] {logging_mixin.py:149} INFO - [2025-05-03T08:56:18.778+0000] {dagbag.py:541} INFO - Filling up the DagBag from /opt/airflow/dags/extract.py
[2025-05-03T08:56:20.417+0000] {processor.py:809} INFO - DAG(s) dict_keys(['extract']) retrieved from /opt/airflow/dags/extract.py
[2025-05-03T08:56:20.561+0000] {logging_mixin.py:149} INFO - [2025-05-03T08:56:20.560+0000] {dag.py:2726} INFO - Sync 1 DAGs
[2025-05-03T08:56:20.651+0000] {logging_mixin.py:149} INFO - [2025-05-03T08:56:20.650+0000] {dag.py:3490} INFO - Setting next_dagrun for extract to 2025-05-03T00:00:00+00:00, run_after=2025-05-04T00:00:00+00:00
[2025-05-03T08:56:20.814+0000] {processor.py:178} INFO - Processing /opt/airflow/dags/extract.py took 2.048 seconds
[2025-05-03T08:56:51.469+0000] {processor.py:156} INFO - Started process (PID=7462) to work on /opt/airflow/dags/extract.py
[2025-05-03T08:56:51.476+0000] {processor.py:799} INFO - Processing file /opt/airflow/dags/extract.py for tasks to queue
[2025-05-03T08:56:51.480+0000] {logging_mixin.py:149} INFO - [2025-05-03T08:56:51.479+0000] {dagbag.py:541} INFO - Filling up the DagBag from /opt/airflow/dags/extract.py
[2025-05-03T08:56:53.109+0000] {processor.py:809} INFO - DAG(s) dict_keys(['extract']) retrieved from /opt/airflow/dags/extract.py
[2025-05-03T08:56:53.252+0000] {logging_mixin.py:149} INFO - [2025-05-03T08:56:53.251+0000] {dag.py:2726} INFO - Sync 1 DAGs
[2025-05-03T08:56:53.341+0000] {logging_mixin.py:149} INFO - [2025-05-03T08:56:53.341+0000] {dag.py:3490} INFO - Setting next_dagrun for extract to 2025-05-03T00:00:00+00:00, run_after=2025-05-04T00:00:00+00:00
[2025-05-03T08:56:53.424+0000] {processor.py:178} INFO - Processing /opt/airflow/dags/extract.py took 1.991 seconds
[2025-05-03T08:57:24.152+0000] {processor.py:156} INFO - Started process (PID=7479) to work on /opt/airflow/dags/extract.py
[2025-05-03T08:57:24.155+0000] {processor.py:799} INFO - Processing file /opt/airflow/dags/extract.py for tasks to queue
[2025-05-03T08:57:24.167+0000] {logging_mixin.py:149} INFO - [2025-05-03T08:57:24.166+0000] {dagbag.py:541} INFO - Filling up the DagBag from /opt/airflow/dags/extract.py
[2025-05-03T08:57:25.738+0000] {processor.py:809} INFO - DAG(s) dict_keys(['extract']) retrieved from /opt/airflow/dags/extract.py
[2025-05-03T08:57:25.821+0000] {logging_mixin.py:149} INFO - [2025-05-03T08:57:25.820+0000] {dag.py:2726} INFO - Sync 1 DAGs
[2025-05-03T08:57:25.890+0000] {logging_mixin.py:149} INFO - [2025-05-03T08:57:25.890+0000] {dag.py:3490} INFO - Setting next_dagrun for extract to 2025-05-03T00:00:00+00:00, run_after=2025-05-04T00:00:00+00:00
[2025-05-03T08:57:26.051+0000] {processor.py:178} INFO - Processing /opt/airflow/dags/extract.py took 1.943 seconds
[2025-05-03T08:57:56.700+0000] {processor.py:156} INFO - Started process (PID=7496) to work on /opt/airflow/dags/extract.py
[2025-05-03T08:57:56.703+0000] {processor.py:799} INFO - Processing file /opt/airflow/dags/extract.py for tasks to queue
[2025-05-03T08:57:56.706+0000] {logging_mixin.py:149} INFO - [2025-05-03T08:57:56.705+0000] {dagbag.py:541} INFO - Filling up the DagBag from /opt/airflow/dags/extract.py
[2025-05-03T08:57:58.323+0000] {processor.py:809} INFO - DAG(s) dict_keys(['extract']) retrieved from /opt/airflow/dags/extract.py
[2025-05-03T08:57:58.399+0000] {logging_mixin.py:149} INFO - [2025-05-03T08:57:58.398+0000] {dag.py:2726} INFO - Sync 1 DAGs
[2025-05-03T08:57:58.491+0000] {logging_mixin.py:149} INFO - [2025-05-03T08:57:58.491+0000] {dag.py:3490} INFO - Setting next_dagrun for extract to 2025-05-03T00:00:00+00:00, run_after=2025-05-04T00:00:00+00:00
[2025-05-03T08:57:58.564+0000] {processor.py:178} INFO - Processing /opt/airflow/dags/extract.py took 1.870 seconds
[2025-05-03T08:58:29.397+0000] {processor.py:156} INFO - Started process (PID=7513) to work on /opt/airflow/dags/extract.py
[2025-05-03T08:58:29.401+0000] {processor.py:799} INFO - Processing file /opt/airflow/dags/extract.py for tasks to queue
[2025-05-03T08:58:29.420+0000] {logging_mixin.py:149} INFO - [2025-05-03T08:58:29.420+0000] {dagbag.py:541} INFO - Filling up the DagBag from /opt/airflow/dags/extract.py
[2025-05-03T08:58:30.994+0000] {processor.py:809} INFO - DAG(s) dict_keys(['extract']) retrieved from /opt/airflow/dags/extract.py
[2025-05-03T08:58:31.146+0000] {logging_mixin.py:149} INFO - [2025-05-03T08:58:31.145+0000] {dag.py:2726} INFO - Sync 1 DAGs
[2025-05-03T08:58:31.226+0000] {logging_mixin.py:149} INFO - [2025-05-03T08:58:31.225+0000] {dag.py:3490} INFO - Setting next_dagrun for extract to 2025-05-03T00:00:00+00:00, run_after=2025-05-04T00:00:00+00:00
[2025-05-03T08:58:31.302+0000] {processor.py:178} INFO - Processing /opt/airflow/dags/extract.py took 1.911 seconds
[2025-05-03T08:59:01.903+0000] {processor.py:156} INFO - Started process (PID=7530) to work on /opt/airflow/dags/extract.py
[2025-05-03T08:59:01.905+0000] {processor.py:799} INFO - Processing file /opt/airflow/dags/extract.py for tasks to queue
[2025-05-03T08:59:01.907+0000] {logging_mixin.py:149} INFO - [2025-05-03T08:59:01.907+0000] {dagbag.py:541} INFO - Filling up the DagBag from /opt/airflow/dags/extract.py
[2025-05-03T08:59:03.498+0000] {processor.py:809} INFO - DAG(s) dict_keys(['extract']) retrieved from /opt/airflow/dags/extract.py
[2025-05-03T08:59:03.634+0000] {logging_mixin.py:149} INFO - [2025-05-03T08:59:03.634+0000] {dag.py:2726} INFO - Sync 1 DAGs
[2025-05-03T08:59:03.706+0000] {logging_mixin.py:149} INFO - [2025-05-03T08:59:03.705+0000] {dag.py:3490} INFO - Setting next_dagrun for extract to 2025-05-03T00:00:00+00:00, run_after=2025-05-04T00:00:00+00:00
[2025-05-03T08:59:03.847+0000] {processor.py:178} INFO - Processing /opt/airflow/dags/extract.py took 1.952 seconds
[2025-05-03T08:59:34.796+0000] {processor.py:156} INFO - Started process (PID=7547) to work on /opt/airflow/dags/extract.py
[2025-05-03T08:59:34.809+0000] {processor.py:799} INFO - Processing file /opt/airflow/dags/extract.py for tasks to queue
[2025-05-03T08:59:34.813+0000] {logging_mixin.py:149} INFO - [2025-05-03T08:59:34.812+0000] {dagbag.py:541} INFO - Filling up the DagBag from /opt/airflow/dags/extract.py
[2025-05-03T08:59:36.533+0000] {processor.py:809} INFO - DAG(s) dict_keys(['extract']) retrieved from /opt/airflow/dags/extract.py
[2025-05-03T08:59:36.624+0000] {logging_mixin.py:149} INFO - [2025-05-03T08:59:36.623+0000] {dag.py:2726} INFO - Sync 1 DAGs
[2025-05-03T08:59:36.725+0000] {logging_mixin.py:149} INFO - [2025-05-03T08:59:36.725+0000] {dag.py:3490} INFO - Setting next_dagrun for extract to 2025-05-03T00:00:00+00:00, run_after=2025-05-04T00:00:00+00:00
[2025-05-03T08:59:36.813+0000] {processor.py:178} INFO - Processing /opt/airflow/dags/extract.py took 2.026 seconds
[2025-05-03T09:00:07.399+0000] {processor.py:156} INFO - Started process (PID=7564) to work on /opt/airflow/dags/extract.py
[2025-05-03T09:00:07.403+0000] {processor.py:799} INFO - Processing file /opt/airflow/dags/extract.py for tasks to queue
[2025-05-03T09:00:07.416+0000] {logging_mixin.py:149} INFO - [2025-05-03T09:00:07.415+0000] {dagbag.py:541} INFO - Filling up the DagBag from /opt/airflow/dags/extract.py
[2025-05-03T09:00:08.987+0000] {processor.py:809} INFO - DAG(s) dict_keys(['extract']) retrieved from /opt/airflow/dags/extract.py
[2025-05-03T09:00:09.146+0000] {logging_mixin.py:149} INFO - [2025-05-03T09:00:09.145+0000] {dag.py:2726} INFO - Sync 1 DAGs
[2025-05-03T09:00:09.250+0000] {logging_mixin.py:149} INFO - [2025-05-03T09:00:09.249+0000] {dag.py:3490} INFO - Setting next_dagrun for extract to 2025-05-03T00:00:00+00:00, run_after=2025-05-04T00:00:00+00:00
[2025-05-03T09:00:09.333+0000] {processor.py:178} INFO - Processing /opt/airflow/dags/extract.py took 1.939 seconds
[2025-05-03T09:00:40.044+0000] {processor.py:156} INFO - Started process (PID=7581) to work on /opt/airflow/dags/extract.py
[2025-05-03T09:00:40.050+0000] {processor.py:799} INFO - Processing file /opt/airflow/dags/extract.py for tasks to queue
[2025-05-03T09:00:40.052+0000] {logging_mixin.py:149} INFO - [2025-05-03T09:00:40.052+0000] {dagbag.py:541} INFO - Filling up the DagBag from /opt/airflow/dags/extract.py
[2025-05-03T09:00:41.482+0000] {processor.py:809} INFO - DAG(s) dict_keys(['extract']) retrieved from /opt/airflow/dags/extract.py
[2025-05-03T09:00:41.624+0000] {logging_mixin.py:149} INFO - [2025-05-03T09:00:41.623+0000] {dag.py:2726} INFO - Sync 1 DAGs
[2025-05-03T09:00:41.709+0000] {logging_mixin.py:149} INFO - [2025-05-03T09:00:41.709+0000] {dag.py:3490} INFO - Setting next_dagrun for extract to 2025-05-03T00:00:00+00:00, run_after=2025-05-04T00:00:00+00:00
[2025-05-03T09:00:41.839+0000] {processor.py:178} INFO - Processing /opt/airflow/dags/extract.py took 1.816 seconds
[2025-05-03T09:01:12.506+0000] {processor.py:156} INFO - Started process (PID=7598) to work on /opt/airflow/dags/extract.py
[2025-05-03T09:01:12.508+0000] {processor.py:799} INFO - Processing file /opt/airflow/dags/extract.py for tasks to queue
[2025-05-03T09:01:12.510+0000] {logging_mixin.py:149} INFO - [2025-05-03T09:01:12.510+0000] {dagbag.py:541} INFO - Filling up the DagBag from /opt/airflow/dags/extract.py
[2025-05-03T09:01:14.144+0000] {processor.py:809} INFO - DAG(s) dict_keys(['extract']) retrieved from /opt/airflow/dags/extract.py
[2025-05-03T09:01:14.308+0000] {logging_mixin.py:149} INFO - [2025-05-03T09:01:14.307+0000] {dag.py:2726} INFO - Sync 1 DAGs
[2025-05-03T09:01:14.403+0000] {logging_mixin.py:149} INFO - [2025-05-03T09:01:14.403+0000] {dag.py:3490} INFO - Setting next_dagrun for extract to 2025-05-03T00:00:00+00:00, run_after=2025-05-04T00:00:00+00:00
[2025-05-03T09:01:14.480+0000] {processor.py:178} INFO - Processing /opt/airflow/dags/extract.py took 1.980 seconds
[2025-05-03T09:01:45.045+0000] {processor.py:156} INFO - Started process (PID=7615) to work on /opt/airflow/dags/extract.py
[2025-05-03T09:01:45.047+0000] {processor.py:799} INFO - Processing file /opt/airflow/dags/extract.py for tasks to queue
[2025-05-03T09:01:45.049+0000] {logging_mixin.py:149} INFO - [2025-05-03T09:01:45.049+0000] {dagbag.py:541} INFO - Filling up the DagBag from /opt/airflow/dags/extract.py
[2025-05-03T09:01:46.545+0000] {processor.py:809} INFO - DAG(s) dict_keys(['extract']) retrieved from /opt/airflow/dags/extract.py
[2025-05-03T09:01:46.690+0000] {logging_mixin.py:149} INFO - [2025-05-03T09:01:46.689+0000] {dag.py:2726} INFO - Sync 1 DAGs
[2025-05-03T09:01:46.768+0000] {logging_mixin.py:149} INFO - [2025-05-03T09:01:46.768+0000] {dag.py:3490} INFO - Setting next_dagrun for extract to 2025-05-03T00:00:00+00:00, run_after=2025-05-04T00:00:00+00:00
[2025-05-03T09:01:46.860+0000] {processor.py:178} INFO - Processing /opt/airflow/dags/extract.py took 1.821 seconds
[2025-05-03T09:02:17.538+0000] {processor.py:156} INFO - Started process (PID=7632) to work on /opt/airflow/dags/extract.py
[2025-05-03T09:02:17.541+0000] {processor.py:799} INFO - Processing file /opt/airflow/dags/extract.py for tasks to queue
[2025-05-03T09:02:17.544+0000] {logging_mixin.py:149} INFO - [2025-05-03T09:02:17.543+0000] {dagbag.py:541} INFO - Filling up the DagBag from /opt/airflow/dags/extract.py
[2025-05-03T09:02:19.136+0000] {processor.py:809} INFO - DAG(s) dict_keys(['extract']) retrieved from /opt/airflow/dags/extract.py
[2025-05-03T09:02:19.208+0000] {logging_mixin.py:149} INFO - [2025-05-03T09:02:19.207+0000] {dag.py:2726} INFO - Sync 1 DAGs
[2025-05-03T09:02:19.295+0000] {logging_mixin.py:149} INFO - [2025-05-03T09:02:19.295+0000] {dag.py:3490} INFO - Setting next_dagrun for extract to 2025-05-03T00:00:00+00:00, run_after=2025-05-04T00:00:00+00:00
[2025-05-03T09:02:19.407+0000] {processor.py:178} INFO - Processing /opt/airflow/dags/extract.py took 1.880 seconds
[2025-05-03T09:02:50.220+0000] {processor.py:156} INFO - Started process (PID=7649) to work on /opt/airflow/dags/extract.py
[2025-05-03T09:02:50.249+0000] {processor.py:799} INFO - Processing file /opt/airflow/dags/extract.py for tasks to queue
[2025-05-03T09:02:50.251+0000] {logging_mixin.py:149} INFO - [2025-05-03T09:02:50.251+0000] {dagbag.py:541} INFO - Filling up the DagBag from /opt/airflow/dags/extract.py
[2025-05-03T09:02:51.816+0000] {processor.py:809} INFO - DAG(s) dict_keys(['extract']) retrieved from /opt/airflow/dags/extract.py
[2025-05-03T09:02:51.976+0000] {logging_mixin.py:149} INFO - [2025-05-03T09:02:51.975+0000] {dag.py:2726} INFO - Sync 1 DAGs
[2025-05-03T09:02:52.064+0000] {logging_mixin.py:149} INFO - [2025-05-03T09:02:52.064+0000] {dag.py:3490} INFO - Setting next_dagrun for extract to 2025-05-03T00:00:00+00:00, run_after=2025-05-04T00:00:00+00:00
[2025-05-03T09:02:52.212+0000] {processor.py:178} INFO - Processing /opt/airflow/dags/extract.py took 1.999 seconds
[2025-05-03T09:03:22.763+0000] {processor.py:156} INFO - Started process (PID=7666) to work on /opt/airflow/dags/extract.py
[2025-05-03T09:03:22.765+0000] {processor.py:799} INFO - Processing file /opt/airflow/dags/extract.py for tasks to queue
[2025-05-03T09:03:22.767+0000] {logging_mixin.py:149} INFO - [2025-05-03T09:03:22.767+0000] {dagbag.py:541} INFO - Filling up the DagBag from /opt/airflow/dags/extract.py
[2025-05-03T09:03:24.379+0000] {processor.py:809} INFO - DAG(s) dict_keys(['extract']) retrieved from /opt/airflow/dags/extract.py
[2025-05-03T09:03:24.460+0000] {logging_mixin.py:149} INFO - [2025-05-03T09:03:24.459+0000] {dag.py:2726} INFO - Sync 1 DAGs
[2025-05-03T09:03:24.552+0000] {logging_mixin.py:149} INFO - [2025-05-03T09:03:24.551+0000] {dag.py:3490} INFO - Setting next_dagrun for extract to 2025-05-03T00:00:00+00:00, run_after=2025-05-04T00:00:00+00:00
[2025-05-03T09:03:24.626+0000] {processor.py:178} INFO - Processing /opt/airflow/dags/extract.py took 1.869 seconds
[2025-05-03T09:03:55.355+0000] {processor.py:156} INFO - Started process (PID=7683) to work on /opt/airflow/dags/extract.py
[2025-05-03T09:03:55.358+0000] {processor.py:799} INFO - Processing file /opt/airflow/dags/extract.py for tasks to queue
[2025-05-03T09:03:55.360+0000] {logging_mixin.py:149} INFO - [2025-05-03T09:03:55.360+0000] {dagbag.py:541} INFO - Filling up the DagBag from /opt/airflow/dags/extract.py
[2025-05-03T09:03:57.093+0000] {processor.py:809} INFO - DAG(s) dict_keys(['extract']) retrieved from /opt/airflow/dags/extract.py
[2025-05-03T09:03:57.243+0000] {logging_mixin.py:149} INFO - [2025-05-03T09:03:57.242+0000] {dag.py:2726} INFO - Sync 1 DAGs
[2025-05-03T09:03:57.324+0000] {logging_mixin.py:149} INFO - [2025-05-03T09:03:57.324+0000] {dag.py:3490} INFO - Setting next_dagrun for extract to 2025-05-03T00:00:00+00:00, run_after=2025-05-04T00:00:00+00:00
[2025-05-03T09:03:57.437+0000] {processor.py:178} INFO - Processing /opt/airflow/dags/extract.py took 2.092 seconds
[2025-05-03T09:04:28.018+0000] {processor.py:156} INFO - Started process (PID=7700) to work on /opt/airflow/dags/extract.py
[2025-05-03T09:04:28.025+0000] {processor.py:799} INFO - Processing file /opt/airflow/dags/extract.py for tasks to queue
[2025-05-03T09:04:28.028+0000] {logging_mixin.py:149} INFO - [2025-05-03T09:04:28.028+0000] {dagbag.py:541} INFO - Filling up the DagBag from /opt/airflow/dags/extract.py
[2025-05-03T09:04:29.701+0000] {processor.py:809} INFO - DAG(s) dict_keys(['extract']) retrieved from /opt/airflow/dags/extract.py
[2025-05-03T09:04:29.845+0000] {logging_mixin.py:149} INFO - [2025-05-03T09:04:29.844+0000] {dag.py:2726} INFO - Sync 1 DAGs
[2025-05-03T09:04:29.965+0000] {logging_mixin.py:149} INFO - [2025-05-03T09:04:29.964+0000] {dag.py:3490} INFO - Setting next_dagrun for extract to 2025-05-03T00:00:00+00:00, run_after=2025-05-04T00:00:00+00:00
[2025-05-03T09:04:30.045+0000] {processor.py:178} INFO - Processing /opt/airflow/dags/extract.py took 2.033 seconds
[2025-05-03T09:05:00.691+0000] {processor.py:156} INFO - Started process (PID=7717) to work on /opt/airflow/dags/extract.py
[2025-05-03T09:05:00.693+0000] {processor.py:799} INFO - Processing file /opt/airflow/dags/extract.py for tasks to queue
[2025-05-03T09:05:00.696+0000] {logging_mixin.py:149} INFO - [2025-05-03T09:05:00.695+0000] {dagbag.py:541} INFO - Filling up the DagBag from /opt/airflow/dags/extract.py
[2025-05-03T09:05:02.279+0000] {processor.py:809} INFO - DAG(s) dict_keys(['extract']) retrieved from /opt/airflow/dags/extract.py
[2025-05-03T09:05:02.411+0000] {logging_mixin.py:149} INFO - [2025-05-03T09:05:02.407+0000] {dag.py:2726} INFO - Sync 1 DAGs
[2025-05-03T09:05:02.497+0000] {logging_mixin.py:149} INFO - [2025-05-03T09:05:02.496+0000] {dag.py:3490} INFO - Setting next_dagrun for extract to 2025-05-03T00:00:00+00:00, run_after=2025-05-04T00:00:00+00:00
[2025-05-03T09:05:02.621+0000] {processor.py:178} INFO - Processing /opt/airflow/dags/extract.py took 1.937 seconds
[2025-05-03T09:05:33.321+0000] {processor.py:156} INFO - Started process (PID=7734) to work on /opt/airflow/dags/extract.py
[2025-05-03T09:05:33.326+0000] {processor.py:799} INFO - Processing file /opt/airflow/dags/extract.py for tasks to queue
[2025-05-03T09:05:33.329+0000] {logging_mixin.py:149} INFO - [2025-05-03T09:05:33.328+0000] {dagbag.py:541} INFO - Filling up the DagBag from /opt/airflow/dags/extract.py
[2025-05-03T09:05:34.892+0000] {processor.py:809} INFO - DAG(s) dict_keys(['extract']) retrieved from /opt/airflow/dags/extract.py
[2025-05-03T09:05:35.119+0000] {logging_mixin.py:149} INFO - [2025-05-03T09:05:35.118+0000] {dag.py:2726} INFO - Sync 1 DAGs
[2025-05-03T09:05:35.227+0000] {logging_mixin.py:149} INFO - [2025-05-03T09:05:35.227+0000] {dag.py:3490} INFO - Setting next_dagrun for extract to 2025-05-03T00:00:00+00:00, run_after=2025-05-04T00:00:00+00:00
[2025-05-03T09:05:35.376+0000] {processor.py:178} INFO - Processing /opt/airflow/dags/extract.py took 2.081 seconds
[2025-05-03T09:06:05.868+0000] {processor.py:156} INFO - Started process (PID=7751) to work on /opt/airflow/dags/extract.py
[2025-05-03T09:06:05.870+0000] {processor.py:799} INFO - Processing file /opt/airflow/dags/extract.py for tasks to queue
[2025-05-03T09:06:05.872+0000] {logging_mixin.py:149} INFO - [2025-05-03T09:06:05.872+0000] {dagbag.py:541} INFO - Filling up the DagBag from /opt/airflow/dags/extract.py
[2025-05-03T09:06:07.551+0000] {processor.py:809} INFO - DAG(s) dict_keys(['extract']) retrieved from /opt/airflow/dags/extract.py
[2025-05-03T09:06:07.697+0000] {logging_mixin.py:149} INFO - [2025-05-03T09:06:07.696+0000] {dag.py:2726} INFO - Sync 1 DAGs
[2025-05-03T09:06:07.773+0000] {logging_mixin.py:149} INFO - [2025-05-03T09:06:07.772+0000] {dag.py:3490} INFO - Setting next_dagrun for extract to 2025-05-03T00:00:00+00:00, run_after=2025-05-04T00:00:00+00:00
[2025-05-03T09:06:07.870+0000] {processor.py:178} INFO - Processing /opt/airflow/dags/extract.py took 2.009 seconds
[2025-05-03T09:06:38.630+0000] {processor.py:156} INFO - Started process (PID=7768) to work on /opt/airflow/dags/extract.py
[2025-05-03T09:06:38.633+0000] {processor.py:799} INFO - Processing file /opt/airflow/dags/extract.py for tasks to queue
[2025-05-03T09:06:38.635+0000] {logging_mixin.py:149} INFO - [2025-05-03T09:06:38.635+0000] {dagbag.py:541} INFO - Filling up the DagBag from /opt/airflow/dags/extract.py
[2025-05-03T09:06:40.239+0000] {processor.py:809} INFO - DAG(s) dict_keys(['extract']) retrieved from /opt/airflow/dags/extract.py
[2025-05-03T09:06:40.395+0000] {logging_mixin.py:149} INFO - [2025-05-03T09:06:40.395+0000] {dag.py:2726} INFO - Sync 1 DAGs
[2025-05-03T09:06:40.477+0000] {logging_mixin.py:149} INFO - [2025-05-03T09:06:40.477+0000] {dag.py:3490} INFO - Setting next_dagrun for extract to 2025-05-03T00:00:00+00:00, run_after=2025-05-04T00:00:00+00:00
[2025-05-03T09:06:40.620+0000] {processor.py:178} INFO - Processing /opt/airflow/dags/extract.py took 1.995 seconds
[2025-05-03T09:07:11.175+0000] {processor.py:156} INFO - Started process (PID=7785) to work on /opt/airflow/dags/extract.py
[2025-05-03T09:07:11.182+0000] {processor.py:799} INFO - Processing file /opt/airflow/dags/extract.py for tasks to queue
[2025-05-03T09:07:11.185+0000] {logging_mixin.py:149} INFO - [2025-05-03T09:07:11.185+0000] {dagbag.py:541} INFO - Filling up the DagBag from /opt/airflow/dags/extract.py
[2025-05-03T09:07:12.897+0000] {processor.py:809} INFO - DAG(s) dict_keys(['extract']) retrieved from /opt/airflow/dags/extract.py
[2025-05-03T09:07:13.047+0000] {logging_mixin.py:149} INFO - [2025-05-03T09:07:13.046+0000] {dag.py:2726} INFO - Sync 1 DAGs
[2025-05-03T09:07:13.152+0000] {logging_mixin.py:149} INFO - [2025-05-03T09:07:13.151+0000] {dag.py:3490} INFO - Setting next_dagrun for extract to 2025-05-03T00:00:00+00:00, run_after=2025-05-04T00:00:00+00:00
[2025-05-03T09:07:13.290+0000] {processor.py:178} INFO - Processing /opt/airflow/dags/extract.py took 2.124 seconds
[2025-05-03T09:07:43.717+0000] {processor.py:156} INFO - Started process (PID=7802) to work on /opt/airflow/dags/extract.py
[2025-05-03T09:07:43.720+0000] {processor.py:799} INFO - Processing file /opt/airflow/dags/extract.py for tasks to queue
[2025-05-03T09:07:43.723+0000] {logging_mixin.py:149} INFO - [2025-05-03T09:07:43.722+0000] {dagbag.py:541} INFO - Filling up the DagBag from /opt/airflow/dags/extract.py
[2025-05-03T09:07:45.283+0000] {processor.py:809} INFO - DAG(s) dict_keys(['extract']) retrieved from /opt/airflow/dags/extract.py
[2025-05-03T09:07:45.370+0000] {logging_mixin.py:149} INFO - [2025-05-03T09:07:45.369+0000] {dag.py:2726} INFO - Sync 1 DAGs
[2025-05-03T09:07:45.456+0000] {logging_mixin.py:149} INFO - [2025-05-03T09:07:45.455+0000] {dag.py:3490} INFO - Setting next_dagrun for extract to 2025-05-03T00:00:00+00:00, run_after=2025-05-04T00:00:00+00:00
[2025-05-03T09:07:45.619+0000] {processor.py:178} INFO - Processing /opt/airflow/dags/extract.py took 1.931 seconds
[2025-05-03T09:08:16.278+0000] {processor.py:156} INFO - Started process (PID=7819) to work on /opt/airflow/dags/extract.py
[2025-05-03T09:08:16.284+0000] {processor.py:799} INFO - Processing file /opt/airflow/dags/extract.py for tasks to queue
[2025-05-03T09:08:16.289+0000] {logging_mixin.py:149} INFO - [2025-05-03T09:08:16.288+0000] {dagbag.py:541} INFO - Filling up the DagBag from /opt/airflow/dags/extract.py
[2025-05-03T09:08:17.901+0000] {processor.py:809} INFO - DAG(s) dict_keys(['extract']) retrieved from /opt/airflow/dags/extract.py
[2025-05-03T09:08:18.040+0000] {logging_mixin.py:149} INFO - [2025-05-03T09:08:18.038+0000] {dag.py:2726} INFO - Sync 1 DAGs
[2025-05-03T09:08:18.138+0000] {logging_mixin.py:149} INFO - [2025-05-03T09:08:18.138+0000] {dag.py:3490} INFO - Setting next_dagrun for extract to 2025-05-03T00:00:00+00:00, run_after=2025-05-04T00:00:00+00:00
[2025-05-03T09:08:18.302+0000] {processor.py:178} INFO - Processing /opt/airflow/dags/extract.py took 2.033 seconds
[2025-05-03T09:08:49.015+0000] {processor.py:156} INFO - Started process (PID=7836) to work on /opt/airflow/dags/extract.py
[2025-05-03T09:08:49.018+0000] {processor.py:799} INFO - Processing file /opt/airflow/dags/extract.py for tasks to queue
[2025-05-03T09:08:49.020+0000] {logging_mixin.py:149} INFO - [2025-05-03T09:08:49.019+0000] {dagbag.py:541} INFO - Filling up the DagBag from /opt/airflow/dags/extract.py
[2025-05-03T09:08:50.530+0000] {processor.py:809} INFO - DAG(s) dict_keys(['extract']) retrieved from /opt/airflow/dags/extract.py
[2025-05-03T09:08:50.604+0000] {logging_mixin.py:149} INFO - [2025-05-03T09:08:50.603+0000] {dag.py:2726} INFO - Sync 1 DAGs
[2025-05-03T09:08:50.688+0000] {logging_mixin.py:149} INFO - [2025-05-03T09:08:50.688+0000] {dag.py:3490} INFO - Setting next_dagrun for extract to 2025-05-03T00:00:00+00:00, run_after=2025-05-04T00:00:00+00:00
[2025-05-03T09:08:50.841+0000] {processor.py:178} INFO - Processing /opt/airflow/dags/extract.py took 1.837 seconds
[2025-05-03T09:09:21.478+0000] {processor.py:156} INFO - Started process (PID=7853) to work on /opt/airflow/dags/extract.py
[2025-05-03T09:09:21.492+0000] {processor.py:799} INFO - Processing file /opt/airflow/dags/extract.py for tasks to queue
[2025-05-03T09:09:21.498+0000] {logging_mixin.py:149} INFO - [2025-05-03T09:09:21.497+0000] {dagbag.py:541} INFO - Filling up the DagBag from /opt/airflow/dags/extract.py
[2025-05-03T09:09:23.166+0000] {processor.py:809} INFO - DAG(s) dict_keys(['extract']) retrieved from /opt/airflow/dags/extract.py
[2025-05-03T09:09:23.252+0000] {logging_mixin.py:149} INFO - [2025-05-03T09:09:23.251+0000] {dag.py:2726} INFO - Sync 1 DAGs
[2025-05-03T09:09:23.330+0000] {logging_mixin.py:149} INFO - [2025-05-03T09:09:23.330+0000] {dag.py:3490} INFO - Setting next_dagrun for extract to 2025-05-03T00:00:00+00:00, run_after=2025-05-04T00:00:00+00:00
[2025-05-03T09:09:23.491+0000] {processor.py:178} INFO - Processing /opt/airflow/dags/extract.py took 2.020 seconds
[2025-05-03T09:09:54.008+0000] {processor.py:156} INFO - Started process (PID=7870) to work on /opt/airflow/dags/extract.py
[2025-05-03T09:09:54.011+0000] {processor.py:799} INFO - Processing file /opt/airflow/dags/extract.py for tasks to queue
[2025-05-03T09:09:54.013+0000] {logging_mixin.py:149} INFO - [2025-05-03T09:09:54.013+0000] {dagbag.py:541} INFO - Filling up the DagBag from /opt/airflow/dags/extract.py
[2025-05-03T09:09:55.753+0000] {processor.py:809} INFO - DAG(s) dict_keys(['extract']) retrieved from /opt/airflow/dags/extract.py
[2025-05-03T09:09:55.910+0000] {logging_mixin.py:149} INFO - [2025-05-03T09:09:55.909+0000] {dag.py:2726} INFO - Sync 1 DAGs
[2025-05-03T09:09:55.986+0000] {logging_mixin.py:149} INFO - [2025-05-03T09:09:55.985+0000] {dag.py:3490} INFO - Setting next_dagrun for extract to 2025-05-03T00:00:00+00:00, run_after=2025-05-04T00:00:00+00:00
[2025-05-03T09:09:56.120+0000] {processor.py:178} INFO - Processing /opt/airflow/dags/extract.py took 2.126 seconds
[2025-05-03T09:10:26.684+0000] {processor.py:156} INFO - Started process (PID=7887) to work on /opt/airflow/dags/extract.py
[2025-05-03T09:10:26.689+0000] {processor.py:799} INFO - Processing file /opt/airflow/dags/extract.py for tasks to queue
[2025-05-03T09:10:26.692+0000] {logging_mixin.py:149} INFO - [2025-05-03T09:10:26.691+0000] {dagbag.py:541} INFO - Filling up the DagBag from /opt/airflow/dags/extract.py
[2025-05-03T09:10:28.295+0000] {processor.py:809} INFO - DAG(s) dict_keys(['extract']) retrieved from /opt/airflow/dags/extract.py
[2025-05-03T09:10:28.381+0000] {logging_mixin.py:149} INFO - [2025-05-03T09:10:28.380+0000] {dag.py:2726} INFO - Sync 1 DAGs
[2025-05-03T09:10:28.473+0000] {logging_mixin.py:149} INFO - [2025-05-03T09:10:28.472+0000] {dag.py:3490} INFO - Setting next_dagrun for extract to 2025-05-03T00:00:00+00:00, run_after=2025-05-04T00:00:00+00:00
[2025-05-03T09:10:28.552+0000] {processor.py:178} INFO - Processing /opt/airflow/dags/extract.py took 1.883 seconds
[2025-05-03T09:10:59.220+0000] {processor.py:156} INFO - Started process (PID=7904) to work on /opt/airflow/dags/extract.py
[2025-05-03T09:10:59.222+0000] {processor.py:799} INFO - Processing file /opt/airflow/dags/extract.py for tasks to queue
[2025-05-03T09:10:59.224+0000] {logging_mixin.py:149} INFO - [2025-05-03T09:10:59.223+0000] {dagbag.py:541} INFO - Filling up the DagBag from /opt/airflow/dags/extract.py
[2025-05-03T09:11:00.848+0000] {processor.py:809} INFO - DAG(s) dict_keys(['extract']) retrieved from /opt/airflow/dags/extract.py
[2025-05-03T09:11:00.984+0000] {logging_mixin.py:149} INFO - [2025-05-03T09:11:00.984+0000] {dag.py:2726} INFO - Sync 1 DAGs
[2025-05-03T09:11:01.079+0000] {logging_mixin.py:149} INFO - [2025-05-03T09:11:01.079+0000] {dag.py:3490} INFO - Setting next_dagrun for extract to 2025-05-03T00:00:00+00:00, run_after=2025-05-04T00:00:00+00:00
[2025-05-03T09:11:01.214+0000] {processor.py:178} INFO - Processing /opt/airflow/dags/extract.py took 1.999 seconds
[2025-05-03T09:11:31.906+0000] {processor.py:156} INFO - Started process (PID=7921) to work on /opt/airflow/dags/extract.py
[2025-05-03T09:11:31.908+0000] {processor.py:799} INFO - Processing file /opt/airflow/dags/extract.py for tasks to queue
[2025-05-03T09:11:31.911+0000] {logging_mixin.py:149} INFO - [2025-05-03T09:11:31.910+0000] {dagbag.py:541} INFO - Filling up the DagBag from /opt/airflow/dags/extract.py
[2025-05-03T09:11:33.734+0000] {processor.py:809} INFO - DAG(s) dict_keys(['extract']) retrieved from /opt/airflow/dags/extract.py
[2025-05-03T09:11:33.878+0000] {logging_mixin.py:149} INFO - [2025-05-03T09:11:33.877+0000] {dag.py:2726} INFO - Sync 1 DAGs
[2025-05-03T09:11:33.971+0000] {logging_mixin.py:149} INFO - [2025-05-03T09:11:33.971+0000] {dag.py:3490} INFO - Setting next_dagrun for extract to 2025-05-03T00:00:00+00:00, run_after=2025-05-04T00:00:00+00:00
[2025-05-03T09:11:34.045+0000] {processor.py:178} INFO - Processing /opt/airflow/dags/extract.py took 2.145 seconds
[2025-05-03T09:12:04.551+0000] {processor.py:156} INFO - Started process (PID=7938) to work on /opt/airflow/dags/extract.py
[2025-05-03T09:12:04.553+0000] {processor.py:799} INFO - Processing file /opt/airflow/dags/extract.py for tasks to queue
[2025-05-03T09:12:04.555+0000] {logging_mixin.py:149} INFO - [2025-05-03T09:12:04.555+0000] {dagbag.py:541} INFO - Filling up the DagBag from /opt/airflow/dags/extract.py
[2025-05-03T09:12:06.071+0000] {processor.py:809} INFO - DAG(s) dict_keys(['extract']) retrieved from /opt/airflow/dags/extract.py
[2025-05-03T09:12:06.152+0000] {logging_mixin.py:149} INFO - [2025-05-03T09:12:06.151+0000] {dag.py:2726} INFO - Sync 1 DAGs
[2025-05-03T09:12:06.230+0000] {logging_mixin.py:149} INFO - [2025-05-03T09:12:06.230+0000] {dag.py:3490} INFO - Setting next_dagrun for extract to 2025-05-03T00:00:00+00:00, run_after=2025-05-04T00:00:00+00:00
[2025-05-03T09:12:06.372+0000] {processor.py:178} INFO - Processing /opt/airflow/dags/extract.py took 1.828 seconds
[2025-05-03T09:12:37.126+0000] {processor.py:156} INFO - Started process (PID=7955) to work on /opt/airflow/dags/extract.py
[2025-05-03T09:12:37.136+0000] {processor.py:799} INFO - Processing file /opt/airflow/dags/extract.py for tasks to queue
[2025-05-03T09:12:37.139+0000] {logging_mixin.py:149} INFO - [2025-05-03T09:12:37.138+0000] {dagbag.py:541} INFO - Filling up the DagBag from /opt/airflow/dags/extract.py
[2025-05-03T09:12:38.686+0000] {processor.py:809} INFO - DAG(s) dict_keys(['extract']) retrieved from /opt/airflow/dags/extract.py
[2025-05-03T09:12:38.760+0000] {logging_mixin.py:149} INFO - [2025-05-03T09:12:38.759+0000] {dag.py:2726} INFO - Sync 1 DAGs
[2025-05-03T09:12:38.851+0000] {logging_mixin.py:149} INFO - [2025-05-03T09:12:38.851+0000] {dag.py:3490} INFO - Setting next_dagrun for extract to 2025-05-03T00:00:00+00:00, run_after=2025-05-04T00:00:00+00:00
[2025-05-03T09:12:38.926+0000] {processor.py:178} INFO - Processing /opt/airflow/dags/extract.py took 1.805 seconds
[2025-05-03T09:13:09.580+0000] {processor.py:156} INFO - Started process (PID=7972) to work on /opt/airflow/dags/extract.py
[2025-05-03T09:13:09.583+0000] {processor.py:799} INFO - Processing file /opt/airflow/dags/extract.py for tasks to queue
[2025-05-03T09:13:09.585+0000] {logging_mixin.py:149} INFO - [2025-05-03T09:13:09.585+0000] {dagbag.py:541} INFO - Filling up the DagBag from /opt/airflow/dags/extract.py
[2025-05-03T09:13:11.238+0000] {processor.py:809} INFO - DAG(s) dict_keys(['extract']) retrieved from /opt/airflow/dags/extract.py
[2025-05-03T09:13:11.316+0000] {logging_mixin.py:149} INFO - [2025-05-03T09:13:11.315+0000] {dag.py:2726} INFO - Sync 1 DAGs
[2025-05-03T09:13:11.484+0000] {logging_mixin.py:149} INFO - [2025-05-03T09:13:11.484+0000] {dag.py:3490} INFO - Setting next_dagrun for extract to 2025-05-03T00:00:00+00:00, run_after=2025-05-04T00:00:00+00:00
[2025-05-03T09:13:11.566+0000] {processor.py:178} INFO - Processing /opt/airflow/dags/extract.py took 1.993 seconds
[2025-05-03T09:13:42.353+0000] {processor.py:156} INFO - Started process (PID=7989) to work on /opt/airflow/dags/extract.py
[2025-05-03T09:13:42.356+0000] {processor.py:799} INFO - Processing file /opt/airflow/dags/extract.py for tasks to queue
[2025-05-03T09:13:42.358+0000] {logging_mixin.py:149} INFO - [2025-05-03T09:13:42.358+0000] {dagbag.py:541} INFO - Filling up the DagBag from /opt/airflow/dags/extract.py
[2025-05-03T09:13:44.010+0000] {processor.py:809} INFO - DAG(s) dict_keys(['extract']) retrieved from /opt/airflow/dags/extract.py
[2025-05-03T09:13:44.097+0000] {logging_mixin.py:149} INFO - [2025-05-03T09:13:44.096+0000] {dag.py:2726} INFO - Sync 1 DAGs
[2025-05-03T09:13:44.198+0000] {logging_mixin.py:149} INFO - [2025-05-03T09:13:44.198+0000] {dag.py:3490} INFO - Setting next_dagrun for extract to 2025-05-03T00:00:00+00:00, run_after=2025-05-04T00:00:00+00:00
[2025-05-03T09:13:44.348+0000] {processor.py:178} INFO - Processing /opt/airflow/dags/extract.py took 2.002 seconds
[2025-05-03T09:14:14.910+0000] {processor.py:156} INFO - Started process (PID=8006) to work on /opt/airflow/dags/extract.py
[2025-05-03T09:14:14.912+0000] {processor.py:799} INFO - Processing file /opt/airflow/dags/extract.py for tasks to queue
[2025-05-03T09:14:14.914+0000] {logging_mixin.py:149} INFO - [2025-05-03T09:14:14.914+0000] {dagbag.py:541} INFO - Filling up the DagBag from /opt/airflow/dags/extract.py
[2025-05-03T09:14:16.489+0000] {processor.py:809} INFO - DAG(s) dict_keys(['extract']) retrieved from /opt/airflow/dags/extract.py
[2025-05-03T09:14:16.623+0000] {logging_mixin.py:149} INFO - [2025-05-03T09:14:16.622+0000] {dag.py:2726} INFO - Sync 1 DAGs
[2025-05-03T09:14:16.711+0000] {logging_mixin.py:149} INFO - [2025-05-03T09:14:16.711+0000] {dag.py:3490} INFO - Setting next_dagrun for extract to 2025-05-03T00:00:00+00:00, run_after=2025-05-04T00:00:00+00:00
[2025-05-03T09:14:16.788+0000] {processor.py:178} INFO - Processing /opt/airflow/dags/extract.py took 1.887 seconds
[2025-05-03T09:14:47.665+0000] {processor.py:156} INFO - Started process (PID=8023) to work on /opt/airflow/dags/extract.py
[2025-05-03T09:14:47.671+0000] {processor.py:799} INFO - Processing file /opt/airflow/dags/extract.py for tasks to queue
[2025-05-03T09:14:47.675+0000] {logging_mixin.py:149} INFO - [2025-05-03T09:14:47.675+0000] {dagbag.py:541} INFO - Filling up the DagBag from /opt/airflow/dags/extract.py
[2025-05-03T09:14:49.252+0000] {processor.py:809} INFO - DAG(s) dict_keys(['extract']) retrieved from /opt/airflow/dags/extract.py
[2025-05-03T09:14:49.391+0000] {logging_mixin.py:149} INFO - [2025-05-03T09:14:49.389+0000] {dag.py:2726} INFO - Sync 1 DAGs
[2025-05-03T09:14:49.480+0000] {logging_mixin.py:149} INFO - [2025-05-03T09:14:49.480+0000] {dag.py:3490} INFO - Setting next_dagrun for extract to 2025-05-03T00:00:00+00:00, run_after=2025-05-04T00:00:00+00:00
[2025-05-03T09:14:49.551+0000] {processor.py:178} INFO - Processing /opt/airflow/dags/extract.py took 1.898 seconds
[2025-05-03T09:15:20.210+0000] {processor.py:156} INFO - Started process (PID=8040) to work on /opt/airflow/dags/extract.py
[2025-05-03T09:15:20.212+0000] {processor.py:799} INFO - Processing file /opt/airflow/dags/extract.py for tasks to queue
[2025-05-03T09:15:20.225+0000] {logging_mixin.py:149} INFO - [2025-05-03T09:15:20.223+0000] {dagbag.py:541} INFO - Filling up the DagBag from /opt/airflow/dags/extract.py
[2025-05-03T09:15:21.839+0000] {processor.py:809} INFO - DAG(s) dict_keys(['extract']) retrieved from /opt/airflow/dags/extract.py
[2025-05-03T09:15:21.976+0000] {logging_mixin.py:149} INFO - [2025-05-03T09:15:21.975+0000] {dag.py:2726} INFO - Sync 1 DAGs
[2025-05-03T09:15:22.069+0000] {logging_mixin.py:149} INFO - [2025-05-03T09:15:22.069+0000] {dag.py:3490} INFO - Setting next_dagrun for extract to 2025-05-03T00:00:00+00:00, run_after=2025-05-04T00:00:00+00:00
[2025-05-03T09:15:22.165+0000] {processor.py:178} INFO - Processing /opt/airflow/dags/extract.py took 1.965 seconds
[2025-05-03T09:15:52.759+0000] {processor.py:156} INFO - Started process (PID=8057) to work on /opt/airflow/dags/extract.py
[2025-05-03T09:15:52.761+0000] {processor.py:799} INFO - Processing file /opt/airflow/dags/extract.py for tasks to queue
[2025-05-03T09:15:52.764+0000] {logging_mixin.py:149} INFO - [2025-05-03T09:15:52.764+0000] {dagbag.py:541} INFO - Filling up the DagBag from /opt/airflow/dags/extract.py
[2025-05-03T09:15:54.335+0000] {processor.py:809} INFO - DAG(s) dict_keys(['extract']) retrieved from /opt/airflow/dags/extract.py
[2025-05-03T09:15:54.415+0000] {logging_mixin.py:149} INFO - [2025-05-03T09:15:54.414+0000] {dag.py:2726} INFO - Sync 1 DAGs
[2025-05-03T09:15:54.510+0000] {logging_mixin.py:149} INFO - [2025-05-03T09:15:54.509+0000] {dag.py:3490} INFO - Setting next_dagrun for extract to 2025-05-03T00:00:00+00:00, run_after=2025-05-04T00:00:00+00:00
[2025-05-03T09:15:54.636+0000] {processor.py:178} INFO - Processing /opt/airflow/dags/extract.py took 1.884 seconds
[2025-05-03T09:16:25.249+0000] {processor.py:156} INFO - Started process (PID=8074) to work on /opt/airflow/dags/extract.py
[2025-05-03T09:16:25.253+0000] {processor.py:799} INFO - Processing file /opt/airflow/dags/extract.py for tasks to queue
[2025-05-03T09:16:25.255+0000] {logging_mixin.py:149} INFO - [2025-05-03T09:16:25.254+0000] {dagbag.py:541} INFO - Filling up the DagBag from /opt/airflow/dags/extract.py
[2025-05-03T09:16:26.809+0000] {processor.py:809} INFO - DAG(s) dict_keys(['extract']) retrieved from /opt/airflow/dags/extract.py
[2025-05-03T09:16:26.947+0000] {logging_mixin.py:149} INFO - [2025-05-03T09:16:26.946+0000] {dag.py:2726} INFO - Sync 1 DAGs
[2025-05-03T09:16:27.051+0000] {logging_mixin.py:149} INFO - [2025-05-03T09:16:27.050+0000] {dag.py:3490} INFO - Setting next_dagrun for extract to 2025-05-03T00:00:00+00:00, run_after=2025-05-04T00:00:00+00:00
[2025-05-03T09:16:27.154+0000] {processor.py:178} INFO - Processing /opt/airflow/dags/extract.py took 1.918 seconds
[2025-05-03T09:16:57.767+0000] {processor.py:156} INFO - Started process (PID=8091) to work on /opt/airflow/dags/extract.py
[2025-05-03T09:16:57.769+0000] {processor.py:799} INFO - Processing file /opt/airflow/dags/extract.py for tasks to queue
[2025-05-03T09:16:57.772+0000] {logging_mixin.py:149} INFO - [2025-05-03T09:16:57.771+0000] {dagbag.py:541} INFO - Filling up the DagBag from /opt/airflow/dags/extract.py
[2025-05-03T09:16:59.436+0000] {processor.py:809} INFO - DAG(s) dict_keys(['extract']) retrieved from /opt/airflow/dags/extract.py
[2025-05-03T09:16:59.531+0000] {logging_mixin.py:149} INFO - [2025-05-03T09:16:59.530+0000] {dag.py:2726} INFO - Sync 1 DAGs
[2025-05-03T09:16:59.602+0000] {logging_mixin.py:149} INFO - [2025-05-03T09:16:59.602+0000] {dag.py:3490} INFO - Setting next_dagrun for extract to 2025-05-03T00:00:00+00:00, run_after=2025-05-04T00:00:00+00:00
[2025-05-03T09:16:59.691+0000] {processor.py:178} INFO - Processing /opt/airflow/dags/extract.py took 1.946 seconds
[2025-05-03T09:17:30.299+0000] {processor.py:156} INFO - Started process (PID=8108) to work on /opt/airflow/dags/extract.py
[2025-05-03T09:17:30.303+0000] {processor.py:799} INFO - Processing file /opt/airflow/dags/extract.py for tasks to queue
[2025-05-03T09:17:30.314+0000] {logging_mixin.py:149} INFO - [2025-05-03T09:17:30.313+0000] {dagbag.py:541} INFO - Filling up the DagBag from /opt/airflow/dags/extract.py
[2025-05-03T09:17:31.991+0000] {processor.py:809} INFO - DAG(s) dict_keys(['extract']) retrieved from /opt/airflow/dags/extract.py
[2025-05-03T09:17:32.062+0000] {logging_mixin.py:149} INFO - [2025-05-03T09:17:32.061+0000] {dag.py:2726} INFO - Sync 1 DAGs
[2025-05-03T09:17:32.143+0000] {logging_mixin.py:149} INFO - [2025-05-03T09:17:32.142+0000] {dag.py:3490} INFO - Setting next_dagrun for extract to 2025-05-03T00:00:00+00:00, run_after=2025-05-04T00:00:00+00:00
[2025-05-03T09:17:32.290+0000] {processor.py:178} INFO - Processing /opt/airflow/dags/extract.py took 1.997 seconds
[2025-05-03T09:18:02.992+0000] {processor.py:156} INFO - Started process (PID=8125) to work on /opt/airflow/dags/extract.py
[2025-05-03T09:18:03.005+0000] {processor.py:799} INFO - Processing file /opt/airflow/dags/extract.py for tasks to queue
[2025-05-03T09:18:03.008+0000] {logging_mixin.py:149} INFO - [2025-05-03T09:18:03.008+0000] {dagbag.py:541} INFO - Filling up the DagBag from /opt/airflow/dags/extract.py
[2025-05-03T09:18:04.613+0000] {processor.py:809} INFO - DAG(s) dict_keys(['extract']) retrieved from /opt/airflow/dags/extract.py
[2025-05-03T09:18:04.685+0000] {logging_mixin.py:149} INFO - [2025-05-03T09:18:04.684+0000] {dag.py:2726} INFO - Sync 1 DAGs
[2025-05-03T09:18:04.768+0000] {logging_mixin.py:149} INFO - [2025-05-03T09:18:04.767+0000] {dag.py:3490} INFO - Setting next_dagrun for extract to 2025-05-03T00:00:00+00:00, run_after=2025-05-04T00:00:00+00:00
[2025-05-03T09:18:04.853+0000] {processor.py:178} INFO - Processing /opt/airflow/dags/extract.py took 1.866 seconds
[2025-05-03T09:18:35.648+0000] {processor.py:156} INFO - Started process (PID=8142) to work on /opt/airflow/dags/extract.py
[2025-05-03T09:18:35.650+0000] {processor.py:799} INFO - Processing file /opt/airflow/dags/extract.py for tasks to queue
[2025-05-03T09:18:35.653+0000] {logging_mixin.py:149} INFO - [2025-05-03T09:18:35.652+0000] {dagbag.py:541} INFO - Filling up the DagBag from /opt/airflow/dags/extract.py
[2025-05-03T09:18:37.215+0000] {processor.py:809} INFO - DAG(s) dict_keys(['extract']) retrieved from /opt/airflow/dags/extract.py
[2025-05-03T09:18:37.362+0000] {logging_mixin.py:149} INFO - [2025-05-03T09:18:37.360+0000] {dag.py:2726} INFO - Sync 1 DAGs
[2025-05-03T09:18:37.443+0000] {logging_mixin.py:149} INFO - [2025-05-03T09:18:37.442+0000] {dag.py:3490} INFO - Setting next_dagrun for extract to 2025-05-03T00:00:00+00:00, run_after=2025-05-04T00:00:00+00:00
[2025-05-03T09:18:37.565+0000] {processor.py:178} INFO - Processing /opt/airflow/dags/extract.py took 1.922 seconds
[2025-05-03T09:19:08.274+0000] {processor.py:156} INFO - Started process (PID=8159) to work on /opt/airflow/dags/extract.py
[2025-05-03T09:19:08.276+0000] {processor.py:799} INFO - Processing file /opt/airflow/dags/extract.py for tasks to queue
[2025-05-03T09:19:08.279+0000] {logging_mixin.py:149} INFO - [2025-05-03T09:19:08.279+0000] {dagbag.py:541} INFO - Filling up the DagBag from /opt/airflow/dags/extract.py
[2025-05-03T09:19:09.850+0000] {processor.py:809} INFO - DAG(s) dict_keys(['extract']) retrieved from /opt/airflow/dags/extract.py
[2025-05-03T09:19:09.997+0000] {logging_mixin.py:149} INFO - [2025-05-03T09:19:09.996+0000] {dag.py:2726} INFO - Sync 1 DAGs
[2025-05-03T09:19:10.078+0000] {logging_mixin.py:149} INFO - [2025-05-03T09:19:10.078+0000] {dag.py:3490} INFO - Setting next_dagrun for extract to 2025-05-03T00:00:00+00:00, run_after=2025-05-04T00:00:00+00:00
[2025-05-03T09:19:10.226+0000] {processor.py:178} INFO - Processing /opt/airflow/dags/extract.py took 1.972 seconds
[2025-05-03T09:19:40.879+0000] {processor.py:156} INFO - Started process (PID=8176) to work on /opt/airflow/dags/extract.py
[2025-05-03T09:19:40.882+0000] {processor.py:799} INFO - Processing file /opt/airflow/dags/extract.py for tasks to queue
[2025-05-03T09:19:40.884+0000] {logging_mixin.py:149} INFO - [2025-05-03T09:19:40.884+0000] {dagbag.py:541} INFO - Filling up the DagBag from /opt/airflow/dags/extract.py
[2025-05-03T09:19:43.278+0000] {processor.py:809} INFO - DAG(s) dict_keys(['extract']) retrieved from /opt/airflow/dags/extract.py
[2025-05-03T09:19:43.347+0000] {logging_mixin.py:149} INFO - [2025-05-03T09:19:43.346+0000] {dag.py:2726} INFO - Sync 1 DAGs
[2025-05-03T09:19:43.428+0000] {logging_mixin.py:149} INFO - [2025-05-03T09:19:43.428+0000] {dag.py:3490} INFO - Setting next_dagrun for extract to 2025-05-03T00:00:00+00:00, run_after=2025-05-04T00:00:00+00:00
[2025-05-03T09:19:43.545+0000] {processor.py:178} INFO - Processing /opt/airflow/dags/extract.py took 2.674 seconds
[2025-05-03T09:20:14.080+0000] {processor.py:156} INFO - Started process (PID=8193) to work on /opt/airflow/dags/extract.py
[2025-05-03T09:20:14.083+0000] {processor.py:799} INFO - Processing file /opt/airflow/dags/extract.py for tasks to queue
[2025-05-03T09:20:14.086+0000] {logging_mixin.py:149} INFO - [2025-05-03T09:20:14.085+0000] {dagbag.py:541} INFO - Filling up the DagBag from /opt/airflow/dags/extract.py
[2025-05-03T09:20:16.448+0000] {processor.py:809} INFO - DAG(s) dict_keys(['extract']) retrieved from /opt/airflow/dags/extract.py
[2025-05-03T09:20:16.565+0000] {logging_mixin.py:149} INFO - [2025-05-03T09:20:16.564+0000] {dag.py:2726} INFO - Sync 1 DAGs
[2025-05-03T09:20:16.682+0000] {logging_mixin.py:149} INFO - [2025-05-03T09:20:16.682+0000] {dag.py:3490} INFO - Setting next_dagrun for extract to 2025-05-03T00:00:00+00:00, run_after=2025-05-04T00:00:00+00:00
[2025-05-03T09:20:16.783+0000] {processor.py:178} INFO - Processing /opt/airflow/dags/extract.py took 2.716 seconds
[2025-05-03T09:36:23.711+0000] {processor.py:156} INFO - Started process (PID=8211) to work on /opt/airflow/dags/extract.py
[2025-05-03T09:36:23.719+0000] {processor.py:799} INFO - Processing file /opt/airflow/dags/extract.py for tasks to queue
[2025-05-03T09:36:23.732+0000] {logging_mixin.py:149} INFO - [2025-05-03T09:36:23.731+0000] {dagbag.py:541} INFO - Filling up the DagBag from /opt/airflow/dags/extract.py
[2025-05-03T09:36:31.109+0000] {processor.py:809} INFO - DAG(s) dict_keys(['extract']) retrieved from /opt/airflow/dags/extract.py
[2025-05-03T09:36:31.262+0000] {logging_mixin.py:149} INFO - [2025-05-03T09:36:31.260+0000] {dag.py:2726} INFO - Sync 1 DAGs
[2025-05-03T09:36:31.375+0000] {logging_mixin.py:149} INFO - [2025-05-03T09:36:31.374+0000] {dag.py:3490} INFO - Setting next_dagrun for extract to 2025-05-03T00:00:00+00:00, run_after=2025-05-04T00:00:00+00:00
[2025-05-03T09:36:31.497+0000] {processor.py:178} INFO - Processing /opt/airflow/dags/extract.py took 7.809 seconds
[2025-05-03T09:37:02.062+0000] {processor.py:156} INFO - Started process (PID=8229) to work on /opt/airflow/dags/extract.py
[2025-05-03T09:37:02.065+0000] {processor.py:799} INFO - Processing file /opt/airflow/dags/extract.py for tasks to queue
[2025-05-03T09:37:02.068+0000] {logging_mixin.py:149} INFO - [2025-05-03T09:37:02.067+0000] {dagbag.py:541} INFO - Filling up the DagBag from /opt/airflow/dags/extract.py
[2025-05-03T09:37:03.376+0000] {processor.py:809} INFO - DAG(s) dict_keys(['extract']) retrieved from /opt/airflow/dags/extract.py
[2025-05-03T09:37:03.444+0000] {logging_mixin.py:149} INFO - [2025-05-03T09:37:03.443+0000] {dag.py:2726} INFO - Sync 1 DAGs
[2025-05-03T09:37:03.496+0000] {logging_mixin.py:149} INFO - [2025-05-03T09:37:03.496+0000] {dag.py:3490} INFO - Setting next_dagrun for extract to 2025-05-03T00:00:00+00:00, run_after=2025-05-04T00:00:00+00:00
[2025-05-03T09:37:03.547+0000] {processor.py:178} INFO - Processing /opt/airflow/dags/extract.py took 1.507 seconds
[2025-05-03T09:37:34.317+0000] {processor.py:156} INFO - Started process (PID=8246) to work on /opt/airflow/dags/extract.py
[2025-05-03T09:37:34.325+0000] {processor.py:799} INFO - Processing file /opt/airflow/dags/extract.py for tasks to queue
[2025-05-03T09:37:34.335+0000] {logging_mixin.py:149} INFO - [2025-05-03T09:37:34.334+0000] {dagbag.py:541} INFO - Filling up the DagBag from /opt/airflow/dags/extract.py
[2025-05-03T09:37:39.019+0000] {processor.py:809} INFO - DAG(s) dict_keys(['extract']) retrieved from /opt/airflow/dags/extract.py
[2025-05-03T09:37:39.202+0000] {logging_mixin.py:149} INFO - [2025-05-03T09:37:39.200+0000] {dag.py:2726} INFO - Sync 1 DAGs
[2025-05-03T09:37:39.296+0000] {logging_mixin.py:149} INFO - [2025-05-03T09:37:39.296+0000] {dag.py:3490} INFO - Setting next_dagrun for extract to 2025-05-03T00:00:00+00:00, run_after=2025-05-04T00:00:00+00:00
[2025-05-03T09:37:39.376+0000] {processor.py:178} INFO - Processing /opt/airflow/dags/extract.py took 5.089 seconds
[2025-05-03T09:38:10.748+0000] {processor.py:156} INFO - Started process (PID=8263) to work on /opt/airflow/dags/extract.py
[2025-05-03T09:38:10.755+0000] {processor.py:799} INFO - Processing file /opt/airflow/dags/extract.py for tasks to queue
[2025-05-03T09:38:10.764+0000] {logging_mixin.py:149} INFO - [2025-05-03T09:38:10.763+0000] {dagbag.py:541} INFO - Filling up the DagBag from /opt/airflow/dags/extract.py
[2025-05-03T09:38:17.675+0000] {processor.py:809} INFO - DAG(s) dict_keys(['extract']) retrieved from /opt/airflow/dags/extract.py
[2025-05-03T09:38:18.062+0000] {logging_mixin.py:149} INFO - [2025-05-03T09:38:18.061+0000] {dag.py:2726} INFO - Sync 1 DAGs
[2025-05-03T09:38:18.185+0000] {logging_mixin.py:149} INFO - [2025-05-03T09:38:18.185+0000] {dag.py:3490} INFO - Setting next_dagrun for extract to 2025-05-03T00:00:00+00:00, run_after=2025-05-04T00:00:00+00:00
[2025-05-03T09:38:18.280+0000] {processor.py:178} INFO - Processing /opt/airflow/dags/extract.py took 7.620 seconds
[2025-05-03T09:38:48.691+0000] {processor.py:156} INFO - Started process (PID=8280) to work on /opt/airflow/dags/extract.py
[2025-05-03T09:38:48.693+0000] {processor.py:799} INFO - Processing file /opt/airflow/dags/extract.py for tasks to queue
[2025-05-03T09:38:48.695+0000] {logging_mixin.py:149} INFO - [2025-05-03T09:38:48.695+0000] {dagbag.py:541} INFO - Filling up the DagBag from /opt/airflow/dags/extract.py
[2025-05-03T09:38:49.490+0000] {processor.py:809} INFO - DAG(s) dict_keys(['extract']) retrieved from /opt/airflow/dags/extract.py
[2025-05-03T09:38:49.553+0000] {logging_mixin.py:149} INFO - [2025-05-03T09:38:49.552+0000] {dag.py:2726} INFO - Sync 1 DAGs
[2025-05-03T09:38:49.633+0000] {logging_mixin.py:149} INFO - [2025-05-03T09:38:49.633+0000] {dag.py:3490} INFO - Setting next_dagrun for extract to 2025-05-03T00:00:00+00:00, run_after=2025-05-04T00:00:00+00:00
[2025-05-03T09:38:49.710+0000] {processor.py:178} INFO - Processing /opt/airflow/dags/extract.py took 1.029 seconds
[2025-05-03T09:39:20.030+0000] {processor.py:156} INFO - Started process (PID=8297) to work on /opt/airflow/dags/extract.py
[2025-05-03T09:39:20.032+0000] {processor.py:799} INFO - Processing file /opt/airflow/dags/extract.py for tasks to queue
[2025-05-03T09:39:20.033+0000] {logging_mixin.py:149} INFO - [2025-05-03T09:39:20.033+0000] {dagbag.py:541} INFO - Filling up the DagBag from /opt/airflow/dags/extract.py
[2025-05-03T09:39:20.933+0000] {processor.py:809} INFO - DAG(s) dict_keys(['extract']) retrieved from /opt/airflow/dags/extract.py
[2025-05-03T09:39:20.994+0000] {logging_mixin.py:149} INFO - [2025-05-03T09:39:20.993+0000] {dag.py:2726} INFO - Sync 1 DAGs
[2025-05-03T09:39:21.048+0000] {logging_mixin.py:149} INFO - [2025-05-03T09:39:21.048+0000] {dag.py:3490} INFO - Setting next_dagrun for extract to 2025-05-03T00:00:00+00:00, run_after=2025-05-04T00:00:00+00:00
[2025-05-03T09:39:21.102+0000] {processor.py:178} INFO - Processing /opt/airflow/dags/extract.py took 1.075 seconds
[2025-05-03T09:39:51.434+0000] {processor.py:156} INFO - Started process (PID=8314) to work on /opt/airflow/dags/extract.py
[2025-05-03T09:39:51.437+0000] {processor.py:799} INFO - Processing file /opt/airflow/dags/extract.py for tasks to queue
[2025-05-03T09:39:51.439+0000] {logging_mixin.py:149} INFO - [2025-05-03T09:39:51.439+0000] {dagbag.py:541} INFO - Filling up the DagBag from /opt/airflow/dags/extract.py
[2025-05-03T09:39:52.285+0000] {processor.py:809} INFO - DAG(s) dict_keys(['extract']) retrieved from /opt/airflow/dags/extract.py
[2025-05-03T09:39:52.339+0000] {logging_mixin.py:149} INFO - [2025-05-03T09:39:52.338+0000] {dag.py:2726} INFO - Sync 1 DAGs
[2025-05-03T09:39:52.388+0000] {logging_mixin.py:149} INFO - [2025-05-03T09:39:52.388+0000] {dag.py:3490} INFO - Setting next_dagrun for extract to 2025-05-03T00:00:00+00:00, run_after=2025-05-04T00:00:00+00:00
[2025-05-03T09:39:52.436+0000] {processor.py:178} INFO - Processing /opt/airflow/dags/extract.py took 1.023 seconds
[2025-05-03T09:40:22.807+0000] {processor.py:156} INFO - Started process (PID=8331) to work on /opt/airflow/dags/extract.py
[2025-05-03T09:40:22.810+0000] {processor.py:799} INFO - Processing file /opt/airflow/dags/extract.py for tasks to queue
[2025-05-03T09:40:22.811+0000] {logging_mixin.py:149} INFO - [2025-05-03T09:40:22.811+0000] {dagbag.py:541} INFO - Filling up the DagBag from /opt/airflow/dags/extract.py
[2025-05-03T09:40:24.750+0000] {processor.py:809} INFO - DAG(s) dict_keys(['extract']) retrieved from /opt/airflow/dags/extract.py
[2025-05-03T09:40:24.807+0000] {logging_mixin.py:149} INFO - [2025-05-03T09:40:24.807+0000] {dag.py:2726} INFO - Sync 1 DAGs
[2025-05-03T09:40:24.852+0000] {logging_mixin.py:149} INFO - [2025-05-03T09:40:24.852+0000] {dag.py:3490} INFO - Setting next_dagrun for extract to 2025-05-03T00:00:00+00:00, run_after=2025-05-04T00:00:00+00:00
[2025-05-03T09:40:24.905+0000] {processor.py:178} INFO - Processing /opt/airflow/dags/extract.py took 2.110 seconds
[2025-05-03T09:40:55.076+0000] {processor.py:156} INFO - Started process (PID=8348) to work on /opt/airflow/dags/extract.py
[2025-05-03T09:40:55.078+0000] {processor.py:799} INFO - Processing file /opt/airflow/dags/extract.py for tasks to queue
[2025-05-03T09:40:55.079+0000] {logging_mixin.py:149} INFO - [2025-05-03T09:40:55.079+0000] {dagbag.py:541} INFO - Filling up the DagBag from /opt/airflow/dags/extract.py
[2025-05-03T09:40:55.876+0000] {processor.py:809} INFO - DAG(s) dict_keys(['extract']) retrieved from /opt/airflow/dags/extract.py
[2025-05-03T09:40:55.937+0000] {logging_mixin.py:149} INFO - [2025-05-03T09:40:55.936+0000] {dag.py:2726} INFO - Sync 1 DAGs
[2025-05-03T09:40:55.979+0000] {logging_mixin.py:149} INFO - [2025-05-03T09:40:55.979+0000] {dag.py:3490} INFO - Setting next_dagrun for extract to 2025-05-03T00:00:00+00:00, run_after=2025-05-04T00:00:00+00:00
[2025-05-03T09:40:56.026+0000] {processor.py:178} INFO - Processing /opt/airflow/dags/extract.py took 0.954 seconds
[2025-05-03T09:41:26.967+0000] {processor.py:156} INFO - Started process (PID=8365) to work on /opt/airflow/dags/extract.py
[2025-05-03T09:41:26.969+0000] {processor.py:799} INFO - Processing file /opt/airflow/dags/extract.py for tasks to queue
[2025-05-03T09:41:26.971+0000] {logging_mixin.py:149} INFO - [2025-05-03T09:41:26.971+0000] {dagbag.py:541} INFO - Filling up the DagBag from /opt/airflow/dags/extract.py
[2025-05-03T09:41:29.497+0000] {processor.py:809} INFO - DAG(s) dict_keys(['extract']) retrieved from /opt/airflow/dags/extract.py
[2025-05-03T09:41:29.782+0000] {logging_mixin.py:149} INFO - [2025-05-03T09:41:29.779+0000] {dag.py:2726} INFO - Sync 1 DAGs
[2025-05-03T09:41:29.907+0000] {logging_mixin.py:149} INFO - [2025-05-03T09:41:29.906+0000] {dag.py:3490} INFO - Setting next_dagrun for extract to 2025-05-03T00:00:00+00:00, run_after=2025-05-04T00:00:00+00:00
[2025-05-03T09:41:30.037+0000] {processor.py:178} INFO - Processing /opt/airflow/dags/extract.py took 3.074 seconds
[2025-05-03T09:42:00.476+0000] {processor.py:156} INFO - Started process (PID=8382) to work on /opt/airflow/dags/extract.py
[2025-05-03T09:42:00.482+0000] {processor.py:799} INFO - Processing file /opt/airflow/dags/extract.py for tasks to queue
[2025-05-03T09:42:00.486+0000] {logging_mixin.py:149} INFO - [2025-05-03T09:42:00.486+0000] {dagbag.py:541} INFO - Filling up the DagBag from /opt/airflow/dags/extract.py
[2025-05-03T09:42:02.053+0000] {processor.py:809} INFO - DAG(s) dict_keys(['extract']) retrieved from /opt/airflow/dags/extract.py
[2025-05-03T09:42:02.113+0000] {logging_mixin.py:149} INFO - [2025-05-03T09:42:02.112+0000] {dag.py:2726} INFO - Sync 1 DAGs
[2025-05-03T09:42:02.157+0000] {logging_mixin.py:149} INFO - [2025-05-03T09:42:02.157+0000] {dag.py:3490} INFO - Setting next_dagrun for extract to 2025-05-03T00:00:00+00:00, run_after=2025-05-04T00:00:00+00:00
[2025-05-03T09:42:02.208+0000] {processor.py:178} INFO - Processing /opt/airflow/dags/extract.py took 1.760 seconds
[2025-05-03T09:42:32.558+0000] {processor.py:156} INFO - Started process (PID=8399) to work on /opt/airflow/dags/extract.py
[2025-05-03T09:42:32.560+0000] {processor.py:799} INFO - Processing file /opt/airflow/dags/extract.py for tasks to queue
[2025-05-03T09:42:32.562+0000] {logging_mixin.py:149} INFO - [2025-05-03T09:42:32.562+0000] {dagbag.py:541} INFO - Filling up the DagBag from /opt/airflow/dags/extract.py
[2025-05-03T09:42:33.571+0000] {processor.py:809} INFO - DAG(s) dict_keys(['extract']) retrieved from /opt/airflow/dags/extract.py
[2025-05-03T09:42:33.638+0000] {logging_mixin.py:149} INFO - [2025-05-03T09:42:33.636+0000] {dag.py:2726} INFO - Sync 1 DAGs
[2025-05-03T09:42:33.684+0000] {logging_mixin.py:149} INFO - [2025-05-03T09:42:33.683+0000] {dag.py:3490} INFO - Setting next_dagrun for extract to 2025-05-03T00:00:00+00:00, run_after=2025-05-04T00:00:00+00:00
[2025-05-03T09:42:33.731+0000] {processor.py:178} INFO - Processing /opt/airflow/dags/extract.py took 1.179 seconds
[2025-05-03T09:43:03.973+0000] {processor.py:156} INFO - Started process (PID=8416) to work on /opt/airflow/dags/extract.py
[2025-05-03T09:43:03.976+0000] {processor.py:799} INFO - Processing file /opt/airflow/dags/extract.py for tasks to queue
[2025-05-03T09:43:03.977+0000] {logging_mixin.py:149} INFO - [2025-05-03T09:43:03.976+0000] {dagbag.py:541} INFO - Filling up the DagBag from /opt/airflow/dags/extract.py
[2025-05-03T09:43:04.633+0000] {processor.py:809} INFO - DAG(s) dict_keys(['extract']) retrieved from /opt/airflow/dags/extract.py
[2025-05-03T09:43:04.678+0000] {logging_mixin.py:149} INFO - [2025-05-03T09:43:04.677+0000] {dag.py:2726} INFO - Sync 1 DAGs
[2025-05-03T09:43:04.718+0000] {logging_mixin.py:149} INFO - [2025-05-03T09:43:04.717+0000] {dag.py:3490} INFO - Setting next_dagrun for extract to 2025-05-03T00:00:00+00:00, run_after=2025-05-04T00:00:00+00:00
[2025-05-03T09:43:04.760+0000] {processor.py:178} INFO - Processing /opt/airflow/dags/extract.py took 0.792 seconds
[2025-05-03T09:43:35.170+0000] {processor.py:156} INFO - Started process (PID=8433) to work on /opt/airflow/dags/extract.py
[2025-05-03T09:43:35.172+0000] {processor.py:799} INFO - Processing file /opt/airflow/dags/extract.py for tasks to queue
[2025-05-03T09:43:35.173+0000] {logging_mixin.py:149} INFO - [2025-05-03T09:43:35.173+0000] {dagbag.py:541} INFO - Filling up the DagBag from /opt/airflow/dags/extract.py
[2025-05-03T09:43:36.166+0000] {processor.py:809} INFO - DAG(s) dict_keys(['extract']) retrieved from /opt/airflow/dags/extract.py
[2025-05-03T09:43:36.308+0000] {logging_mixin.py:149} INFO - [2025-05-03T09:43:36.306+0000] {dag.py:2726} INFO - Sync 1 DAGs
[2025-05-03T09:43:36.391+0000] {logging_mixin.py:149} INFO - [2025-05-03T09:43:36.391+0000] {dag.py:3490} INFO - Setting next_dagrun for extract to 2025-05-03T00:00:00+00:00, run_after=2025-05-04T00:00:00+00:00
[2025-05-03T09:43:36.449+0000] {processor.py:178} INFO - Processing /opt/airflow/dags/extract.py took 1.284 seconds
[2025-05-03T09:44:06.765+0000] {processor.py:156} INFO - Started process (PID=8450) to work on /opt/airflow/dags/extract.py
[2025-05-03T09:44:06.767+0000] {processor.py:799} INFO - Processing file /opt/airflow/dags/extract.py for tasks to queue
[2025-05-03T09:44:06.769+0000] {logging_mixin.py:149} INFO - [2025-05-03T09:44:06.768+0000] {dagbag.py:541} INFO - Filling up the DagBag from /opt/airflow/dags/extract.py
[2025-05-03T09:44:07.416+0000] {processor.py:809} INFO - DAG(s) dict_keys(['extract']) retrieved from /opt/airflow/dags/extract.py
[2025-05-03T09:44:07.459+0000] {logging_mixin.py:149} INFO - [2025-05-03T09:44:07.459+0000] {dag.py:2726} INFO - Sync 1 DAGs
[2025-05-03T09:44:07.500+0000] {logging_mixin.py:149} INFO - [2025-05-03T09:44:07.499+0000] {dag.py:3490} INFO - Setting next_dagrun for extract to 2025-05-03T00:00:00+00:00, run_after=2025-05-04T00:00:00+00:00
[2025-05-03T09:44:07.545+0000] {processor.py:178} INFO - Processing /opt/airflow/dags/extract.py took 0.790 seconds
[2025-05-03T09:44:37.783+0000] {processor.py:156} INFO - Started process (PID=8467) to work on /opt/airflow/dags/extract.py
[2025-05-03T09:44:37.784+0000] {processor.py:799} INFO - Processing file /opt/airflow/dags/extract.py for tasks to queue
[2025-05-03T09:44:37.785+0000] {logging_mixin.py:149} INFO - [2025-05-03T09:44:37.785+0000] {dagbag.py:541} INFO - Filling up the DagBag from /opt/airflow/dags/extract.py
[2025-05-03T09:44:38.476+0000] {processor.py:809} INFO - DAG(s) dict_keys(['extract']) retrieved from /opt/airflow/dags/extract.py
[2025-05-03T09:44:38.514+0000] {logging_mixin.py:149} INFO - [2025-05-03T09:44:38.513+0000] {dag.py:2726} INFO - Sync 1 DAGs
[2025-05-03T09:44:38.554+0000] {logging_mixin.py:149} INFO - [2025-05-03T09:44:38.554+0000] {dag.py:3490} INFO - Setting next_dagrun for extract to 2025-05-03T00:00:00+00:00, run_after=2025-05-04T00:00:00+00:00
[2025-05-03T09:44:38.597+0000] {processor.py:178} INFO - Processing /opt/airflow/dags/extract.py took 0.817 seconds
[2025-05-03T09:45:08.915+0000] {processor.py:156} INFO - Started process (PID=8484) to work on /opt/airflow/dags/extract.py
[2025-05-03T09:45:08.917+0000] {processor.py:799} INFO - Processing file /opt/airflow/dags/extract.py for tasks to queue
[2025-05-03T09:45:08.919+0000] {logging_mixin.py:149} INFO - [2025-05-03T09:45:08.918+0000] {dagbag.py:541} INFO - Filling up the DagBag from /opt/airflow/dags/extract.py
[2025-05-03T09:45:09.610+0000] {processor.py:809} INFO - DAG(s) dict_keys(['extract']) retrieved from /opt/airflow/dags/extract.py
[2025-05-03T09:45:09.655+0000] {logging_mixin.py:149} INFO - [2025-05-03T09:45:09.654+0000] {dag.py:2726} INFO - Sync 1 DAGs
[2025-05-03T09:45:09.694+0000] {logging_mixin.py:149} INFO - [2025-05-03T09:45:09.694+0000] {dag.py:3490} INFO - Setting next_dagrun for extract to 2025-05-03T00:00:00+00:00, run_after=2025-05-04T00:00:00+00:00
[2025-05-03T09:45:09.744+0000] {processor.py:178} INFO - Processing /opt/airflow/dags/extract.py took 0.833 seconds
[2025-05-03T09:45:40.068+0000] {processor.py:156} INFO - Started process (PID=8501) to work on /opt/airflow/dags/extract.py
[2025-05-03T09:45:40.069+0000] {processor.py:799} INFO - Processing file /opt/airflow/dags/extract.py for tasks to queue
[2025-05-03T09:45:40.072+0000] {logging_mixin.py:149} INFO - [2025-05-03T09:45:40.071+0000] {dagbag.py:541} INFO - Filling up the DagBag from /opt/airflow/dags/extract.py
[2025-05-03T09:45:40.797+0000] {processor.py:809} INFO - DAG(s) dict_keys(['extract']) retrieved from /opt/airflow/dags/extract.py
[2025-05-03T09:45:40.840+0000] {logging_mixin.py:149} INFO - [2025-05-03T09:45:40.840+0000] {dag.py:2726} INFO - Sync 1 DAGs
[2025-05-03T09:45:40.874+0000] {logging_mixin.py:149} INFO - [2025-05-03T09:45:40.874+0000] {dag.py:3490} INFO - Setting next_dagrun for extract to 2025-05-03T00:00:00+00:00, run_after=2025-05-04T00:00:00+00:00
[2025-05-03T09:45:40.924+0000] {processor.py:178} INFO - Processing /opt/airflow/dags/extract.py took 0.860 seconds
[2025-05-03T09:46:11.243+0000] {processor.py:156} INFO - Started process (PID=8518) to work on /opt/airflow/dags/extract.py
[2025-05-03T09:46:11.245+0000] {processor.py:799} INFO - Processing file /opt/airflow/dags/extract.py for tasks to queue
[2025-05-03T09:46:11.247+0000] {logging_mixin.py:149} INFO - [2025-05-03T09:46:11.247+0000] {dagbag.py:541} INFO - Filling up the DagBag from /opt/airflow/dags/extract.py
[2025-05-03T09:46:11.972+0000] {processor.py:809} INFO - DAG(s) dict_keys(['extract']) retrieved from /opt/airflow/dags/extract.py
[2025-05-03T09:46:12.014+0000] {logging_mixin.py:149} INFO - [2025-05-03T09:46:12.012+0000] {dag.py:2726} INFO - Sync 1 DAGs
[2025-05-03T09:46:12.054+0000] {logging_mixin.py:149} INFO - [2025-05-03T09:46:12.054+0000] {dag.py:3490} INFO - Setting next_dagrun for extract to 2025-05-03T00:00:00+00:00, run_after=2025-05-04T00:00:00+00:00
[2025-05-03T09:46:12.100+0000] {processor.py:178} INFO - Processing /opt/airflow/dags/extract.py took 0.860 seconds
[2025-05-03T09:46:42.411+0000] {processor.py:156} INFO - Started process (PID=8535) to work on /opt/airflow/dags/extract.py
[2025-05-03T09:46:42.412+0000] {processor.py:799} INFO - Processing file /opt/airflow/dags/extract.py for tasks to queue
[2025-05-03T09:46:42.414+0000] {logging_mixin.py:149} INFO - [2025-05-03T09:46:42.414+0000] {dagbag.py:541} INFO - Filling up the DagBag from /opt/airflow/dags/extract.py
[2025-05-03T09:46:43.144+0000] {processor.py:809} INFO - DAG(s) dict_keys(['extract']) retrieved from /opt/airflow/dags/extract.py
[2025-05-03T09:46:43.190+0000] {logging_mixin.py:149} INFO - [2025-05-03T09:46:43.189+0000] {dag.py:2726} INFO - Sync 1 DAGs
[2025-05-03T09:46:43.231+0000] {logging_mixin.py:149} INFO - [2025-05-03T09:46:43.231+0000] {dag.py:3490} INFO - Setting next_dagrun for extract to 2025-05-03T00:00:00+00:00, run_after=2025-05-04T00:00:00+00:00
[2025-05-03T09:46:43.282+0000] {processor.py:178} INFO - Processing /opt/airflow/dags/extract.py took 0.876 seconds
[2025-05-03T09:47:13.594+0000] {processor.py:156} INFO - Started process (PID=8552) to work on /opt/airflow/dags/extract.py
[2025-05-03T09:47:13.595+0000] {processor.py:799} INFO - Processing file /opt/airflow/dags/extract.py for tasks to queue
[2025-05-03T09:47:13.597+0000] {logging_mixin.py:149} INFO - [2025-05-03T09:47:13.596+0000] {dagbag.py:541} INFO - Filling up the DagBag from /opt/airflow/dags/extract.py
[2025-05-03T09:47:14.324+0000] {processor.py:809} INFO - DAG(s) dict_keys(['extract']) retrieved from /opt/airflow/dags/extract.py
[2025-05-03T09:47:14.375+0000] {logging_mixin.py:149} INFO - [2025-05-03T09:47:14.375+0000] {dag.py:2726} INFO - Sync 1 DAGs
[2025-05-03T09:47:14.416+0000] {logging_mixin.py:149} INFO - [2025-05-03T09:47:14.416+0000] {dag.py:3490} INFO - Setting next_dagrun for extract to 2025-05-03T00:00:00+00:00, run_after=2025-05-04T00:00:00+00:00
[2025-05-03T09:47:14.468+0000] {processor.py:178} INFO - Processing /opt/airflow/dags/extract.py took 0.878 seconds
[2025-05-03T09:47:44.784+0000] {processor.py:156} INFO - Started process (PID=8569) to work on /opt/airflow/dags/extract.py
[2025-05-03T09:47:44.786+0000] {processor.py:799} INFO - Processing file /opt/airflow/dags/extract.py for tasks to queue
[2025-05-03T09:47:44.788+0000] {logging_mixin.py:149} INFO - [2025-05-03T09:47:44.787+0000] {dagbag.py:541} INFO - Filling up the DagBag from /opt/airflow/dags/extract.py
[2025-05-03T09:47:45.475+0000] {processor.py:809} INFO - DAG(s) dict_keys(['extract']) retrieved from /opt/airflow/dags/extract.py
[2025-05-03T09:47:45.516+0000] {logging_mixin.py:149} INFO - [2025-05-03T09:47:45.515+0000] {dag.py:2726} INFO - Sync 1 DAGs
[2025-05-03T09:47:45.551+0000] {logging_mixin.py:149} INFO - [2025-05-03T09:47:45.551+0000] {dag.py:3490} INFO - Setting next_dagrun for extract to 2025-05-03T00:00:00+00:00, run_after=2025-05-04T00:00:00+00:00
[2025-05-03T09:47:45.598+0000] {processor.py:178} INFO - Processing /opt/airflow/dags/extract.py took 0.818 seconds
[2025-05-03T09:48:15.679+0000] {processor.py:156} INFO - Started process (PID=8586) to work on /opt/airflow/dags/extract.py
[2025-05-03T09:48:15.681+0000] {processor.py:799} INFO - Processing file /opt/airflow/dags/extract.py for tasks to queue
[2025-05-03T09:48:15.683+0000] {logging_mixin.py:149} INFO - [2025-05-03T09:48:15.683+0000] {dagbag.py:541} INFO - Filling up the DagBag from /opt/airflow/dags/extract.py
[2025-05-03T09:48:16.456+0000] {processor.py:809} INFO - DAG(s) dict_keys(['extract']) retrieved from /opt/airflow/dags/extract.py
[2025-05-03T09:48:16.494+0000] {logging_mixin.py:149} INFO - [2025-05-03T09:48:16.493+0000] {dag.py:2726} INFO - Sync 1 DAGs
[2025-05-03T09:48:16.534+0000] {logging_mixin.py:149} INFO - [2025-05-03T09:48:16.534+0000] {dag.py:3490} INFO - Setting next_dagrun for extract to 2025-05-03T00:00:00+00:00, run_after=2025-05-04T00:00:00+00:00
[2025-05-03T09:48:16.580+0000] {processor.py:178} INFO - Processing /opt/airflow/dags/extract.py took 0.903 seconds
[2025-05-03T09:48:46.901+0000] {processor.py:156} INFO - Started process (PID=8603) to work on /opt/airflow/dags/extract.py
[2025-05-03T09:48:46.903+0000] {processor.py:799} INFO - Processing file /opt/airflow/dags/extract.py for tasks to queue
[2025-05-03T09:48:46.905+0000] {logging_mixin.py:149} INFO - [2025-05-03T09:48:46.905+0000] {dagbag.py:541} INFO - Filling up the DagBag from /opt/airflow/dags/extract.py
[2025-05-03T09:48:47.635+0000] {processor.py:809} INFO - DAG(s) dict_keys(['extract']) retrieved from /opt/airflow/dags/extract.py
[2025-05-03T09:48:47.681+0000] {logging_mixin.py:149} INFO - [2025-05-03T09:48:47.680+0000] {dag.py:2726} INFO - Sync 1 DAGs
[2025-05-03T09:48:47.729+0000] {logging_mixin.py:149} INFO - [2025-05-03T09:48:47.729+0000] {dag.py:3490} INFO - Setting next_dagrun for extract to 2025-05-03T00:00:00+00:00, run_after=2025-05-04T00:00:00+00:00
[2025-05-03T09:48:47.777+0000] {processor.py:178} INFO - Processing /opt/airflow/dags/extract.py took 0.881 seconds
[2025-05-03T09:49:18.091+0000] {processor.py:156} INFO - Started process (PID=8620) to work on /opt/airflow/dags/extract.py
[2025-05-03T09:49:18.094+0000] {processor.py:799} INFO - Processing file /opt/airflow/dags/extract.py for tasks to queue
[2025-05-03T09:49:18.097+0000] {logging_mixin.py:149} INFO - [2025-05-03T09:49:18.096+0000] {dagbag.py:541} INFO - Filling up the DagBag from /opt/airflow/dags/extract.py
[2025-05-03T09:49:18.843+0000] {processor.py:809} INFO - DAG(s) dict_keys(['extract']) retrieved from /opt/airflow/dags/extract.py
[2025-05-03T09:49:18.889+0000] {logging_mixin.py:149} INFO - [2025-05-03T09:49:18.888+0000] {dag.py:2726} INFO - Sync 1 DAGs
[2025-05-03T09:49:18.934+0000] {logging_mixin.py:149} INFO - [2025-05-03T09:49:18.934+0000] {dag.py:3490} INFO - Setting next_dagrun for extract to 2025-05-03T00:00:00+00:00, run_after=2025-05-04T00:00:00+00:00
[2025-05-03T09:49:18.982+0000] {processor.py:178} INFO - Processing /opt/airflow/dags/extract.py took 0.894 seconds
[2025-05-03T09:49:49.358+0000] {processor.py:156} INFO - Started process (PID=8637) to work on /opt/airflow/dags/extract.py
[2025-05-03T09:49:49.360+0000] {processor.py:799} INFO - Processing file /opt/airflow/dags/extract.py for tasks to queue
[2025-05-03T09:49:49.362+0000] {logging_mixin.py:149} INFO - [2025-05-03T09:49:49.362+0000] {dagbag.py:541} INFO - Filling up the DagBag from /opt/airflow/dags/extract.py
[2025-05-03T09:49:50.240+0000] {processor.py:809} INFO - DAG(s) dict_keys(['extract']) retrieved from /opt/airflow/dags/extract.py
[2025-05-03T09:49:50.287+0000] {logging_mixin.py:149} INFO - [2025-05-03T09:49:50.286+0000] {dag.py:2726} INFO - Sync 1 DAGs
[2025-05-03T09:49:50.338+0000] {logging_mixin.py:149} INFO - [2025-05-03T09:49:50.338+0000] {dag.py:3490} INFO - Setting next_dagrun for extract to 2025-05-03T00:00:00+00:00, run_after=2025-05-04T00:00:00+00:00
[2025-05-03T09:49:50.390+0000] {processor.py:178} INFO - Processing /opt/airflow/dags/extract.py took 1.040 seconds
[2025-05-03T09:50:20.604+0000] {processor.py:156} INFO - Started process (PID=8654) to work on /opt/airflow/dags/extract.py
[2025-05-03T09:50:20.606+0000] {processor.py:799} INFO - Processing file /opt/airflow/dags/extract.py for tasks to queue
[2025-05-03T09:50:20.607+0000] {logging_mixin.py:149} INFO - [2025-05-03T09:50:20.607+0000] {dagbag.py:541} INFO - Filling up the DagBag from /opt/airflow/dags/extract.py
[2025-05-03T09:50:21.317+0000] {processor.py:809} INFO - DAG(s) dict_keys(['extract']) retrieved from /opt/airflow/dags/extract.py
[2025-05-03T09:50:21.362+0000] {logging_mixin.py:149} INFO - [2025-05-03T09:50:21.361+0000] {dag.py:2726} INFO - Sync 1 DAGs
[2025-05-03T09:50:21.420+0000] {logging_mixin.py:149} INFO - [2025-05-03T09:50:21.420+0000] {dag.py:3490} INFO - Setting next_dagrun for extract to 2025-05-03T00:00:00+00:00, run_after=2025-05-04T00:00:00+00:00
[2025-05-03T09:50:21.471+0000] {processor.py:178} INFO - Processing /opt/airflow/dags/extract.py took 0.871 seconds
[2025-05-03T09:50:51.793+0000] {processor.py:156} INFO - Started process (PID=8671) to work on /opt/airflow/dags/extract.py
[2025-05-03T09:50:51.795+0000] {processor.py:799} INFO - Processing file /opt/airflow/dags/extract.py for tasks to queue
[2025-05-03T09:50:51.797+0000] {logging_mixin.py:149} INFO - [2025-05-03T09:50:51.797+0000] {dagbag.py:541} INFO - Filling up the DagBag from /opt/airflow/dags/extract.py
[2025-05-03T09:50:52.571+0000] {processor.py:809} INFO - DAG(s) dict_keys(['extract']) retrieved from /opt/airflow/dags/extract.py
[2025-05-03T09:50:52.619+0000] {logging_mixin.py:149} INFO - [2025-05-03T09:50:52.618+0000] {dag.py:2726} INFO - Sync 1 DAGs
[2025-05-03T09:50:52.672+0000] {logging_mixin.py:149} INFO - [2025-05-03T09:50:52.672+0000] {dag.py:3490} INFO - Setting next_dagrun for extract to 2025-05-03T00:00:00+00:00, run_after=2025-05-04T00:00:00+00:00
[2025-05-03T09:50:52.720+0000] {processor.py:178} INFO - Processing /opt/airflow/dags/extract.py took 0.930 seconds
[2025-05-03T09:51:23.140+0000] {processor.py:156} INFO - Started process (PID=8688) to work on /opt/airflow/dags/extract.py
[2025-05-03T09:51:23.142+0000] {processor.py:799} INFO - Processing file /opt/airflow/dags/extract.py for tasks to queue
[2025-05-03T09:51:23.143+0000] {logging_mixin.py:149} INFO - [2025-05-03T09:51:23.143+0000] {dagbag.py:541} INFO - Filling up the DagBag from /opt/airflow/dags/extract.py
[2025-05-03T09:51:24.237+0000] {processor.py:809} INFO - DAG(s) dict_keys(['extract']) retrieved from /opt/airflow/dags/extract.py
[2025-05-03T09:51:24.281+0000] {logging_mixin.py:149} INFO - [2025-05-03T09:51:24.280+0000] {dag.py:2726} INFO - Sync 1 DAGs
[2025-05-03T09:51:24.326+0000] {logging_mixin.py:149} INFO - [2025-05-03T09:51:24.326+0000] {dag.py:3490} INFO - Setting next_dagrun for extract to 2025-05-03T00:00:00+00:00, run_after=2025-05-04T00:00:00+00:00
[2025-05-03T09:51:24.372+0000] {processor.py:178} INFO - Processing /opt/airflow/dags/extract.py took 1.236 seconds
[2025-05-03T09:51:54.694+0000] {processor.py:156} INFO - Started process (PID=8705) to work on /opt/airflow/dags/extract.py
[2025-05-03T09:51:54.697+0000] {processor.py:799} INFO - Processing file /opt/airflow/dags/extract.py for tasks to queue
[2025-05-03T09:51:54.699+0000] {logging_mixin.py:149} INFO - [2025-05-03T09:51:54.699+0000] {dagbag.py:541} INFO - Filling up the DagBag from /opt/airflow/dags/extract.py
[2025-05-03T09:51:56.152+0000] {processor.py:809} INFO - DAG(s) dict_keys(['extract']) retrieved from /opt/airflow/dags/extract.py
[2025-05-03T09:51:56.203+0000] {logging_mixin.py:149} INFO - [2025-05-03T09:51:56.203+0000] {dag.py:2726} INFO - Sync 1 DAGs
[2025-05-03T09:51:56.247+0000] {logging_mixin.py:149} INFO - [2025-05-03T09:51:56.246+0000] {dag.py:3490} INFO - Setting next_dagrun for extract to 2025-05-03T00:00:00+00:00, run_after=2025-05-04T00:00:00+00:00
[2025-05-03T09:51:56.298+0000] {processor.py:178} INFO - Processing /opt/airflow/dags/extract.py took 1.619 seconds
[2025-05-03T09:52:26.645+0000] {processor.py:156} INFO - Started process (PID=8722) to work on /opt/airflow/dags/extract.py
[2025-05-03T09:52:26.649+0000] {processor.py:799} INFO - Processing file /opt/airflow/dags/extract.py for tasks to queue
[2025-05-03T09:52:26.650+0000] {logging_mixin.py:149} INFO - [2025-05-03T09:52:26.650+0000] {dagbag.py:541} INFO - Filling up the DagBag from /opt/airflow/dags/extract.py
[2025-05-03T09:52:27.342+0000] {processor.py:809} INFO - DAG(s) dict_keys(['extract']) retrieved from /opt/airflow/dags/extract.py
[2025-05-03T09:52:27.390+0000] {logging_mixin.py:149} INFO - [2025-05-03T09:52:27.390+0000] {dag.py:2726} INFO - Sync 1 DAGs
[2025-05-03T09:52:27.433+0000] {logging_mixin.py:149} INFO - [2025-05-03T09:52:27.433+0000] {dag.py:3490} INFO - Setting next_dagrun for extract to 2025-05-03T00:00:00+00:00, run_after=2025-05-04T00:00:00+00:00
[2025-05-03T09:52:27.480+0000] {processor.py:178} INFO - Processing /opt/airflow/dags/extract.py took 0.840 seconds
[2025-05-03T09:52:57.783+0000] {processor.py:156} INFO - Started process (PID=8739) to work on /opt/airflow/dags/extract.py
[2025-05-03T09:52:57.785+0000] {processor.py:799} INFO - Processing file /opt/airflow/dags/extract.py for tasks to queue
[2025-05-03T09:52:57.786+0000] {logging_mixin.py:149} INFO - [2025-05-03T09:52:57.786+0000] {dagbag.py:541} INFO - Filling up the DagBag from /opt/airflow/dags/extract.py
[2025-05-03T09:52:58.582+0000] {processor.py:809} INFO - DAG(s) dict_keys(['extract']) retrieved from /opt/airflow/dags/extract.py
[2025-05-03T09:52:58.639+0000] {logging_mixin.py:149} INFO - [2025-05-03T09:52:58.638+0000] {dag.py:2726} INFO - Sync 1 DAGs
[2025-05-03T09:52:58.695+0000] {logging_mixin.py:149} INFO - [2025-05-03T09:52:58.695+0000] {dag.py:3490} INFO - Setting next_dagrun for extract to 2025-05-03T00:00:00+00:00, run_after=2025-05-04T00:00:00+00:00
[2025-05-03T09:52:58.746+0000] {processor.py:178} INFO - Processing /opt/airflow/dags/extract.py took 0.967 seconds
[2025-05-03T09:53:29.036+0000] {processor.py:156} INFO - Started process (PID=8756) to work on /opt/airflow/dags/extract.py
[2025-05-03T09:53:29.037+0000] {processor.py:799} INFO - Processing file /opt/airflow/dags/extract.py for tasks to queue
[2025-05-03T09:53:29.038+0000] {logging_mixin.py:149} INFO - [2025-05-03T09:53:29.038+0000] {dagbag.py:541} INFO - Filling up the DagBag from /opt/airflow/dags/extract.py
[2025-05-03T09:53:29.760+0000] {processor.py:809} INFO - DAG(s) dict_keys(['extract']) retrieved from /opt/airflow/dags/extract.py
[2025-05-03T09:53:29.806+0000] {logging_mixin.py:149} INFO - [2025-05-03T09:53:29.805+0000] {dag.py:2726} INFO - Sync 1 DAGs
[2025-05-03T09:53:29.842+0000] {logging_mixin.py:149} INFO - [2025-05-03T09:53:29.842+0000] {dag.py:3490} INFO - Setting next_dagrun for extract to 2025-05-03T00:00:00+00:00, run_after=2025-05-04T00:00:00+00:00
[2025-05-03T09:53:29.888+0000] {processor.py:178} INFO - Processing /opt/airflow/dags/extract.py took 0.855 seconds
[2025-05-03T09:54:00.183+0000] {processor.py:156} INFO - Started process (PID=8773) to work on /opt/airflow/dags/extract.py
[2025-05-03T09:54:00.185+0000] {processor.py:799} INFO - Processing file /opt/airflow/dags/extract.py for tasks to queue
[2025-05-03T09:54:00.187+0000] {logging_mixin.py:149} INFO - [2025-05-03T09:54:00.186+0000] {dagbag.py:541} INFO - Filling up the DagBag from /opt/airflow/dags/extract.py
[2025-05-03T09:54:00.882+0000] {processor.py:809} INFO - DAG(s) dict_keys(['extract']) retrieved from /opt/airflow/dags/extract.py
[2025-05-03T09:54:00.920+0000] {logging_mixin.py:149} INFO - [2025-05-03T09:54:00.919+0000] {dag.py:2726} INFO - Sync 1 DAGs
[2025-05-03T09:54:00.954+0000] {logging_mixin.py:149} INFO - [2025-05-03T09:54:00.954+0000] {dag.py:3490} INFO - Setting next_dagrun for extract to 2025-05-03T00:00:00+00:00, run_after=2025-05-04T00:00:00+00:00
[2025-05-03T09:54:01.005+0000] {processor.py:178} INFO - Processing /opt/airflow/dags/extract.py took 0.825 seconds
[2025-05-03T09:54:31.303+0000] {processor.py:156} INFO - Started process (PID=8790) to work on /opt/airflow/dags/extract.py
[2025-05-03T09:54:31.305+0000] {processor.py:799} INFO - Processing file /opt/airflow/dags/extract.py for tasks to queue
[2025-05-03T09:54:31.307+0000] {logging_mixin.py:149} INFO - [2025-05-03T09:54:31.306+0000] {dagbag.py:541} INFO - Filling up the DagBag from /opt/airflow/dags/extract.py
[2025-05-03T09:54:32.035+0000] {processor.py:809} INFO - DAG(s) dict_keys(['extract']) retrieved from /opt/airflow/dags/extract.py
[2025-05-03T09:54:32.078+0000] {logging_mixin.py:149} INFO - [2025-05-03T09:54:32.077+0000] {dag.py:2726} INFO - Sync 1 DAGs
[2025-05-03T09:54:32.119+0000] {logging_mixin.py:149} INFO - [2025-05-03T09:54:32.119+0000] {dag.py:3490} INFO - Setting next_dagrun for extract to 2025-05-03T00:00:00+00:00, run_after=2025-05-04T00:00:00+00:00
[2025-05-03T09:54:32.162+0000] {processor.py:178} INFO - Processing /opt/airflow/dags/extract.py took 0.862 seconds
[2025-05-03T09:55:02.467+0000] {processor.py:156} INFO - Started process (PID=8807) to work on /opt/airflow/dags/extract.py
[2025-05-03T09:55:02.469+0000] {processor.py:799} INFO - Processing file /opt/airflow/dags/extract.py for tasks to queue
[2025-05-03T09:55:02.471+0000] {logging_mixin.py:149} INFO - [2025-05-03T09:55:02.471+0000] {dagbag.py:541} INFO - Filling up the DagBag from /opt/airflow/dags/extract.py
[2025-05-03T09:55:03.427+0000] {processor.py:809} INFO - DAG(s) dict_keys(['extract']) retrieved from /opt/airflow/dags/extract.py
[2025-05-03T09:55:03.487+0000] {logging_mixin.py:149} INFO - [2025-05-03T09:55:03.486+0000] {dag.py:2726} INFO - Sync 1 DAGs
[2025-05-03T09:55:03.543+0000] {logging_mixin.py:149} INFO - [2025-05-03T09:55:03.543+0000] {dag.py:3490} INFO - Setting next_dagrun for extract to 2025-05-03T00:00:00+00:00, run_after=2025-05-04T00:00:00+00:00
[2025-05-03T09:55:03.601+0000] {processor.py:178} INFO - Processing /opt/airflow/dags/extract.py took 1.139 seconds
[2025-05-03T09:55:33.730+0000] {processor.py:156} INFO - Started process (PID=8824) to work on /opt/airflow/dags/extract.py
[2025-05-03T09:55:33.732+0000] {processor.py:799} INFO - Processing file /opt/airflow/dags/extract.py for tasks to queue
[2025-05-03T09:55:33.734+0000] {logging_mixin.py:149} INFO - [2025-05-03T09:55:33.734+0000] {dagbag.py:541} INFO - Filling up the DagBag from /opt/airflow/dags/extract.py
[2025-05-03T09:55:34.383+0000] {processor.py:809} INFO - DAG(s) dict_keys(['extract']) retrieved from /opt/airflow/dags/extract.py
[2025-05-03T09:55:34.420+0000] {logging_mixin.py:149} INFO - [2025-05-03T09:55:34.420+0000] {dag.py:2726} INFO - Sync 1 DAGs
[2025-05-03T09:55:34.457+0000] {logging_mixin.py:149} INFO - [2025-05-03T09:55:34.457+0000] {dag.py:3490} INFO - Setting next_dagrun for extract to 2025-05-03T00:00:00+00:00, run_after=2025-05-04T00:00:00+00:00
[2025-05-03T09:55:34.500+0000] {processor.py:178} INFO - Processing /opt/airflow/dags/extract.py took 0.773 seconds
[2025-05-03T09:56:04.818+0000] {processor.py:156} INFO - Started process (PID=8841) to work on /opt/airflow/dags/extract.py
[2025-05-03T09:56:04.820+0000] {processor.py:799} INFO - Processing file /opt/airflow/dags/extract.py for tasks to queue
[2025-05-03T09:56:04.821+0000] {logging_mixin.py:149} INFO - [2025-05-03T09:56:04.821+0000] {dagbag.py:541} INFO - Filling up the DagBag from /opt/airflow/dags/extract.py
[2025-05-03T09:56:05.589+0000] {processor.py:809} INFO - DAG(s) dict_keys(['extract']) retrieved from /opt/airflow/dags/extract.py
[2025-05-03T09:56:05.632+0000] {logging_mixin.py:149} INFO - [2025-05-03T09:56:05.631+0000] {dag.py:2726} INFO - Sync 1 DAGs
[2025-05-03T09:56:05.668+0000] {logging_mixin.py:149} INFO - [2025-05-03T09:56:05.668+0000] {dag.py:3490} INFO - Setting next_dagrun for extract to 2025-05-03T00:00:00+00:00, run_after=2025-05-04T00:00:00+00:00
[2025-05-03T09:56:05.714+0000] {processor.py:178} INFO - Processing /opt/airflow/dags/extract.py took 0.902 seconds
[2025-05-03T09:56:36.028+0000] {processor.py:156} INFO - Started process (PID=8858) to work on /opt/airflow/dags/extract.py
[2025-05-03T09:56:36.030+0000] {processor.py:799} INFO - Processing file /opt/airflow/dags/extract.py for tasks to queue
[2025-05-03T09:56:36.031+0000] {logging_mixin.py:149} INFO - [2025-05-03T09:56:36.031+0000] {dagbag.py:541} INFO - Filling up the DagBag from /opt/airflow/dags/extract.py
[2025-05-03T09:56:36.758+0000] {processor.py:809} INFO - DAG(s) dict_keys(['extract']) retrieved from /opt/airflow/dags/extract.py
[2025-05-03T09:56:36.800+0000] {logging_mixin.py:149} INFO - [2025-05-03T09:56:36.798+0000] {dag.py:2726} INFO - Sync 1 DAGs
[2025-05-03T09:56:36.843+0000] {logging_mixin.py:149} INFO - [2025-05-03T09:56:36.843+0000] {dag.py:3490} INFO - Setting next_dagrun for extract to 2025-05-03T00:00:00+00:00, run_after=2025-05-04T00:00:00+00:00
[2025-05-03T09:56:36.891+0000] {processor.py:178} INFO - Processing /opt/airflow/dags/extract.py took 0.866 seconds
[2025-05-03T09:57:07.190+0000] {processor.py:156} INFO - Started process (PID=8875) to work on /opt/airflow/dags/extract.py
[2025-05-03T09:57:07.192+0000] {processor.py:799} INFO - Processing file /opt/airflow/dags/extract.py for tasks to queue
[2025-05-03T09:57:07.194+0000] {logging_mixin.py:149} INFO - [2025-05-03T09:57:07.193+0000] {dagbag.py:541} INFO - Filling up the DagBag from /opt/airflow/dags/extract.py
[2025-05-03T09:57:07.886+0000] {processor.py:809} INFO - DAG(s) dict_keys(['extract']) retrieved from /opt/airflow/dags/extract.py
[2025-05-03T09:57:07.936+0000] {logging_mixin.py:149} INFO - [2025-05-03T09:57:07.935+0000] {dag.py:2726} INFO - Sync 1 DAGs
[2025-05-03T09:57:07.980+0000] {logging_mixin.py:149} INFO - [2025-05-03T09:57:07.980+0000] {dag.py:3490} INFO - Setting next_dagrun for extract to 2025-05-03T00:00:00+00:00, run_after=2025-05-04T00:00:00+00:00
[2025-05-03T09:57:08.025+0000] {processor.py:178} INFO - Processing /opt/airflow/dags/extract.py took 0.838 seconds
[2025-05-03T09:57:38.310+0000] {processor.py:156} INFO - Started process (PID=8892) to work on /opt/airflow/dags/extract.py
[2025-05-03T09:57:38.312+0000] {processor.py:799} INFO - Processing file /opt/airflow/dags/extract.py for tasks to queue
[2025-05-03T09:57:38.315+0000] {logging_mixin.py:149} INFO - [2025-05-03T09:57:38.314+0000] {dagbag.py:541} INFO - Filling up the DagBag from /opt/airflow/dags/extract.py
[2025-05-03T09:57:39.037+0000] {processor.py:809} INFO - DAG(s) dict_keys(['extract']) retrieved from /opt/airflow/dags/extract.py
[2025-05-03T09:57:39.086+0000] {logging_mixin.py:149} INFO - [2025-05-03T09:57:39.084+0000] {dag.py:2726} INFO - Sync 1 DAGs
[2025-05-03T09:57:39.124+0000] {logging_mixin.py:149} INFO - [2025-05-03T09:57:39.124+0000] {dag.py:3490} INFO - Setting next_dagrun for extract to 2025-05-03T00:00:00+00:00, run_after=2025-05-04T00:00:00+00:00
[2025-05-03T09:57:39.172+0000] {processor.py:178} INFO - Processing /opt/airflow/dags/extract.py took 0.866 seconds
[2025-05-03T09:58:09.489+0000] {processor.py:156} INFO - Started process (PID=8909) to work on /opt/airflow/dags/extract.py
[2025-05-03T09:58:09.490+0000] {processor.py:799} INFO - Processing file /opt/airflow/dags/extract.py for tasks to queue
[2025-05-03T09:58:09.492+0000] {logging_mixin.py:149} INFO - [2025-05-03T09:58:09.492+0000] {dagbag.py:541} INFO - Filling up the DagBag from /opt/airflow/dags/extract.py
[2025-05-03T09:58:10.245+0000] {processor.py:809} INFO - DAG(s) dict_keys(['extract']) retrieved from /opt/airflow/dags/extract.py
[2025-05-03T09:58:10.288+0000] {logging_mixin.py:149} INFO - [2025-05-03T09:58:10.287+0000] {dag.py:2726} INFO - Sync 1 DAGs
[2025-05-03T09:58:10.329+0000] {logging_mixin.py:149} INFO - [2025-05-03T09:58:10.329+0000] {dag.py:3490} INFO - Setting next_dagrun for extract to 2025-05-03T00:00:00+00:00, run_after=2025-05-04T00:00:00+00:00
[2025-05-03T09:58:10.381+0000] {processor.py:178} INFO - Processing /opt/airflow/dags/extract.py took 0.896 seconds
[2025-05-03T09:58:40.763+0000] {processor.py:156} INFO - Started process (PID=8926) to work on /opt/airflow/dags/extract.py
[2025-05-03T09:58:40.765+0000] {processor.py:799} INFO - Processing file /opt/airflow/dags/extract.py for tasks to queue
[2025-05-03T09:58:40.766+0000] {logging_mixin.py:149} INFO - [2025-05-03T09:58:40.766+0000] {dagbag.py:541} INFO - Filling up the DagBag from /opt/airflow/dags/extract.py
[2025-05-03T09:58:41.475+0000] {processor.py:809} INFO - DAG(s) dict_keys(['extract']) retrieved from /opt/airflow/dags/extract.py
[2025-05-03T09:58:41.509+0000] {logging_mixin.py:149} INFO - [2025-05-03T09:58:41.509+0000] {dag.py:2726} INFO - Sync 1 DAGs
[2025-05-03T09:58:41.545+0000] {logging_mixin.py:149} INFO - [2025-05-03T09:58:41.545+0000] {dag.py:3490} INFO - Setting next_dagrun for extract to 2025-05-03T00:00:00+00:00, run_after=2025-05-04T00:00:00+00:00
[2025-05-03T09:58:41.590+0000] {processor.py:178} INFO - Processing /opt/airflow/dags/extract.py took 0.832 seconds
[2025-05-03T09:59:11.665+0000] {processor.py:156} INFO - Started process (PID=8943) to work on /opt/airflow/dags/extract.py
[2025-05-03T09:59:11.667+0000] {processor.py:799} INFO - Processing file /opt/airflow/dags/extract.py for tasks to queue
[2025-05-03T09:59:11.668+0000] {logging_mixin.py:149} INFO - [2025-05-03T09:59:11.668+0000] {dagbag.py:541} INFO - Filling up the DagBag from /opt/airflow/dags/extract.py
[2025-05-03T09:59:12.567+0000] {processor.py:809} INFO - DAG(s) dict_keys(['extract']) retrieved from /opt/airflow/dags/extract.py
[2025-05-03T09:59:12.632+0000] {logging_mixin.py:149} INFO - [2025-05-03T09:59:12.631+0000] {dag.py:2726} INFO - Sync 1 DAGs
[2025-05-03T09:59:12.682+0000] {logging_mixin.py:149} INFO - [2025-05-03T09:59:12.682+0000] {dag.py:3490} INFO - Setting next_dagrun for extract to 2025-05-03T00:00:00+00:00, run_after=2025-05-04T00:00:00+00:00
[2025-05-03T09:59:12.729+0000] {processor.py:178} INFO - Processing /opt/airflow/dags/extract.py took 1.067 seconds
[2025-05-03T09:59:42.991+0000] {processor.py:156} INFO - Started process (PID=8960) to work on /opt/airflow/dags/extract.py
[2025-05-03T09:59:42.996+0000] {processor.py:799} INFO - Processing file /opt/airflow/dags/extract.py for tasks to queue
[2025-05-03T09:59:42.998+0000] {logging_mixin.py:149} INFO - [2025-05-03T09:59:42.997+0000] {dagbag.py:541} INFO - Filling up the DagBag from /opt/airflow/dags/extract.py
[2025-05-03T09:59:43.718+0000] {processor.py:809} INFO - DAG(s) dict_keys(['extract']) retrieved from /opt/airflow/dags/extract.py
[2025-05-03T09:59:43.765+0000] {logging_mixin.py:149} INFO - [2025-05-03T09:59:43.765+0000] {dag.py:2726} INFO - Sync 1 DAGs
[2025-05-03T09:59:43.807+0000] {logging_mixin.py:149} INFO - [2025-05-03T09:59:43.807+0000] {dag.py:3490} INFO - Setting next_dagrun for extract to 2025-05-03T00:00:00+00:00, run_after=2025-05-04T00:00:00+00:00
[2025-05-03T09:59:43.851+0000] {processor.py:178} INFO - Processing /opt/airflow/dags/extract.py took 0.873 seconds
[2025-05-03T10:00:14.237+0000] {processor.py:156} INFO - Started process (PID=8977) to work on /opt/airflow/dags/extract.py
[2025-05-03T10:00:14.239+0000] {processor.py:799} INFO - Processing file /opt/airflow/dags/extract.py for tasks to queue
[2025-05-03T10:00:14.241+0000] {logging_mixin.py:149} INFO - [2025-05-03T10:00:14.240+0000] {dagbag.py:541} INFO - Filling up the DagBag from /opt/airflow/dags/extract.py
[2025-05-03T10:00:15.091+0000] {processor.py:809} INFO - DAG(s) dict_keys(['extract']) retrieved from /opt/airflow/dags/extract.py
[2025-05-03T10:00:15.144+0000] {logging_mixin.py:149} INFO - [2025-05-03T10:00:15.144+0000] {dag.py:2726} INFO - Sync 1 DAGs
[2025-05-03T10:00:15.182+0000] {logging_mixin.py:149} INFO - [2025-05-03T10:00:15.181+0000] {dag.py:3490} INFO - Setting next_dagrun for extract to 2025-05-03T00:00:00+00:00, run_after=2025-05-04T00:00:00+00:00
[2025-05-03T10:00:15.225+0000] {processor.py:178} INFO - Processing /opt/airflow/dags/extract.py took 0.992 seconds
[2025-05-03T10:00:45.577+0000] {processor.py:156} INFO - Started process (PID=8994) to work on /opt/airflow/dags/extract.py
[2025-05-03T10:00:45.579+0000] {processor.py:799} INFO - Processing file /opt/airflow/dags/extract.py for tasks to queue
[2025-05-03T10:00:45.580+0000] {logging_mixin.py:149} INFO - [2025-05-03T10:00:45.580+0000] {dagbag.py:541} INFO - Filling up the DagBag from /opt/airflow/dags/extract.py
[2025-05-03T10:00:46.306+0000] {processor.py:809} INFO - DAG(s) dict_keys(['extract']) retrieved from /opt/airflow/dags/extract.py
[2025-05-03T10:00:46.356+0000] {logging_mixin.py:149} INFO - [2025-05-03T10:00:46.355+0000] {dag.py:2726} INFO - Sync 1 DAGs
[2025-05-03T10:00:46.398+0000] {logging_mixin.py:149} INFO - [2025-05-03T10:00:46.398+0000] {dag.py:3490} INFO - Setting next_dagrun for extract to 2025-05-03T00:00:00+00:00, run_after=2025-05-04T00:00:00+00:00
[2025-05-03T10:00:46.443+0000] {processor.py:178} INFO - Processing /opt/airflow/dags/extract.py took 0.873 seconds
[2025-05-03T10:01:16.750+0000] {processor.py:156} INFO - Started process (PID=9011) to work on /opt/airflow/dags/extract.py
[2025-05-03T10:01:16.751+0000] {processor.py:799} INFO - Processing file /opt/airflow/dags/extract.py for tasks to queue
[2025-05-03T10:01:16.753+0000] {logging_mixin.py:149} INFO - [2025-05-03T10:01:16.753+0000] {dagbag.py:541} INFO - Filling up the DagBag from /opt/airflow/dags/extract.py
[2025-05-03T10:01:17.464+0000] {processor.py:809} INFO - DAG(s) dict_keys(['extract']) retrieved from /opt/airflow/dags/extract.py
[2025-05-03T10:01:17.508+0000] {logging_mixin.py:149} INFO - [2025-05-03T10:01:17.507+0000] {dag.py:2726} INFO - Sync 1 DAGs
[2025-05-03T10:01:17.547+0000] {logging_mixin.py:149} INFO - [2025-05-03T10:01:17.547+0000] {dag.py:3490} INFO - Setting next_dagrun for extract to 2025-05-03T00:00:00+00:00, run_after=2025-05-04T00:00:00+00:00
[2025-05-03T10:01:17.589+0000] {processor.py:178} INFO - Processing /opt/airflow/dags/extract.py took 0.843 seconds
[2025-05-03T10:01:48.002+0000] {processor.py:156} INFO - Started process (PID=9028) to work on /opt/airflow/dags/extract.py
[2025-05-03T10:01:48.004+0000] {processor.py:799} INFO - Processing file /opt/airflow/dags/extract.py for tasks to queue
[2025-05-03T10:01:48.006+0000] {logging_mixin.py:149} INFO - [2025-05-03T10:01:48.005+0000] {dagbag.py:541} INFO - Filling up the DagBag from /opt/airflow/dags/extract.py
[2025-05-03T10:01:48.798+0000] {processor.py:809} INFO - DAG(s) dict_keys(['extract']) retrieved from /opt/airflow/dags/extract.py
[2025-05-03T10:01:48.852+0000] {logging_mixin.py:149} INFO - [2025-05-03T10:01:48.851+0000] {dag.py:2726} INFO - Sync 1 DAGs
[2025-05-03T10:01:48.900+0000] {logging_mixin.py:149} INFO - [2025-05-03T10:01:48.900+0000] {dag.py:3490} INFO - Setting next_dagrun for extract to 2025-05-03T00:00:00+00:00, run_after=2025-05-04T00:00:00+00:00
[2025-05-03T10:01:48.966+0000] {processor.py:178} INFO - Processing /opt/airflow/dags/extract.py took 0.971 seconds
[2025-05-03T10:02:19.265+0000] {processor.py:156} INFO - Started process (PID=9045) to work on /opt/airflow/dags/extract.py
[2025-05-03T10:02:19.267+0000] {processor.py:799} INFO - Processing file /opt/airflow/dags/extract.py for tasks to queue
[2025-05-03T10:02:19.269+0000] {logging_mixin.py:149} INFO - [2025-05-03T10:02:19.269+0000] {dagbag.py:541} INFO - Filling up the DagBag from /opt/airflow/dags/extract.py
[2025-05-03T10:02:20.082+0000] {processor.py:809} INFO - DAG(s) dict_keys(['extract']) retrieved from /opt/airflow/dags/extract.py
[2025-05-03T10:02:20.136+0000] {logging_mixin.py:149} INFO - [2025-05-03T10:02:20.135+0000] {dag.py:2726} INFO - Sync 1 DAGs
[2025-05-03T10:02:20.190+0000] {logging_mixin.py:149} INFO - [2025-05-03T10:02:20.190+0000] {dag.py:3490} INFO - Setting next_dagrun for extract to 2025-05-03T00:00:00+00:00, run_after=2025-05-04T00:00:00+00:00
[2025-05-03T10:02:20.237+0000] {processor.py:178} INFO - Processing /opt/airflow/dags/extract.py took 0.976 seconds
[2025-05-03T10:02:50.533+0000] {processor.py:156} INFO - Started process (PID=9062) to work on /opt/airflow/dags/extract.py
[2025-05-03T10:02:50.534+0000] {processor.py:799} INFO - Processing file /opt/airflow/dags/extract.py for tasks to queue
[2025-05-03T10:02:50.535+0000] {logging_mixin.py:149} INFO - [2025-05-03T10:02:50.535+0000] {dagbag.py:541} INFO - Filling up the DagBag from /opt/airflow/dags/extract.py
[2025-05-03T10:02:51.381+0000] {processor.py:809} INFO - DAG(s) dict_keys(['extract']) retrieved from /opt/airflow/dags/extract.py
[2025-05-03T10:02:51.466+0000] {logging_mixin.py:149} INFO - [2025-05-03T10:02:51.465+0000] {dag.py:2726} INFO - Sync 1 DAGs
[2025-05-03T10:02:51.575+0000] {logging_mixin.py:149} INFO - [2025-05-03T10:02:51.574+0000] {dag.py:3490} INFO - Setting next_dagrun for extract to 2025-05-03T00:00:00+00:00, run_after=2025-05-04T00:00:00+00:00
[2025-05-03T10:02:51.650+0000] {processor.py:178} INFO - Processing /opt/airflow/dags/extract.py took 1.120 seconds
[2025-05-03T10:03:21.855+0000] {processor.py:156} INFO - Started process (PID=9079) to work on /opt/airflow/dags/extract.py
[2025-05-03T10:03:21.857+0000] {processor.py:799} INFO - Processing file /opt/airflow/dags/extract.py for tasks to queue
[2025-05-03T10:03:21.861+0000] {logging_mixin.py:149} INFO - [2025-05-03T10:03:21.860+0000] {dagbag.py:541} INFO - Filling up the DagBag from /opt/airflow/dags/extract.py
[2025-05-03T10:03:22.626+0000] {processor.py:809} INFO - DAG(s) dict_keys(['extract']) retrieved from /opt/airflow/dags/extract.py
[2025-05-03T10:03:22.668+0000] {logging_mixin.py:149} INFO - [2025-05-03T10:03:22.667+0000] {dag.py:2726} INFO - Sync 1 DAGs
[2025-05-03T10:03:22.713+0000] {logging_mixin.py:149} INFO - [2025-05-03T10:03:22.713+0000] {dag.py:3490} INFO - Setting next_dagrun for extract to 2025-05-03T00:00:00+00:00, run_after=2025-05-04T00:00:00+00:00
[2025-05-03T10:03:22.762+0000] {processor.py:178} INFO - Processing /opt/airflow/dags/extract.py took 0.921 seconds
[2025-05-03T10:03:53.081+0000] {processor.py:156} INFO - Started process (PID=9096) to work on /opt/airflow/dags/extract.py
[2025-05-03T10:03:53.083+0000] {processor.py:799} INFO - Processing file /opt/airflow/dags/extract.py for tasks to queue
[2025-05-03T10:03:53.085+0000] {logging_mixin.py:149} INFO - [2025-05-03T10:03:53.085+0000] {dagbag.py:541} INFO - Filling up the DagBag from /opt/airflow/dags/extract.py
[2025-05-03T10:03:53.814+0000] {processor.py:809} INFO - DAG(s) dict_keys(['extract']) retrieved from /opt/airflow/dags/extract.py
[2025-05-03T10:03:53.870+0000] {logging_mixin.py:149} INFO - [2025-05-03T10:03:53.869+0000] {dag.py:2726} INFO - Sync 1 DAGs
[2025-05-03T10:03:53.912+0000] {logging_mixin.py:149} INFO - [2025-05-03T10:03:53.912+0000] {dag.py:3490} INFO - Setting next_dagrun for extract to 2025-05-03T00:00:00+00:00, run_after=2025-05-04T00:00:00+00:00
[2025-05-03T10:03:53.965+0000] {processor.py:178} INFO - Processing /opt/airflow/dags/extract.py took 0.889 seconds
[2025-05-03T10:04:24.267+0000] {processor.py:156} INFO - Started process (PID=9113) to work on /opt/airflow/dags/extract.py
[2025-05-03T10:04:24.268+0000] {processor.py:799} INFO - Processing file /opt/airflow/dags/extract.py for tasks to queue
[2025-05-03T10:04:24.270+0000] {logging_mixin.py:149} INFO - [2025-05-03T10:04:24.269+0000] {dagbag.py:541} INFO - Filling up the DagBag from /opt/airflow/dags/extract.py
[2025-05-03T10:04:25.006+0000] {processor.py:809} INFO - DAG(s) dict_keys(['extract']) retrieved from /opt/airflow/dags/extract.py
[2025-05-03T10:04:25.054+0000] {logging_mixin.py:149} INFO - [2025-05-03T10:04:25.053+0000] {dag.py:2726} INFO - Sync 1 DAGs
[2025-05-03T10:04:25.099+0000] {logging_mixin.py:149} INFO - [2025-05-03T10:04:25.099+0000] {dag.py:3490} INFO - Setting next_dagrun for extract to 2025-05-03T00:00:00+00:00, run_after=2025-05-04T00:00:00+00:00
[2025-05-03T10:04:25.146+0000] {processor.py:178} INFO - Processing /opt/airflow/dags/extract.py took 0.885 seconds
[2025-05-03T10:04:55.469+0000] {processor.py:156} INFO - Started process (PID=9130) to work on /opt/airflow/dags/extract.py
[2025-05-03T10:04:55.471+0000] {processor.py:799} INFO - Processing file /opt/airflow/dags/extract.py for tasks to queue
[2025-05-03T10:04:55.472+0000] {logging_mixin.py:149} INFO - [2025-05-03T10:04:55.472+0000] {dagbag.py:541} INFO - Filling up the DagBag from /opt/airflow/dags/extract.py
[2025-05-03T10:04:56.483+0000] {processor.py:809} INFO - DAG(s) dict_keys(['extract']) retrieved from /opt/airflow/dags/extract.py
[2025-05-03T10:04:56.541+0000] {logging_mixin.py:149} INFO - [2025-05-03T10:04:56.541+0000] {dag.py:2726} INFO - Sync 1 DAGs
[2025-05-03T10:04:56.583+0000] {logging_mixin.py:149} INFO - [2025-05-03T10:04:56.582+0000] {dag.py:3490} INFO - Setting next_dagrun for extract to 2025-05-03T00:00:00+00:00, run_after=2025-05-04T00:00:00+00:00
[2025-05-03T10:04:56.640+0000] {processor.py:178} INFO - Processing /opt/airflow/dags/extract.py took 1.176 seconds
[2025-05-03T10:05:26.879+0000] {processor.py:156} INFO - Started process (PID=9147) to work on /opt/airflow/dags/extract.py
[2025-05-03T10:05:26.881+0000] {processor.py:799} INFO - Processing file /opt/airflow/dags/extract.py for tasks to queue
[2025-05-03T10:05:26.882+0000] {logging_mixin.py:149} INFO - [2025-05-03T10:05:26.882+0000] {dagbag.py:541} INFO - Filling up the DagBag from /opt/airflow/dags/extract.py
[2025-05-03T10:05:27.629+0000] {processor.py:809} INFO - DAG(s) dict_keys(['extract']) retrieved from /opt/airflow/dags/extract.py
[2025-05-03T10:05:27.684+0000] {logging_mixin.py:149} INFO - [2025-05-03T10:05:27.684+0000] {dag.py:2726} INFO - Sync 1 DAGs
[2025-05-03T10:05:27.741+0000] {logging_mixin.py:149} INFO - [2025-05-03T10:05:27.740+0000] {dag.py:3490} INFO - Setting next_dagrun for extract to 2025-05-03T00:00:00+00:00, run_after=2025-05-04T00:00:00+00:00
[2025-05-03T10:05:27.827+0000] {processor.py:178} INFO - Processing /opt/airflow/dags/extract.py took 0.951 seconds
[2025-05-03T10:05:58.183+0000] {processor.py:156} INFO - Started process (PID=9164) to work on /opt/airflow/dags/extract.py
[2025-05-03T10:05:58.187+0000] {processor.py:799} INFO - Processing file /opt/airflow/dags/extract.py for tasks to queue
[2025-05-03T10:05:58.188+0000] {logging_mixin.py:149} INFO - [2025-05-03T10:05:58.188+0000] {dagbag.py:541} INFO - Filling up the DagBag from /opt/airflow/dags/extract.py
[2025-05-03T10:05:58.903+0000] {processor.py:809} INFO - DAG(s) dict_keys(['extract']) retrieved from /opt/airflow/dags/extract.py
[2025-05-03T10:05:58.954+0000] {logging_mixin.py:149} INFO - [2025-05-03T10:05:58.953+0000] {dag.py:2726} INFO - Sync 1 DAGs
[2025-05-03T10:05:58.995+0000] {logging_mixin.py:149} INFO - [2025-05-03T10:05:58.995+0000] {dag.py:3490} INFO - Setting next_dagrun for extract to 2025-05-03T00:00:00+00:00, run_after=2025-05-04T00:00:00+00:00
[2025-05-03T10:05:59.040+0000] {processor.py:178} INFO - Processing /opt/airflow/dags/extract.py took 0.862 seconds
[2025-05-03T10:06:29.450+0000] {processor.py:156} INFO - Started process (PID=9181) to work on /opt/airflow/dags/extract.py
[2025-05-03T10:06:29.452+0000] {processor.py:799} INFO - Processing file /opt/airflow/dags/extract.py for tasks to queue
[2025-05-03T10:06:29.454+0000] {logging_mixin.py:149} INFO - [2025-05-03T10:06:29.454+0000] {dagbag.py:541} INFO - Filling up the DagBag from /opt/airflow/dags/extract.py
[2025-05-03T10:06:30.201+0000] {processor.py:809} INFO - DAG(s) dict_keys(['extract']) retrieved from /opt/airflow/dags/extract.py
[2025-05-03T10:06:30.240+0000] {logging_mixin.py:149} INFO - [2025-05-03T10:06:30.240+0000] {dag.py:2726} INFO - Sync 1 DAGs
[2025-05-03T10:06:30.319+0000] {logging_mixin.py:149} INFO - [2025-05-03T10:06:30.318+0000] {dag.py:3490} INFO - Setting next_dagrun for extract to 2025-05-03T00:00:00+00:00, run_after=2025-05-04T00:00:00+00:00
[2025-05-03T10:06:30.401+0000] {processor.py:178} INFO - Processing /opt/airflow/dags/extract.py took 0.955 seconds
[2025-05-03T10:07:00.749+0000] {processor.py:156} INFO - Started process (PID=9198) to work on /opt/airflow/dags/extract.py
[2025-05-03T10:07:00.750+0000] {processor.py:799} INFO - Processing file /opt/airflow/dags/extract.py for tasks to queue
[2025-05-03T10:07:00.751+0000] {logging_mixin.py:149} INFO - [2025-05-03T10:07:00.751+0000] {dagbag.py:541} INFO - Filling up the DagBag from /opt/airflow/dags/extract.py
[2025-05-03T10:07:01.538+0000] {processor.py:809} INFO - DAG(s) dict_keys(['extract']) retrieved from /opt/airflow/dags/extract.py
[2025-05-03T10:07:01.584+0000] {logging_mixin.py:149} INFO - [2025-05-03T10:07:01.584+0000] {dag.py:2726} INFO - Sync 1 DAGs
[2025-05-03T10:07:01.627+0000] {logging_mixin.py:149} INFO - [2025-05-03T10:07:01.627+0000] {dag.py:3490} INFO - Setting next_dagrun for extract to 2025-05-03T00:00:00+00:00, run_after=2025-05-04T00:00:00+00:00
[2025-05-03T10:07:01.676+0000] {processor.py:178} INFO - Processing /opt/airflow/dags/extract.py took 0.941 seconds
[2025-05-03T10:07:32.009+0000] {processor.py:156} INFO - Started process (PID=9215) to work on /opt/airflow/dags/extract.py
[2025-05-03T10:07:32.010+0000] {processor.py:799} INFO - Processing file /opt/airflow/dags/extract.py for tasks to queue
[2025-05-03T10:07:32.012+0000] {logging_mixin.py:149} INFO - [2025-05-03T10:07:32.012+0000] {dagbag.py:541} INFO - Filling up the DagBag from /opt/airflow/dags/extract.py
[2025-05-03T10:07:32.702+0000] {processor.py:809} INFO - DAG(s) dict_keys(['extract']) retrieved from /opt/airflow/dags/extract.py
[2025-05-03T10:07:32.783+0000] {logging_mixin.py:149} INFO - [2025-05-03T10:07:32.781+0000] {dag.py:2726} INFO - Sync 1 DAGs
[2025-05-03T10:07:32.917+0000] {logging_mixin.py:149} INFO - [2025-05-03T10:07:32.917+0000] {dag.py:3490} INFO - Setting next_dagrun for extract to 2025-05-03T00:00:00+00:00, run_after=2025-05-04T00:00:00+00:00
[2025-05-03T10:07:33.017+0000] {processor.py:178} INFO - Processing /opt/airflow/dags/extract.py took 1.011 seconds
[2025-05-03T10:08:03.461+0000] {processor.py:156} INFO - Started process (PID=9232) to work on /opt/airflow/dags/extract.py
[2025-05-03T10:08:03.465+0000] {processor.py:799} INFO - Processing file /opt/airflow/dags/extract.py for tasks to queue
[2025-05-03T10:08:03.467+0000] {logging_mixin.py:149} INFO - [2025-05-03T10:08:03.466+0000] {dagbag.py:541} INFO - Filling up the DagBag from /opt/airflow/dags/extract.py
[2025-05-03T10:08:04.718+0000] {processor.py:809} INFO - DAG(s) dict_keys(['extract']) retrieved from /opt/airflow/dags/extract.py
[2025-05-03T10:08:04.779+0000] {logging_mixin.py:149} INFO - [2025-05-03T10:08:04.777+0000] {dag.py:2726} INFO - Sync 1 DAGs
[2025-05-03T10:08:04.852+0000] {logging_mixin.py:149} INFO - [2025-05-03T10:08:04.851+0000] {dag.py:3490} INFO - Setting next_dagrun for extract to 2025-05-03T00:00:00+00:00, run_after=2025-05-04T00:00:00+00:00
[2025-05-03T10:08:04.904+0000] {processor.py:178} INFO - Processing /opt/airflow/dags/extract.py took 1.466 seconds
[2025-05-03T10:08:35.239+0000] {processor.py:156} INFO - Started process (PID=9249) to work on /opt/airflow/dags/extract.py
[2025-05-03T10:08:35.241+0000] {processor.py:799} INFO - Processing file /opt/airflow/dags/extract.py for tasks to queue
[2025-05-03T10:08:35.243+0000] {logging_mixin.py:149} INFO - [2025-05-03T10:08:35.242+0000] {dagbag.py:541} INFO - Filling up the DagBag from /opt/airflow/dags/extract.py
[2025-05-03T10:08:35.895+0000] {processor.py:809} INFO - DAG(s) dict_keys(['extract']) retrieved from /opt/airflow/dags/extract.py
[2025-05-03T10:08:35.935+0000] {logging_mixin.py:149} INFO - [2025-05-03T10:08:35.934+0000] {dag.py:2726} INFO - Sync 1 DAGs
[2025-05-03T10:08:35.972+0000] {logging_mixin.py:149} INFO - [2025-05-03T10:08:35.972+0000] {dag.py:3490} INFO - Setting next_dagrun for extract to 2025-05-03T00:00:00+00:00, run_after=2025-05-04T00:00:00+00:00
[2025-05-03T10:08:36.014+0000] {processor.py:178} INFO - Processing /opt/airflow/dags/extract.py took 0.779 seconds
[2025-05-03T10:09:06.299+0000] {processor.py:156} INFO - Started process (PID=9266) to work on /opt/airflow/dags/extract.py
[2025-05-03T10:09:06.301+0000] {processor.py:799} INFO - Processing file /opt/airflow/dags/extract.py for tasks to queue
[2025-05-03T10:09:06.303+0000] {logging_mixin.py:149} INFO - [2025-05-03T10:09:06.303+0000] {dagbag.py:541} INFO - Filling up the DagBag from /opt/airflow/dags/extract.py
[2025-05-03T10:09:07.017+0000] {processor.py:809} INFO - DAG(s) dict_keys(['extract']) retrieved from /opt/airflow/dags/extract.py
[2025-05-03T10:09:07.056+0000] {logging_mixin.py:149} INFO - [2025-05-03T10:09:07.055+0000] {dag.py:2726} INFO - Sync 1 DAGs
[2025-05-03T10:09:07.108+0000] {logging_mixin.py:149} INFO - [2025-05-03T10:09:07.108+0000] {dag.py:3490} INFO - Setting next_dagrun for extract to 2025-05-03T00:00:00+00:00, run_after=2025-05-04T00:00:00+00:00
[2025-05-03T10:09:07.152+0000] {processor.py:178} INFO - Processing /opt/airflow/dags/extract.py took 0.857 seconds
[2025-05-03T10:09:37.439+0000] {processor.py:156} INFO - Started process (PID=9283) to work on /opt/airflow/dags/extract.py
[2025-05-03T10:09:37.441+0000] {processor.py:799} INFO - Processing file /opt/airflow/dags/extract.py for tasks to queue
[2025-05-03T10:09:37.442+0000] {logging_mixin.py:149} INFO - [2025-05-03T10:09:37.442+0000] {dagbag.py:541} INFO - Filling up the DagBag from /opt/airflow/dags/extract.py
[2025-05-03T10:09:38.137+0000] {processor.py:809} INFO - DAG(s) dict_keys(['extract']) retrieved from /opt/airflow/dags/extract.py
[2025-05-03T10:09:38.181+0000] {logging_mixin.py:149} INFO - [2025-05-03T10:09:38.181+0000] {dag.py:2726} INFO - Sync 1 DAGs
[2025-05-03T10:09:38.216+0000] {logging_mixin.py:149} INFO - [2025-05-03T10:09:38.216+0000] {dag.py:3490} INFO - Setting next_dagrun for extract to 2025-05-03T00:00:00+00:00, run_after=2025-05-04T00:00:00+00:00
[2025-05-03T10:09:38.262+0000] {processor.py:178} INFO - Processing /opt/airflow/dags/extract.py took 0.828 seconds
[2025-05-03T10:10:08.459+0000] {processor.py:156} INFO - Started process (PID=9300) to work on /opt/airflow/dags/extract.py
[2025-05-03T10:10:08.461+0000] {processor.py:799} INFO - Processing file /opt/airflow/dags/extract.py for tasks to queue
[2025-05-03T10:10:08.463+0000] {logging_mixin.py:149} INFO - [2025-05-03T10:10:08.463+0000] {dagbag.py:541} INFO - Filling up the DagBag from /opt/airflow/dags/extract.py
[2025-05-03T10:10:09.140+0000] {processor.py:809} INFO - DAG(s) dict_keys(['extract']) retrieved from /opt/airflow/dags/extract.py
[2025-05-03T10:10:09.179+0000] {logging_mixin.py:149} INFO - [2025-05-03T10:10:09.178+0000] {dag.py:2726} INFO - Sync 1 DAGs
[2025-05-03T10:10:09.213+0000] {logging_mixin.py:149} INFO - [2025-05-03T10:10:09.213+0000] {dag.py:3490} INFO - Setting next_dagrun for extract to 2025-05-03T00:00:00+00:00, run_after=2025-05-04T00:00:00+00:00
[2025-05-03T10:10:09.261+0000] {processor.py:178} INFO - Processing /opt/airflow/dags/extract.py took 0.805 seconds
[2025-05-03T10:10:39.560+0000] {processor.py:156} INFO - Started process (PID=9317) to work on /opt/airflow/dags/extract.py
[2025-05-03T10:10:39.562+0000] {processor.py:799} INFO - Processing file /opt/airflow/dags/extract.py for tasks to queue
[2025-05-03T10:10:39.563+0000] {logging_mixin.py:149} INFO - [2025-05-03T10:10:39.562+0000] {dagbag.py:541} INFO - Filling up the DagBag from /opt/airflow/dags/extract.py
[2025-05-03T10:10:40.269+0000] {processor.py:809} INFO - DAG(s) dict_keys(['extract']) retrieved from /opt/airflow/dags/extract.py
[2025-05-03T10:10:40.312+0000] {logging_mixin.py:149} INFO - [2025-05-03T10:10:40.311+0000] {dag.py:2726} INFO - Sync 1 DAGs
[2025-05-03T10:10:40.346+0000] {logging_mixin.py:149} INFO - [2025-05-03T10:10:40.346+0000] {dag.py:3490} INFO - Setting next_dagrun for extract to 2025-05-03T00:00:00+00:00, run_after=2025-05-04T00:00:00+00:00
[2025-05-03T10:10:40.392+0000] {processor.py:178} INFO - Processing /opt/airflow/dags/extract.py took 0.836 seconds
[2025-05-03T10:11:10.696+0000] {processor.py:156} INFO - Started process (PID=9334) to work on /opt/airflow/dags/extract.py
[2025-05-03T10:11:10.697+0000] {processor.py:799} INFO - Processing file /opt/airflow/dags/extract.py for tasks to queue
[2025-05-03T10:11:10.698+0000] {logging_mixin.py:149} INFO - [2025-05-03T10:11:10.698+0000] {dagbag.py:541} INFO - Filling up the DagBag from /opt/airflow/dags/extract.py
[2025-05-03T10:11:11.347+0000] {processor.py:809} INFO - DAG(s) dict_keys(['extract']) retrieved from /opt/airflow/dags/extract.py
[2025-05-03T10:11:11.388+0000] {logging_mixin.py:149} INFO - [2025-05-03T10:11:11.388+0000] {dag.py:2726} INFO - Sync 1 DAGs
[2025-05-03T10:11:11.420+0000] {logging_mixin.py:149} INFO - [2025-05-03T10:11:11.419+0000] {dag.py:3490} INFO - Setting next_dagrun for extract to 2025-05-03T00:00:00+00:00, run_after=2025-05-04T00:00:00+00:00
[2025-05-03T10:11:11.461+0000] {processor.py:178} INFO - Processing /opt/airflow/dags/extract.py took 0.769 seconds
[2025-05-03T10:11:41.823+0000] {processor.py:156} INFO - Started process (PID=9351) to work on /opt/airflow/dags/extract.py
[2025-05-03T10:11:41.825+0000] {processor.py:799} INFO - Processing file /opt/airflow/dags/extract.py for tasks to queue
[2025-05-03T10:11:41.826+0000] {logging_mixin.py:149} INFO - [2025-05-03T10:11:41.826+0000] {dagbag.py:541} INFO - Filling up the DagBag from /opt/airflow/dags/extract.py
[2025-05-03T10:11:42.473+0000] {processor.py:809} INFO - DAG(s) dict_keys(['extract']) retrieved from /opt/airflow/dags/extract.py
[2025-05-03T10:11:42.511+0000] {logging_mixin.py:149} INFO - [2025-05-03T10:11:42.510+0000] {dag.py:2726} INFO - Sync 1 DAGs
[2025-05-03T10:11:42.545+0000] {logging_mixin.py:149} INFO - [2025-05-03T10:11:42.545+0000] {dag.py:3490} INFO - Setting next_dagrun for extract to 2025-05-03T00:00:00+00:00, run_after=2025-05-04T00:00:00+00:00
[2025-05-03T10:11:42.584+0000] {processor.py:178} INFO - Processing /opt/airflow/dags/extract.py took 0.765 seconds
[2025-05-03T10:12:12.874+0000] {processor.py:156} INFO - Started process (PID=9368) to work on /opt/airflow/dags/extract.py
[2025-05-03T10:12:12.876+0000] {processor.py:799} INFO - Processing file /opt/airflow/dags/extract.py for tasks to queue
[2025-05-03T10:12:12.877+0000] {logging_mixin.py:149} INFO - [2025-05-03T10:12:12.877+0000] {dagbag.py:541} INFO - Filling up the DagBag from /opt/airflow/dags/extract.py
[2025-05-03T10:12:13.543+0000] {processor.py:809} INFO - DAG(s) dict_keys(['extract']) retrieved from /opt/airflow/dags/extract.py
[2025-05-03T10:12:13.586+0000] {logging_mixin.py:149} INFO - [2025-05-03T10:12:13.585+0000] {dag.py:2726} INFO - Sync 1 DAGs
[2025-05-03T10:12:13.623+0000] {logging_mixin.py:149} INFO - [2025-05-03T10:12:13.623+0000] {dag.py:3490} INFO - Setting next_dagrun for extract to 2025-05-03T00:00:00+00:00, run_after=2025-05-04T00:00:00+00:00
[2025-05-03T10:12:13.666+0000] {processor.py:178} INFO - Processing /opt/airflow/dags/extract.py took 0.796 seconds
[2025-05-03T10:12:44.172+0000] {processor.py:156} INFO - Started process (PID=9385) to work on /opt/airflow/dags/extract.py
[2025-05-03T10:12:44.180+0000] {processor.py:799} INFO - Processing file /opt/airflow/dags/extract.py for tasks to queue
[2025-05-03T10:12:44.184+0000] {logging_mixin.py:149} INFO - [2025-05-03T10:12:44.184+0000] {dagbag.py:541} INFO - Filling up the DagBag from /opt/airflow/dags/extract.py
[2025-05-03T10:12:46.358+0000] {processor.py:809} INFO - DAG(s) dict_keys(['extract']) retrieved from /opt/airflow/dags/extract.py
[2025-05-03T10:12:46.420+0000] {logging_mixin.py:149} INFO - [2025-05-03T10:12:46.420+0000] {dag.py:2726} INFO - Sync 1 DAGs
[2025-05-03T10:12:46.469+0000] {logging_mixin.py:149} INFO - [2025-05-03T10:12:46.469+0000] {dag.py:3490} INFO - Setting next_dagrun for extract to 2025-05-03T00:00:00+00:00, run_after=2025-05-04T00:00:00+00:00
[2025-05-03T10:12:46.522+0000] {processor.py:178} INFO - Processing /opt/airflow/dags/extract.py took 2.398 seconds
[2025-05-03T10:13:16.849+0000] {processor.py:156} INFO - Started process (PID=9402) to work on /opt/airflow/dags/extract.py
[2025-05-03T10:13:16.851+0000] {processor.py:799} INFO - Processing file /opt/airflow/dags/extract.py for tasks to queue
[2025-05-03T10:13:16.853+0000] {logging_mixin.py:149} INFO - [2025-05-03T10:13:16.853+0000] {dagbag.py:541} INFO - Filling up the DagBag from /opt/airflow/dags/extract.py
[2025-05-03T10:13:17.580+0000] {processor.py:809} INFO - DAG(s) dict_keys(['extract']) retrieved from /opt/airflow/dags/extract.py
[2025-05-03T10:13:17.627+0000] {logging_mixin.py:149} INFO - [2025-05-03T10:13:17.626+0000] {dag.py:2726} INFO - Sync 1 DAGs
[2025-05-03T10:13:17.668+0000] {logging_mixin.py:149} INFO - [2025-05-03T10:13:17.667+0000] {dag.py:3490} INFO - Setting next_dagrun for extract to 2025-05-03T00:00:00+00:00, run_after=2025-05-04T00:00:00+00:00
[2025-05-03T10:13:17.715+0000] {processor.py:178} INFO - Processing /opt/airflow/dags/extract.py took 0.870 seconds
[2025-05-03T10:13:48.002+0000] {processor.py:156} INFO - Started process (PID=9419) to work on /opt/airflow/dags/extract.py
[2025-05-03T10:13:48.003+0000] {processor.py:799} INFO - Processing file /opt/airflow/dags/extract.py for tasks to queue
[2025-05-03T10:13:48.005+0000] {logging_mixin.py:149} INFO - [2025-05-03T10:13:48.004+0000] {dagbag.py:541} INFO - Filling up the DagBag from /opt/airflow/dags/extract.py
[2025-05-03T10:13:48.682+0000] {processor.py:809} INFO - DAG(s) dict_keys(['extract']) retrieved from /opt/airflow/dags/extract.py
[2025-05-03T10:13:48.821+0000] {logging_mixin.py:149} INFO - [2025-05-03T10:13:48.818+0000] {dag.py:2726} INFO - Sync 1 DAGs
[2025-05-03T10:13:48.959+0000] {logging_mixin.py:149} INFO - [2025-05-03T10:13:48.959+0000] {dag.py:3490} INFO - Setting next_dagrun for extract to 2025-05-03T00:00:00+00:00, run_after=2025-05-04T00:00:00+00:00
[2025-05-03T10:13:49.037+0000] {processor.py:178} INFO - Processing /opt/airflow/dags/extract.py took 1.039 seconds
[2025-05-03T10:14:19.292+0000] {processor.py:156} INFO - Started process (PID=9436) to work on /opt/airflow/dags/extract.py
[2025-05-03T10:14:19.294+0000] {processor.py:799} INFO - Processing file /opt/airflow/dags/extract.py for tasks to queue
[2025-05-03T10:14:19.297+0000] {logging_mixin.py:149} INFO - [2025-05-03T10:14:19.297+0000] {dagbag.py:541} INFO - Filling up the DagBag from /opt/airflow/dags/extract.py
[2025-05-03T10:14:19.988+0000] {processor.py:809} INFO - DAG(s) dict_keys(['extract']) retrieved from /opt/airflow/dags/extract.py
[2025-05-03T10:14:20.029+0000] {logging_mixin.py:149} INFO - [2025-05-03T10:14:20.029+0000] {dag.py:2726} INFO - Sync 1 DAGs
[2025-05-03T10:14:20.068+0000] {logging_mixin.py:149} INFO - [2025-05-03T10:14:20.068+0000] {dag.py:3490} INFO - Setting next_dagrun for extract to 2025-05-03T00:00:00+00:00, run_after=2025-05-04T00:00:00+00:00
[2025-05-03T10:14:20.111+0000] {processor.py:178} INFO - Processing /opt/airflow/dags/extract.py took 0.825 seconds
[2025-05-03T10:14:50.421+0000] {processor.py:156} INFO - Started process (PID=9453) to work on /opt/airflow/dags/extract.py
[2025-05-03T10:14:50.423+0000] {processor.py:799} INFO - Processing file /opt/airflow/dags/extract.py for tasks to queue
[2025-05-03T10:14:50.425+0000] {logging_mixin.py:149} INFO - [2025-05-03T10:14:50.425+0000] {dagbag.py:541} INFO - Filling up the DagBag from /opt/airflow/dags/extract.py
[2025-05-03T10:14:51.115+0000] {processor.py:809} INFO - DAG(s) dict_keys(['extract']) retrieved from /opt/airflow/dags/extract.py
[2025-05-03T10:14:51.162+0000] {logging_mixin.py:149} INFO - [2025-05-03T10:14:51.161+0000] {dag.py:2726} INFO - Sync 1 DAGs
[2025-05-03T10:14:51.200+0000] {logging_mixin.py:149} INFO - [2025-05-03T10:14:51.200+0000] {dag.py:3490} INFO - Setting next_dagrun for extract to 2025-05-03T00:00:00+00:00, run_after=2025-05-04T00:00:00+00:00
[2025-05-03T10:14:51.242+0000] {processor.py:178} INFO - Processing /opt/airflow/dags/extract.py took 0.825 seconds
[2025-05-03T10:15:21.558+0000] {processor.py:156} INFO - Started process (PID=9470) to work on /opt/airflow/dags/extract.py
[2025-05-03T10:15:21.559+0000] {processor.py:799} INFO - Processing file /opt/airflow/dags/extract.py for tasks to queue
[2025-05-03T10:15:21.561+0000] {logging_mixin.py:149} INFO - [2025-05-03T10:15:21.561+0000] {dagbag.py:541} INFO - Filling up the DagBag from /opt/airflow/dags/extract.py
[2025-05-03T10:15:22.366+0000] {processor.py:809} INFO - DAG(s) dict_keys(['extract']) retrieved from /opt/airflow/dags/extract.py
[2025-05-03T10:15:22.406+0000] {logging_mixin.py:149} INFO - [2025-05-03T10:15:22.405+0000] {dag.py:2726} INFO - Sync 1 DAGs
[2025-05-03T10:15:22.444+0000] {logging_mixin.py:149} INFO - [2025-05-03T10:15:22.444+0000] {dag.py:3490} INFO - Setting next_dagrun for extract to 2025-05-03T00:00:00+00:00, run_after=2025-05-04T00:00:00+00:00
[2025-05-03T10:15:22.492+0000] {processor.py:178} INFO - Processing /opt/airflow/dags/extract.py took 0.939 seconds
[2025-05-03T10:15:52.798+0000] {processor.py:156} INFO - Started process (PID=9487) to work on /opt/airflow/dags/extract.py
[2025-05-03T10:15:52.800+0000] {processor.py:799} INFO - Processing file /opt/airflow/dags/extract.py for tasks to queue
[2025-05-03T10:15:52.801+0000] {logging_mixin.py:149} INFO - [2025-05-03T10:15:52.801+0000] {dagbag.py:541} INFO - Filling up the DagBag from /opt/airflow/dags/extract.py
[2025-05-03T10:15:53.544+0000] {processor.py:809} INFO - DAG(s) dict_keys(['extract']) retrieved from /opt/airflow/dags/extract.py
[2025-05-03T10:15:53.616+0000] {logging_mixin.py:149} INFO - [2025-05-03T10:15:53.614+0000] {dag.py:2726} INFO - Sync 1 DAGs
[2025-05-03T10:15:53.690+0000] {logging_mixin.py:149} INFO - [2025-05-03T10:15:53.690+0000] {dag.py:3490} INFO - Setting next_dagrun for extract to 2025-05-03T00:00:00+00:00, run_after=2025-05-04T00:00:00+00:00
[2025-05-03T10:15:53.752+0000] {processor.py:178} INFO - Processing /opt/airflow/dags/extract.py took 0.957 seconds
[2025-05-03T10:16:24.143+0000] {processor.py:156} INFO - Started process (PID=9504) to work on /opt/airflow/dags/extract.py
[2025-05-03T10:16:24.145+0000] {processor.py:799} INFO - Processing file /opt/airflow/dags/extract.py for tasks to queue
[2025-05-03T10:16:24.146+0000] {logging_mixin.py:149} INFO - [2025-05-03T10:16:24.146+0000] {dagbag.py:541} INFO - Filling up the DagBag from /opt/airflow/dags/extract.py
[2025-05-03T10:16:24.786+0000] {processor.py:809} INFO - DAG(s) dict_keys(['extract']) retrieved from /opt/airflow/dags/extract.py
[2025-05-03T10:16:24.831+0000] {logging_mixin.py:149} INFO - [2025-05-03T10:16:24.830+0000] {dag.py:2726} INFO - Sync 1 DAGs
[2025-05-03T10:16:24.874+0000] {logging_mixin.py:149} INFO - [2025-05-03T10:16:24.874+0000] {dag.py:3490} INFO - Setting next_dagrun for extract to 2025-05-03T00:00:00+00:00, run_after=2025-05-04T00:00:00+00:00
[2025-05-03T10:16:24.922+0000] {processor.py:178} INFO - Processing /opt/airflow/dags/extract.py took 0.781 seconds
[2025-05-03T10:16:55.250+0000] {processor.py:156} INFO - Started process (PID=9521) to work on /opt/airflow/dags/extract.py
[2025-05-03T10:16:55.251+0000] {processor.py:799} INFO - Processing file /opt/airflow/dags/extract.py for tasks to queue
[2025-05-03T10:16:55.252+0000] {logging_mixin.py:149} INFO - [2025-05-03T10:16:55.252+0000] {dagbag.py:541} INFO - Filling up the DagBag from /opt/airflow/dags/extract.py
[2025-05-03T10:16:55.918+0000] {processor.py:809} INFO - DAG(s) dict_keys(['extract']) retrieved from /opt/airflow/dags/extract.py
[2025-05-03T10:16:55.957+0000] {logging_mixin.py:149} INFO - [2025-05-03T10:16:55.957+0000] {dag.py:2726} INFO - Sync 1 DAGs
[2025-05-03T10:16:55.994+0000] {logging_mixin.py:149} INFO - [2025-05-03T10:16:55.994+0000] {dag.py:3490} INFO - Setting next_dagrun for extract to 2025-05-03T00:00:00+00:00, run_after=2025-05-04T00:00:00+00:00
[2025-05-03T10:16:56.041+0000] {processor.py:178} INFO - Processing /opt/airflow/dags/extract.py took 0.797 seconds
[2025-05-03T10:17:26.502+0000] {processor.py:156} INFO - Started process (PID=9538) to work on /opt/airflow/dags/extract.py
[2025-05-03T10:17:26.506+0000] {processor.py:799} INFO - Processing file /opt/airflow/dags/extract.py for tasks to queue
[2025-05-03T10:17:26.509+0000] {logging_mixin.py:149} INFO - [2025-05-03T10:17:26.508+0000] {dagbag.py:541} INFO - Filling up the DagBag from /opt/airflow/dags/extract.py
[2025-05-03T10:17:27.670+0000] {processor.py:809} INFO - DAG(s) dict_keys(['extract']) retrieved from /opt/airflow/dags/extract.py
[2025-05-03T10:17:27.739+0000] {logging_mixin.py:149} INFO - [2025-05-03T10:17:27.738+0000] {dag.py:2726} INFO - Sync 1 DAGs
[2025-05-03T10:17:27.806+0000] {logging_mixin.py:149} INFO - [2025-05-03T10:17:27.806+0000] {dag.py:3490} INFO - Setting next_dagrun for extract to 2025-05-03T00:00:00+00:00, run_after=2025-05-04T00:00:00+00:00
[2025-05-03T10:17:27.866+0000] {processor.py:178} INFO - Processing /opt/airflow/dags/extract.py took 1.371 seconds
[2025-05-03T10:17:57.987+0000] {processor.py:156} INFO - Started process (PID=9555) to work on /opt/airflow/dags/extract.py
[2025-05-03T10:17:57.990+0000] {processor.py:799} INFO - Processing file /opt/airflow/dags/extract.py for tasks to queue
[2025-05-03T10:17:57.993+0000] {logging_mixin.py:149} INFO - [2025-05-03T10:17:57.992+0000] {dagbag.py:541} INFO - Filling up the DagBag from /opt/airflow/dags/extract.py
[2025-05-03T10:17:59.283+0000] {processor.py:809} INFO - DAG(s) dict_keys(['extract']) retrieved from /opt/airflow/dags/extract.py
[2025-05-03T10:17:59.342+0000] {logging_mixin.py:149} INFO - [2025-05-03T10:17:59.341+0000] {dag.py:2726} INFO - Sync 1 DAGs
[2025-05-03T10:17:59.405+0000] {logging_mixin.py:149} INFO - [2025-05-03T10:17:59.405+0000] {dag.py:3490} INFO - Setting next_dagrun for extract to 2025-05-03T00:00:00+00:00, run_after=2025-05-04T00:00:00+00:00
[2025-05-03T10:17:59.459+0000] {processor.py:178} INFO - Processing /opt/airflow/dags/extract.py took 1.477 seconds
[2025-05-03T10:18:29.861+0000] {processor.py:156} INFO - Started process (PID=9572) to work on /opt/airflow/dags/extract.py
[2025-05-03T10:18:29.864+0000] {processor.py:799} INFO - Processing file /opt/airflow/dags/extract.py for tasks to queue
[2025-05-03T10:18:29.866+0000] {logging_mixin.py:149} INFO - [2025-05-03T10:18:29.866+0000] {dagbag.py:541} INFO - Filling up the DagBag from /opt/airflow/dags/extract.py
[2025-05-03T10:18:30.948+0000] {processor.py:809} INFO - DAG(s) dict_keys(['extract']) retrieved from /opt/airflow/dags/extract.py
[2025-05-03T10:18:31.006+0000] {logging_mixin.py:149} INFO - [2025-05-03T10:18:31.005+0000] {dag.py:2726} INFO - Sync 1 DAGs
[2025-05-03T10:18:31.062+0000] {logging_mixin.py:149} INFO - [2025-05-03T10:18:31.062+0000] {dag.py:3490} INFO - Setting next_dagrun for extract to 2025-05-03T00:00:00+00:00, run_after=2025-05-04T00:00:00+00:00
[2025-05-03T10:18:31.119+0000] {processor.py:178} INFO - Processing /opt/airflow/dags/extract.py took 1.264 seconds
[2025-05-03T10:19:01.585+0000] {processor.py:156} INFO - Started process (PID=9589) to work on /opt/airflow/dags/extract.py
[2025-05-03T10:19:01.587+0000] {processor.py:799} INFO - Processing file /opt/airflow/dags/extract.py for tasks to queue
[2025-05-03T10:19:01.589+0000] {logging_mixin.py:149} INFO - [2025-05-03T10:19:01.589+0000] {dagbag.py:541} INFO - Filling up the DagBag from /opt/airflow/dags/extract.py
[2025-05-03T10:19:02.829+0000] {processor.py:809} INFO - DAG(s) dict_keys(['extract']) retrieved from /opt/airflow/dags/extract.py
[2025-05-03T10:19:02.886+0000] {logging_mixin.py:149} INFO - [2025-05-03T10:19:02.885+0000] {dag.py:2726} INFO - Sync 1 DAGs
[2025-05-03T10:19:02.943+0000] {logging_mixin.py:149} INFO - [2025-05-03T10:19:02.942+0000] {dag.py:3490} INFO - Setting next_dagrun for extract to 2025-05-03T00:00:00+00:00, run_after=2025-05-04T00:00:00+00:00
[2025-05-03T10:19:03.003+0000] {processor.py:178} INFO - Processing /opt/airflow/dags/extract.py took 1.423 seconds
[2025-05-03T10:19:33.478+0000] {processor.py:156} INFO - Started process (PID=9606) to work on /opt/airflow/dags/extract.py
[2025-05-03T10:19:33.481+0000] {processor.py:799} INFO - Processing file /opt/airflow/dags/extract.py for tasks to queue
[2025-05-03T10:19:33.485+0000] {logging_mixin.py:149} INFO - [2025-05-03T10:19:33.484+0000] {dagbag.py:541} INFO - Filling up the DagBag from /opt/airflow/dags/extract.py
[2025-05-03T10:19:34.697+0000] {processor.py:809} INFO - DAG(s) dict_keys(['extract']) retrieved from /opt/airflow/dags/extract.py
[2025-05-03T10:19:34.817+0000] {logging_mixin.py:149} INFO - [2025-05-03T10:19:34.816+0000] {dag.py:2726} INFO - Sync 1 DAGs
[2025-05-03T10:19:34.877+0000] {logging_mixin.py:149} INFO - [2025-05-03T10:19:34.877+0000] {dag.py:3490} INFO - Setting next_dagrun for extract to 2025-05-03T00:00:00+00:00, run_after=2025-05-04T00:00:00+00:00
[2025-05-03T10:19:34.939+0000] {processor.py:178} INFO - Processing /opt/airflow/dags/extract.py took 1.467 seconds
[2025-05-03T10:20:05.281+0000] {processor.py:156} INFO - Started process (PID=9623) to work on /opt/airflow/dags/extract.py
[2025-05-03T10:20:05.284+0000] {processor.py:799} INFO - Processing file /opt/airflow/dags/extract.py for tasks to queue
[2025-05-03T10:20:05.286+0000] {logging_mixin.py:149} INFO - [2025-05-03T10:20:05.286+0000] {dagbag.py:541} INFO - Filling up the DagBag from /opt/airflow/dags/extract.py
[2025-05-03T10:20:06.444+0000] {processor.py:809} INFO - DAG(s) dict_keys(['extract']) retrieved from /opt/airflow/dags/extract.py
[2025-05-03T10:20:06.501+0000] {logging_mixin.py:149} INFO - [2025-05-03T10:20:06.500+0000] {dag.py:2726} INFO - Sync 1 DAGs
[2025-05-03T10:20:06.554+0000] {logging_mixin.py:149} INFO - [2025-05-03T10:20:06.553+0000] {dag.py:3490} INFO - Setting next_dagrun for extract to 2025-05-03T00:00:00+00:00, run_after=2025-05-04T00:00:00+00:00
[2025-05-03T10:20:06.610+0000] {processor.py:178} INFO - Processing /opt/airflow/dags/extract.py took 1.333 seconds
[2025-05-03T10:20:36.834+0000] {processor.py:156} INFO - Started process (PID=9640) to work on /opt/airflow/dags/extract.py
[2025-05-03T10:20:36.836+0000] {processor.py:799} INFO - Processing file /opt/airflow/dags/extract.py for tasks to queue
[2025-05-03T10:20:36.838+0000] {logging_mixin.py:149} INFO - [2025-05-03T10:20:36.837+0000] {dagbag.py:541} INFO - Filling up the DagBag from /opt/airflow/dags/extract.py
[2025-05-03T10:20:38.094+0000] {processor.py:809} INFO - DAG(s) dict_keys(['extract']) retrieved from /opt/airflow/dags/extract.py
[2025-05-03T10:20:38.148+0000] {logging_mixin.py:149} INFO - [2025-05-03T10:20:38.147+0000] {dag.py:2726} INFO - Sync 1 DAGs
[2025-05-03T10:20:38.203+0000] {logging_mixin.py:149} INFO - [2025-05-03T10:20:38.203+0000] {dag.py:3490} INFO - Setting next_dagrun for extract to 2025-05-03T00:00:00+00:00, run_after=2025-05-04T00:00:00+00:00
[2025-05-03T10:20:38.254+0000] {processor.py:178} INFO - Processing /opt/airflow/dags/extract.py took 1.426 seconds
[2025-05-03T10:21:08.638+0000] {processor.py:156} INFO - Started process (PID=9657) to work on /opt/airflow/dags/extract.py
[2025-05-03T10:21:08.640+0000] {processor.py:799} INFO - Processing file /opt/airflow/dags/extract.py for tasks to queue
[2025-05-03T10:21:08.642+0000] {logging_mixin.py:149} INFO - [2025-05-03T10:21:08.642+0000] {dagbag.py:541} INFO - Filling up the DagBag from /opt/airflow/dags/extract.py
[2025-05-03T10:21:09.879+0000] {processor.py:809} INFO - DAG(s) dict_keys(['extract']) retrieved from /opt/airflow/dags/extract.py
[2025-05-03T10:21:09.969+0000] {logging_mixin.py:149} INFO - [2025-05-03T10:21:09.968+0000] {dag.py:2726} INFO - Sync 1 DAGs
[2025-05-03T10:21:10.016+0000] {logging_mixin.py:149} INFO - [2025-05-03T10:21:10.016+0000] {dag.py:3490} INFO - Setting next_dagrun for extract to 2025-05-03T00:00:00+00:00, run_after=2025-05-04T00:00:00+00:00
[2025-05-03T10:21:10.083+0000] {processor.py:178} INFO - Processing /opt/airflow/dags/extract.py took 1.452 seconds
[2025-05-03T10:21:40.718+0000] {processor.py:156} INFO - Started process (PID=9674) to work on /opt/airflow/dags/extract.py
[2025-05-03T10:21:40.721+0000] {processor.py:799} INFO - Processing file /opt/airflow/dags/extract.py for tasks to queue
[2025-05-03T10:21:40.723+0000] {logging_mixin.py:149} INFO - [2025-05-03T10:21:40.722+0000] {dagbag.py:541} INFO - Filling up the DagBag from /opt/airflow/dags/extract.py
[2025-05-03T10:21:41.829+0000] {processor.py:809} INFO - DAG(s) dict_keys(['extract']) retrieved from /opt/airflow/dags/extract.py
[2025-05-03T10:21:41.904+0000] {logging_mixin.py:149} INFO - [2025-05-03T10:21:41.903+0000] {dag.py:2726} INFO - Sync 1 DAGs
[2025-05-03T10:21:41.960+0000] {logging_mixin.py:149} INFO - [2025-05-03T10:21:41.960+0000] {dag.py:3490} INFO - Setting next_dagrun for extract to 2025-05-03T00:00:00+00:00, run_after=2025-05-04T00:00:00+00:00
[2025-05-03T10:21:42.022+0000] {processor.py:178} INFO - Processing /opt/airflow/dags/extract.py took 1.310 seconds
[2025-05-03T10:22:12.263+0000] {processor.py:156} INFO - Started process (PID=9691) to work on /opt/airflow/dags/extract.py
[2025-05-03T10:22:12.266+0000] {processor.py:799} INFO - Processing file /opt/airflow/dags/extract.py for tasks to queue
[2025-05-03T10:22:12.268+0000] {logging_mixin.py:149} INFO - [2025-05-03T10:22:12.267+0000] {dagbag.py:541} INFO - Filling up the DagBag from /opt/airflow/dags/extract.py
[2025-05-03T10:22:13.379+0000] {processor.py:809} INFO - DAG(s) dict_keys(['extract']) retrieved from /opt/airflow/dags/extract.py
[2025-05-03T10:22:13.436+0000] {logging_mixin.py:149} INFO - [2025-05-03T10:22:13.435+0000] {dag.py:2726} INFO - Sync 1 DAGs
[2025-05-03T10:22:13.493+0000] {logging_mixin.py:149} INFO - [2025-05-03T10:22:13.493+0000] {dag.py:3490} INFO - Setting next_dagrun for extract to 2025-05-03T00:00:00+00:00, run_after=2025-05-04T00:00:00+00:00
[2025-05-03T10:22:13.548+0000] {processor.py:178} INFO - Processing /opt/airflow/dags/extract.py took 1.290 seconds
[2025-05-03T10:22:43.884+0000] {processor.py:156} INFO - Started process (PID=9708) to work on /opt/airflow/dags/extract.py
[2025-05-03T10:22:43.887+0000] {processor.py:799} INFO - Processing file /opt/airflow/dags/extract.py for tasks to queue
[2025-05-03T10:22:43.889+0000] {logging_mixin.py:149} INFO - [2025-05-03T10:22:43.888+0000] {dagbag.py:541} INFO - Filling up the DagBag from /opt/airflow/dags/extract.py
[2025-05-03T10:22:45.076+0000] {processor.py:809} INFO - DAG(s) dict_keys(['extract']) retrieved from /opt/airflow/dags/extract.py
[2025-05-03T10:22:45.219+0000] {logging_mixin.py:149} INFO - [2025-05-03T10:22:45.218+0000] {dag.py:2726} INFO - Sync 1 DAGs
[2025-05-03T10:22:45.279+0000] {logging_mixin.py:149} INFO - [2025-05-03T10:22:45.279+0000] {dag.py:3490} INFO - Setting next_dagrun for extract to 2025-05-03T00:00:00+00:00, run_after=2025-05-04T00:00:00+00:00
[2025-05-03T10:22:45.343+0000] {processor.py:178} INFO - Processing /opt/airflow/dags/extract.py took 1.464 seconds
[2025-05-03T10:23:15.754+0000] {processor.py:156} INFO - Started process (PID=9725) to work on /opt/airflow/dags/extract.py
[2025-05-03T10:23:15.756+0000] {processor.py:799} INFO - Processing file /opt/airflow/dags/extract.py for tasks to queue
[2025-05-03T10:23:15.760+0000] {logging_mixin.py:149} INFO - [2025-05-03T10:23:15.759+0000] {dagbag.py:541} INFO - Filling up the DagBag from /opt/airflow/dags/extract.py
[2025-05-03T10:23:16.998+0000] {processor.py:809} INFO - DAG(s) dict_keys(['extract']) retrieved from /opt/airflow/dags/extract.py
[2025-05-03T10:23:17.127+0000] {logging_mixin.py:149} INFO - [2025-05-03T10:23:17.126+0000] {dag.py:2726} INFO - Sync 1 DAGs
[2025-05-03T10:23:17.191+0000] {logging_mixin.py:149} INFO - [2025-05-03T10:23:17.191+0000] {dag.py:3490} INFO - Setting next_dagrun for extract to 2025-05-03T00:00:00+00:00, run_after=2025-05-04T00:00:00+00:00
[2025-05-03T10:23:17.271+0000] {processor.py:178} INFO - Processing /opt/airflow/dags/extract.py took 1.529 seconds
[2025-05-03T10:23:47.599+0000] {processor.py:156} INFO - Started process (PID=9742) to work on /opt/airflow/dags/extract.py
[2025-05-03T10:23:47.601+0000] {processor.py:799} INFO - Processing file /opt/airflow/dags/extract.py for tasks to queue
[2025-05-03T10:23:47.603+0000] {logging_mixin.py:149} INFO - [2025-05-03T10:23:47.603+0000] {dagbag.py:541} INFO - Filling up the DagBag from /opt/airflow/dags/extract.py
[2025-05-03T10:23:48.886+0000] {processor.py:809} INFO - DAG(s) dict_keys(['extract']) retrieved from /opt/airflow/dags/extract.py
[2025-05-03T10:23:48.943+0000] {logging_mixin.py:149} INFO - [2025-05-03T10:23:48.942+0000] {dag.py:2726} INFO - Sync 1 DAGs
[2025-05-03T10:23:49.011+0000] {logging_mixin.py:149} INFO - [2025-05-03T10:23:49.011+0000] {dag.py:3490} INFO - Setting next_dagrun for extract to 2025-05-03T00:00:00+00:00, run_after=2025-05-04T00:00:00+00:00
[2025-05-03T10:23:49.093+0000] {processor.py:178} INFO - Processing /opt/airflow/dags/extract.py took 1.502 seconds
[2025-05-03T10:24:19.621+0000] {processor.py:156} INFO - Started process (PID=9759) to work on /opt/airflow/dags/extract.py
[2025-05-03T10:24:19.623+0000] {processor.py:799} INFO - Processing file /opt/airflow/dags/extract.py for tasks to queue
[2025-05-03T10:24:19.626+0000] {logging_mixin.py:149} INFO - [2025-05-03T10:24:19.625+0000] {dagbag.py:541} INFO - Filling up the DagBag from /opt/airflow/dags/extract.py
[2025-05-03T10:24:20.830+0000] {processor.py:809} INFO - DAG(s) dict_keys(['extract']) retrieved from /opt/airflow/dags/extract.py
[2025-05-03T10:24:20.988+0000] {logging_mixin.py:149} INFO - [2025-05-03T10:24:20.984+0000] {dag.py:2726} INFO - Sync 1 DAGs
[2025-05-03T10:24:21.071+0000] {logging_mixin.py:149} INFO - [2025-05-03T10:24:21.070+0000] {dag.py:3490} INFO - Setting next_dagrun for extract to 2025-05-03T00:00:00+00:00, run_after=2025-05-04T00:00:00+00:00
[2025-05-03T10:24:21.169+0000] {processor.py:178} INFO - Processing /opt/airflow/dags/extract.py took 1.555 seconds
[2025-05-03T10:24:51.453+0000] {processor.py:156} INFO - Started process (PID=9776) to work on /opt/airflow/dags/extract.py
[2025-05-03T10:24:51.455+0000] {processor.py:799} INFO - Processing file /opt/airflow/dags/extract.py for tasks to queue
[2025-05-03T10:24:51.457+0000] {logging_mixin.py:149} INFO - [2025-05-03T10:24:51.457+0000] {dagbag.py:541} INFO - Filling up the DagBag from /opt/airflow/dags/extract.py
[2025-05-03T10:24:52.642+0000] {processor.py:809} INFO - DAG(s) dict_keys(['extract']) retrieved from /opt/airflow/dags/extract.py
[2025-05-03T10:24:52.701+0000] {logging_mixin.py:149} INFO - [2025-05-03T10:24:52.700+0000] {dag.py:2726} INFO - Sync 1 DAGs
[2025-05-03T10:24:52.757+0000] {logging_mixin.py:149} INFO - [2025-05-03T10:24:52.757+0000] {dag.py:3490} INFO - Setting next_dagrun for extract to 2025-05-03T00:00:00+00:00, run_after=2025-05-04T00:00:00+00:00
[2025-05-03T10:24:52.822+0000] {processor.py:178} INFO - Processing /opt/airflow/dags/extract.py took 1.403 seconds
[2025-05-03T10:25:23.260+0000] {processor.py:156} INFO - Started process (PID=9793) to work on /opt/airflow/dags/extract.py
[2025-05-03T10:25:23.262+0000] {processor.py:799} INFO - Processing file /opt/airflow/dags/extract.py for tasks to queue
[2025-05-03T10:25:23.265+0000] {logging_mixin.py:149} INFO - [2025-05-03T10:25:23.264+0000] {dagbag.py:541} INFO - Filling up the DagBag from /opt/airflow/dags/extract.py
[2025-05-03T10:25:24.445+0000] {processor.py:809} INFO - DAG(s) dict_keys(['extract']) retrieved from /opt/airflow/dags/extract.py
[2025-05-03T10:25:24.497+0000] {logging_mixin.py:149} INFO - [2025-05-03T10:25:24.495+0000] {dag.py:2726} INFO - Sync 1 DAGs
[2025-05-03T10:25:24.549+0000] {logging_mixin.py:149} INFO - [2025-05-03T10:25:24.548+0000] {dag.py:3490} INFO - Setting next_dagrun for extract to 2025-05-03T00:00:00+00:00, run_after=2025-05-04T00:00:00+00:00
[2025-05-03T10:25:24.611+0000] {processor.py:178} INFO - Processing /opt/airflow/dags/extract.py took 1.360 seconds
[2025-05-03T10:25:55.058+0000] {processor.py:156} INFO - Started process (PID=9810) to work on /opt/airflow/dags/extract.py
[2025-05-03T10:25:55.060+0000] {processor.py:799} INFO - Processing file /opt/airflow/dags/extract.py for tasks to queue
[2025-05-03T10:25:55.064+0000] {logging_mixin.py:149} INFO - [2025-05-03T10:25:55.063+0000] {dagbag.py:541} INFO - Filling up the DagBag from /opt/airflow/dags/extract.py
[2025-05-03T10:25:56.223+0000] {processor.py:809} INFO - DAG(s) dict_keys(['extract']) retrieved from /opt/airflow/dags/extract.py
[2025-05-03T10:25:56.295+0000] {logging_mixin.py:149} INFO - [2025-05-03T10:25:56.294+0000] {dag.py:2726} INFO - Sync 1 DAGs
[2025-05-03T10:25:56.362+0000] {logging_mixin.py:149} INFO - [2025-05-03T10:25:56.362+0000] {dag.py:3490} INFO - Setting next_dagrun for extract to 2025-05-03T00:00:00+00:00, run_after=2025-05-04T00:00:00+00:00
[2025-05-03T10:25:56.433+0000] {processor.py:178} INFO - Processing /opt/airflow/dags/extract.py took 1.385 seconds
[2025-05-03T10:26:26.857+0000] {processor.py:156} INFO - Started process (PID=9827) to work on /opt/airflow/dags/extract.py
[2025-05-03T10:26:26.860+0000] {processor.py:799} INFO - Processing file /opt/airflow/dags/extract.py for tasks to queue
[2025-05-03T10:26:26.863+0000] {logging_mixin.py:149} INFO - [2025-05-03T10:26:26.863+0000] {dagbag.py:541} INFO - Filling up the DagBag from /opt/airflow/dags/extract.py
[2025-05-03T10:26:28.120+0000] {processor.py:809} INFO - DAG(s) dict_keys(['extract']) retrieved from /opt/airflow/dags/extract.py
[2025-05-03T10:26:28.242+0000] {logging_mixin.py:149} INFO - [2025-05-03T10:26:28.241+0000] {dag.py:2726} INFO - Sync 1 DAGs
[2025-05-03T10:26:28.302+0000] {logging_mixin.py:149} INFO - [2025-05-03T10:26:28.302+0000] {dag.py:3490} INFO - Setting next_dagrun for extract to 2025-05-03T00:00:00+00:00, run_after=2025-05-04T00:00:00+00:00
[2025-05-03T10:26:28.351+0000] {processor.py:178} INFO - Processing /opt/airflow/dags/extract.py took 1.500 seconds
[2025-05-03T10:26:58.735+0000] {processor.py:156} INFO - Started process (PID=9844) to work on /opt/airflow/dags/extract.py
[2025-05-03T10:26:58.738+0000] {processor.py:799} INFO - Processing file /opt/airflow/dags/extract.py for tasks to queue
[2025-05-03T10:26:58.741+0000] {logging_mixin.py:149} INFO - [2025-05-03T10:26:58.741+0000] {dagbag.py:541} INFO - Filling up the DagBag from /opt/airflow/dags/extract.py
[2025-05-03T10:27:00.170+0000] {processor.py:809} INFO - DAG(s) dict_keys(['extract']) retrieved from /opt/airflow/dags/extract.py
[2025-05-03T10:27:00.251+0000] {logging_mixin.py:149} INFO - [2025-05-03T10:27:00.249+0000] {dag.py:2726} INFO - Sync 1 DAGs
[2025-05-03T10:27:00.333+0000] {logging_mixin.py:149} INFO - [2025-05-03T10:27:00.333+0000] {dag.py:3490} INFO - Setting next_dagrun for extract to 2025-05-03T00:00:00+00:00, run_after=2025-05-04T00:00:00+00:00
[2025-05-03T10:27:00.414+0000] {processor.py:178} INFO - Processing /opt/airflow/dags/extract.py took 1.686 seconds
[2025-05-03T10:27:30.859+0000] {processor.py:156} INFO - Started process (PID=9861) to work on /opt/airflow/dags/extract.py
[2025-05-03T10:27:30.862+0000] {processor.py:799} INFO - Processing file /opt/airflow/dags/extract.py for tasks to queue
[2025-05-03T10:27:30.864+0000] {logging_mixin.py:149} INFO - [2025-05-03T10:27:30.863+0000] {dagbag.py:541} INFO - Filling up the DagBag from /opt/airflow/dags/extract.py
[2025-05-03T10:27:32.023+0000] {processor.py:809} INFO - DAG(s) dict_keys(['extract']) retrieved from /opt/airflow/dags/extract.py
[2025-05-03T10:27:32.082+0000] {logging_mixin.py:149} INFO - [2025-05-03T10:27:32.081+0000] {dag.py:2726} INFO - Sync 1 DAGs
[2025-05-03T10:27:32.150+0000] {logging_mixin.py:149} INFO - [2025-05-03T10:27:32.150+0000] {dag.py:3490} INFO - Setting next_dagrun for extract to 2025-05-03T00:00:00+00:00, run_after=2025-05-04T00:00:00+00:00
[2025-05-03T10:27:32.220+0000] {processor.py:178} INFO - Processing /opt/airflow/dags/extract.py took 1.366 seconds
[2025-05-03T10:28:02.669+0000] {processor.py:156} INFO - Started process (PID=9878) to work on /opt/airflow/dags/extract.py
[2025-05-03T10:28:02.672+0000] {processor.py:799} INFO - Processing file /opt/airflow/dags/extract.py for tasks to queue
[2025-05-03T10:28:02.674+0000] {logging_mixin.py:149} INFO - [2025-05-03T10:28:02.674+0000] {dagbag.py:541} INFO - Filling up the DagBag from /opt/airflow/dags/extract.py
[2025-05-03T10:28:03.801+0000] {processor.py:809} INFO - DAG(s) dict_keys(['extract']) retrieved from /opt/airflow/dags/extract.py
[2025-05-03T10:28:03.864+0000] {logging_mixin.py:149} INFO - [2025-05-03T10:28:03.863+0000] {dag.py:2726} INFO - Sync 1 DAGs
[2025-05-03T10:28:03.931+0000] {logging_mixin.py:149} INFO - [2025-05-03T10:28:03.930+0000] {dag.py:3490} INFO - Setting next_dagrun for extract to 2025-05-03T00:00:00+00:00, run_after=2025-05-04T00:00:00+00:00
[2025-05-03T10:28:03.991+0000] {processor.py:178} INFO - Processing /opt/airflow/dags/extract.py took 1.345 seconds
[2025-05-03T10:28:34.377+0000] {processor.py:156} INFO - Started process (PID=9895) to work on /opt/airflow/dags/extract.py
[2025-05-03T10:28:34.379+0000] {processor.py:799} INFO - Processing file /opt/airflow/dags/extract.py for tasks to queue
[2025-05-03T10:28:34.381+0000] {logging_mixin.py:149} INFO - [2025-05-03T10:28:34.381+0000] {dagbag.py:541} INFO - Filling up the DagBag from /opt/airflow/dags/extract.py
[2025-05-03T10:28:35.484+0000] {processor.py:809} INFO - DAG(s) dict_keys(['extract']) retrieved from /opt/airflow/dags/extract.py
[2025-05-03T10:28:35.536+0000] {logging_mixin.py:149} INFO - [2025-05-03T10:28:35.535+0000] {dag.py:2726} INFO - Sync 1 DAGs
[2025-05-03T10:28:35.598+0000] {logging_mixin.py:149} INFO - [2025-05-03T10:28:35.597+0000] {dag.py:3490} INFO - Setting next_dagrun for extract to 2025-05-03T00:00:00+00:00, run_after=2025-05-04T00:00:00+00:00
[2025-05-03T10:28:35.667+0000] {processor.py:178} INFO - Processing /opt/airflow/dags/extract.py took 1.295 seconds
[2025-05-03T10:29:06.064+0000] {processor.py:156} INFO - Started process (PID=9912) to work on /opt/airflow/dags/extract.py
[2025-05-03T10:29:06.067+0000] {processor.py:799} INFO - Processing file /opt/airflow/dags/extract.py for tasks to queue
[2025-05-03T10:29:06.068+0000] {logging_mixin.py:149} INFO - [2025-05-03T10:29:06.068+0000] {dagbag.py:541} INFO - Filling up the DagBag from /opt/airflow/dags/extract.py
[2025-05-03T10:29:07.226+0000] {processor.py:809} INFO - DAG(s) dict_keys(['extract']) retrieved from /opt/airflow/dags/extract.py
[2025-05-03T10:29:07.283+0000] {logging_mixin.py:149} INFO - [2025-05-03T10:29:07.282+0000] {dag.py:2726} INFO - Sync 1 DAGs
[2025-05-03T10:29:07.344+0000] {logging_mixin.py:149} INFO - [2025-05-03T10:29:07.344+0000] {dag.py:3490} INFO - Setting next_dagrun for extract to 2025-05-03T00:00:00+00:00, run_after=2025-05-04T00:00:00+00:00
[2025-05-03T10:29:07.401+0000] {processor.py:178} INFO - Processing /opt/airflow/dags/extract.py took 1.342 seconds
[2025-05-03T10:29:37.833+0000] {processor.py:156} INFO - Started process (PID=9929) to work on /opt/airflow/dags/extract.py
[2025-05-03T10:29:37.835+0000] {processor.py:799} INFO - Processing file /opt/airflow/dags/extract.py for tasks to queue
[2025-05-03T10:29:37.840+0000] {logging_mixin.py:149} INFO - [2025-05-03T10:29:37.839+0000] {dagbag.py:541} INFO - Filling up the DagBag from /opt/airflow/dags/extract.py
[2025-05-03T10:29:38.980+0000] {processor.py:809} INFO - DAG(s) dict_keys(['extract']) retrieved from /opt/airflow/dags/extract.py
[2025-05-03T10:29:39.036+0000] {logging_mixin.py:149} INFO - [2025-05-03T10:29:39.035+0000] {dag.py:2726} INFO - Sync 1 DAGs
[2025-05-03T10:29:39.159+0000] {logging_mixin.py:149} INFO - [2025-05-03T10:29:39.159+0000] {dag.py:3490} INFO - Setting next_dagrun for extract to 2025-05-03T00:00:00+00:00, run_after=2025-05-04T00:00:00+00:00
[2025-05-03T10:29:39.251+0000] {processor.py:178} INFO - Processing /opt/airflow/dags/extract.py took 1.424 seconds
[2025-05-03T10:30:09.666+0000] {processor.py:156} INFO - Started process (PID=9946) to work on /opt/airflow/dags/extract.py
[2025-05-03T10:30:09.669+0000] {processor.py:799} INFO - Processing file /opt/airflow/dags/extract.py for tasks to queue
[2025-05-03T10:30:09.670+0000] {logging_mixin.py:149} INFO - [2025-05-03T10:30:09.670+0000] {dagbag.py:541} INFO - Filling up the DagBag from /opt/airflow/dags/extract.py
[2025-05-03T10:30:10.920+0000] {processor.py:809} INFO - DAG(s) dict_keys(['extract']) retrieved from /opt/airflow/dags/extract.py
[2025-05-03T10:30:10.981+0000] {logging_mixin.py:149} INFO - [2025-05-03T10:30:10.979+0000] {dag.py:2726} INFO - Sync 1 DAGs
[2025-05-03T10:30:11.041+0000] {logging_mixin.py:149} INFO - [2025-05-03T10:30:11.041+0000] {dag.py:3490} INFO - Setting next_dagrun for extract to 2025-05-03T00:00:00+00:00, run_after=2025-05-04T00:00:00+00:00
[2025-05-03T10:30:11.104+0000] {processor.py:178} INFO - Processing /opt/airflow/dags/extract.py took 1.487 seconds
[2025-05-03T10:30:41.469+0000] {processor.py:156} INFO - Started process (PID=9963) to work on /opt/airflow/dags/extract.py
[2025-05-03T10:30:41.471+0000] {processor.py:799} INFO - Processing file /opt/airflow/dags/extract.py for tasks to queue
[2025-05-03T10:30:41.473+0000] {logging_mixin.py:149} INFO - [2025-05-03T10:30:41.473+0000] {dagbag.py:541} INFO - Filling up the DagBag from /opt/airflow/dags/extract.py
[2025-05-03T10:30:42.658+0000] {processor.py:809} INFO - DAG(s) dict_keys(['extract']) retrieved from /opt/airflow/dags/extract.py
[2025-05-03T10:30:42.788+0000] {logging_mixin.py:149} INFO - [2025-05-03T10:30:42.787+0000] {dag.py:2726} INFO - Sync 1 DAGs
[2025-05-03T10:30:42.842+0000] {logging_mixin.py:149} INFO - [2025-05-03T10:30:42.842+0000] {dag.py:3490} INFO - Setting next_dagrun for extract to 2025-05-03T00:00:00+00:00, run_after=2025-05-04T00:00:00+00:00
[2025-05-03T10:30:42.908+0000] {processor.py:178} INFO - Processing /opt/airflow/dags/extract.py took 1.447 seconds
[2025-05-03T10:31:13.336+0000] {processor.py:156} INFO - Started process (PID=9980) to work on /opt/airflow/dags/extract.py
[2025-05-03T10:31:13.340+0000] {processor.py:799} INFO - Processing file /opt/airflow/dags/extract.py for tasks to queue
[2025-05-03T10:31:13.342+0000] {logging_mixin.py:149} INFO - [2025-05-03T10:31:13.342+0000] {dagbag.py:541} INFO - Filling up the DagBag from /opt/airflow/dags/extract.py
[2025-05-03T10:31:14.428+0000] {processor.py:809} INFO - DAG(s) dict_keys(['extract']) retrieved from /opt/airflow/dags/extract.py
[2025-05-03T10:31:14.481+0000] {logging_mixin.py:149} INFO - [2025-05-03T10:31:14.480+0000] {dag.py:2726} INFO - Sync 1 DAGs
[2025-05-03T10:31:14.531+0000] {logging_mixin.py:149} INFO - [2025-05-03T10:31:14.531+0000] {dag.py:3490} INFO - Setting next_dagrun for extract to 2025-05-03T00:00:00+00:00, run_after=2025-05-04T00:00:00+00:00
[2025-05-03T10:31:14.597+0000] {processor.py:178} INFO - Processing /opt/airflow/dags/extract.py took 1.270 seconds
[2025-05-03T10:31:44.840+0000] {processor.py:156} INFO - Started process (PID=9997) to work on /opt/airflow/dags/extract.py
[2025-05-03T10:31:44.843+0000] {processor.py:799} INFO - Processing file /opt/airflow/dags/extract.py for tasks to queue
[2025-05-03T10:31:44.845+0000] {logging_mixin.py:149} INFO - [2025-05-03T10:31:44.844+0000] {dagbag.py:541} INFO - Filling up the DagBag from /opt/airflow/dags/extract.py
[2025-05-03T10:31:45.996+0000] {processor.py:809} INFO - DAG(s) dict_keys(['extract']) retrieved from /opt/airflow/dags/extract.py
[2025-05-03T10:31:46.052+0000] {logging_mixin.py:149} INFO - [2025-05-03T10:31:46.051+0000] {dag.py:2726} INFO - Sync 1 DAGs
[2025-05-03T10:31:46.109+0000] {logging_mixin.py:149} INFO - [2025-05-03T10:31:46.109+0000] {dag.py:3490} INFO - Setting next_dagrun for extract to 2025-05-03T00:00:00+00:00, run_after=2025-05-04T00:00:00+00:00
[2025-05-03T10:31:46.172+0000] {processor.py:178} INFO - Processing /opt/airflow/dags/extract.py took 1.340 seconds
[2025-05-03T10:32:16.343+0000] {processor.py:156} INFO - Started process (PID=10014) to work on /opt/airflow/dags/extract.py
[2025-05-03T10:32:16.345+0000] {processor.py:799} INFO - Processing file /opt/airflow/dags/extract.py for tasks to queue
[2025-05-03T10:32:16.347+0000] {logging_mixin.py:149} INFO - [2025-05-03T10:32:16.347+0000] {dagbag.py:541} INFO - Filling up the DagBag from /opt/airflow/dags/extract.py
[2025-05-03T10:32:17.476+0000] {processor.py:809} INFO - DAG(s) dict_keys(['extract']) retrieved from /opt/airflow/dags/extract.py
[2025-05-03T10:32:17.542+0000] {logging_mixin.py:149} INFO - [2025-05-03T10:32:17.541+0000] {dag.py:2726} INFO - Sync 1 DAGs
[2025-05-03T10:32:17.597+0000] {logging_mixin.py:149} INFO - [2025-05-03T10:32:17.597+0000] {dag.py:3490} INFO - Setting next_dagrun for extract to 2025-05-03T00:00:00+00:00, run_after=2025-05-04T00:00:00+00:00
[2025-05-03T10:32:17.728+0000] {processor.py:178} INFO - Processing /opt/airflow/dags/extract.py took 1.456 seconds
[2025-05-03T10:32:47.940+0000] {processor.py:156} INFO - Started process (PID=10031) to work on /opt/airflow/dags/extract.py
[2025-05-03T10:32:47.943+0000] {processor.py:799} INFO - Processing file /opt/airflow/dags/extract.py for tasks to queue
[2025-05-03T10:32:47.945+0000] {logging_mixin.py:149} INFO - [2025-05-03T10:32:47.945+0000] {dagbag.py:541} INFO - Filling up the DagBag from /opt/airflow/dags/extract.py
[2025-05-03T10:32:48.984+0000] {processor.py:809} INFO - DAG(s) dict_keys(['extract']) retrieved from /opt/airflow/dags/extract.py
[2025-05-03T10:32:49.107+0000] {logging_mixin.py:149} INFO - [2025-05-03T10:32:49.106+0000] {dag.py:2726} INFO - Sync 1 DAGs
[2025-05-03T10:32:49.163+0000] {logging_mixin.py:149} INFO - [2025-05-03T10:32:49.162+0000] {dag.py:3490} INFO - Setting next_dagrun for extract to 2025-05-03T00:00:00+00:00, run_after=2025-05-04T00:00:00+00:00
[2025-05-03T10:32:49.221+0000] {processor.py:178} INFO - Processing /opt/airflow/dags/extract.py took 1.290 seconds
[2025-05-03T10:33:19.458+0000] {processor.py:156} INFO - Started process (PID=10048) to work on /opt/airflow/dags/extract.py
[2025-05-03T10:33:19.460+0000] {processor.py:799} INFO - Processing file /opt/airflow/dags/extract.py for tasks to queue
[2025-05-03T10:33:19.462+0000] {logging_mixin.py:149} INFO - [2025-05-03T10:33:19.462+0000] {dagbag.py:541} INFO - Filling up the DagBag from /opt/airflow/dags/extract.py
[2025-05-03T10:33:20.589+0000] {processor.py:809} INFO - DAG(s) dict_keys(['extract']) retrieved from /opt/airflow/dags/extract.py
[2025-05-03T10:33:20.712+0000] {logging_mixin.py:149} INFO - [2025-05-03T10:33:20.711+0000] {dag.py:2726} INFO - Sync 1 DAGs
[2025-05-03T10:33:20.764+0000] {logging_mixin.py:149} INFO - [2025-05-03T10:33:20.764+0000] {dag.py:3490} INFO - Setting next_dagrun for extract to 2025-05-03T00:00:00+00:00, run_after=2025-05-04T00:00:00+00:00
[2025-05-03T10:33:20.827+0000] {processor.py:178} INFO - Processing /opt/airflow/dags/extract.py took 1.378 seconds
[2025-05-03T10:33:51.179+0000] {processor.py:156} INFO - Started process (PID=10065) to work on /opt/airflow/dags/extract.py
[2025-05-03T10:33:51.181+0000] {processor.py:799} INFO - Processing file /opt/airflow/dags/extract.py for tasks to queue
[2025-05-03T10:33:51.184+0000] {logging_mixin.py:149} INFO - [2025-05-03T10:33:51.183+0000] {dagbag.py:541} INFO - Filling up the DagBag from /opt/airflow/dags/extract.py
[2025-05-03T10:33:52.302+0000] {processor.py:809} INFO - DAG(s) dict_keys(['extract']) retrieved from /opt/airflow/dags/extract.py
[2025-05-03T10:33:52.355+0000] {logging_mixin.py:149} INFO - [2025-05-03T10:33:52.354+0000] {dag.py:2726} INFO - Sync 1 DAGs
[2025-05-03T10:33:52.407+0000] {logging_mixin.py:149} INFO - [2025-05-03T10:33:52.407+0000] {dag.py:3490} INFO - Setting next_dagrun for extract to 2025-05-03T00:00:00+00:00, run_after=2025-05-04T00:00:00+00:00
[2025-05-03T10:33:52.463+0000] {processor.py:178} INFO - Processing /opt/airflow/dags/extract.py took 1.292 seconds
[2025-05-03T10:47:39.410+0000] {processor.py:156} INFO - Started process (PID=10082) to work on /opt/airflow/dags/extract.py
[2025-05-03T10:47:39.453+0000] {processor.py:799} INFO - Processing file /opt/airflow/dags/extract.py for tasks to queue
[2025-05-03T10:47:39.481+0000] {logging_mixin.py:149} INFO - [2025-05-03T10:47:39.480+0000] {dagbag.py:541} INFO - Filling up the DagBag from /opt/airflow/dags/extract.py
[2025-05-03T10:47:51.512+0000] {processor.py:809} INFO - DAG(s) dict_keys(['extract']) retrieved from /opt/airflow/dags/extract.py
[2025-05-03T10:47:51.726+0000] {logging_mixin.py:149} INFO - [2025-05-03T10:47:51.725+0000] {dag.py:2726} INFO - Sync 1 DAGs
[2025-05-03T10:47:51.831+0000] {logging_mixin.py:149} INFO - [2025-05-03T10:47:51.830+0000] {dag.py:3490} INFO - Setting next_dagrun for extract to 2025-05-03T00:00:00+00:00, run_after=2025-05-04T00:00:00+00:00
[2025-05-03T10:47:51.952+0000] {processor.py:178} INFO - Processing /opt/airflow/dags/extract.py took 12.592 seconds
[2025-05-03T10:48:22.354+0000] {processor.py:156} INFO - Started process (PID=10101) to work on /opt/airflow/dags/extract.py
[2025-05-03T10:48:22.360+0000] {processor.py:799} INFO - Processing file /opt/airflow/dags/extract.py for tasks to queue
[2025-05-03T10:48:22.364+0000] {logging_mixin.py:149} INFO - [2025-05-03T10:48:22.363+0000] {dagbag.py:541} INFO - Filling up the DagBag from /opt/airflow/dags/extract.py
[2025-05-03T10:48:23.292+0000] {processor.py:809} INFO - DAG(s) dict_keys(['extract']) retrieved from /opt/airflow/dags/extract.py
[2025-05-03T10:48:23.332+0000] {logging_mixin.py:149} INFO - [2025-05-03T10:48:23.332+0000] {dag.py:2726} INFO - Sync 1 DAGs
[2025-05-03T10:48:23.372+0000] {logging_mixin.py:149} INFO - [2025-05-03T10:48:23.372+0000] {dag.py:3490} INFO - Setting next_dagrun for extract to 2025-05-03T00:00:00+00:00, run_after=2025-05-04T00:00:00+00:00
[2025-05-03T10:48:23.412+0000] {processor.py:178} INFO - Processing /opt/airflow/dags/extract.py took 1.080 seconds
[2025-05-03T10:48:53.622+0000] {processor.py:156} INFO - Started process (PID=10118) to work on /opt/airflow/dags/extract.py
[2025-05-03T10:48:53.625+0000] {processor.py:799} INFO - Processing file /opt/airflow/dags/extract.py for tasks to queue
[2025-05-03T10:48:53.630+0000] {logging_mixin.py:149} INFO - [2025-05-03T10:48:53.628+0000] {dagbag.py:541} INFO - Filling up the DagBag from /opt/airflow/dags/extract.py
[2025-05-03T10:48:54.589+0000] {processor.py:809} INFO - DAG(s) dict_keys(['extract']) retrieved from /opt/airflow/dags/extract.py
[2025-05-03T10:48:54.640+0000] {logging_mixin.py:149} INFO - [2025-05-03T10:48:54.639+0000] {dag.py:2726} INFO - Sync 1 DAGs
[2025-05-03T10:48:54.687+0000] {logging_mixin.py:149} INFO - [2025-05-03T10:48:54.686+0000] {dag.py:3490} INFO - Setting next_dagrun for extract to 2025-05-03T00:00:00+00:00, run_after=2025-05-04T00:00:00+00:00
[2025-05-03T10:48:54.738+0000] {processor.py:178} INFO - Processing /opt/airflow/dags/extract.py took 1.126 seconds
[2025-05-03T10:49:25.030+0000] {processor.py:156} INFO - Started process (PID=10135) to work on /opt/airflow/dags/extract.py
[2025-05-03T10:49:25.032+0000] {processor.py:799} INFO - Processing file /opt/airflow/dags/extract.py for tasks to queue
[2025-05-03T10:49:25.034+0000] {logging_mixin.py:149} INFO - [2025-05-03T10:49:25.034+0000] {dagbag.py:541} INFO - Filling up the DagBag from /opt/airflow/dags/extract.py
[2025-05-03T10:49:26.211+0000] {processor.py:809} INFO - DAG(s) dict_keys(['extract']) retrieved from /opt/airflow/dags/extract.py
[2025-05-03T10:49:26.277+0000] {logging_mixin.py:149} INFO - [2025-05-03T10:49:26.276+0000] {dag.py:2726} INFO - Sync 1 DAGs
[2025-05-03T10:49:26.336+0000] {logging_mixin.py:149} INFO - [2025-05-03T10:49:26.336+0000] {dag.py:3490} INFO - Setting next_dagrun for extract to 2025-05-03T00:00:00+00:00, run_after=2025-05-04T00:00:00+00:00
[2025-05-03T10:49:26.388+0000] {processor.py:178} INFO - Processing /opt/airflow/dags/extract.py took 1.364 seconds
[2025-05-03T10:49:56.781+0000] {processor.py:156} INFO - Started process (PID=10152) to work on /opt/airflow/dags/extract.py
[2025-05-03T10:49:56.783+0000] {processor.py:799} INFO - Processing file /opt/airflow/dags/extract.py for tasks to queue
[2025-05-03T10:49:56.785+0000] {logging_mixin.py:149} INFO - [2025-05-03T10:49:56.785+0000] {dagbag.py:541} INFO - Filling up the DagBag from /opt/airflow/dags/extract.py
[2025-05-03T10:49:57.950+0000] {processor.py:809} INFO - DAG(s) dict_keys(['extract']) retrieved from /opt/airflow/dags/extract.py
[2025-05-03T10:49:58.004+0000] {logging_mixin.py:149} INFO - [2025-05-03T10:49:58.003+0000] {dag.py:2726} INFO - Sync 1 DAGs
[2025-05-03T10:49:58.060+0000] {logging_mixin.py:149} INFO - [2025-05-03T10:49:58.060+0000] {dag.py:3490} INFO - Setting next_dagrun for extract to 2025-05-03T00:00:00+00:00, run_after=2025-05-04T00:00:00+00:00
[2025-05-03T10:49:58.120+0000] {processor.py:178} INFO - Processing /opt/airflow/dags/extract.py took 1.350 seconds
[2025-05-03T10:50:28.481+0000] {processor.py:156} INFO - Started process (PID=10169) to work on /opt/airflow/dags/extract.py
[2025-05-03T10:50:28.484+0000] {processor.py:799} INFO - Processing file /opt/airflow/dags/extract.py for tasks to queue
[2025-05-03T10:50:28.486+0000] {logging_mixin.py:149} INFO - [2025-05-03T10:50:28.486+0000] {dagbag.py:541} INFO - Filling up the DagBag from /opt/airflow/dags/extract.py
[2025-05-03T10:50:29.673+0000] {processor.py:809} INFO - DAG(s) dict_keys(['extract']) retrieved from /opt/airflow/dags/extract.py
[2025-05-03T10:50:29.792+0000] {logging_mixin.py:149} INFO - [2025-05-03T10:50:29.790+0000] {dag.py:2726} INFO - Sync 1 DAGs
[2025-05-03T10:50:29.851+0000] {logging_mixin.py:149} INFO - [2025-05-03T10:50:29.851+0000] {dag.py:3490} INFO - Setting next_dagrun for extract to 2025-05-03T00:00:00+00:00, run_after=2025-05-04T00:00:00+00:00
[2025-05-03T10:50:29.903+0000] {processor.py:178} INFO - Processing /opt/airflow/dags/extract.py took 1.429 seconds
[2025-05-03T10:51:00.394+0000] {processor.py:156} INFO - Started process (PID=10186) to work on /opt/airflow/dags/extract.py
[2025-05-03T10:51:00.396+0000] {processor.py:799} INFO - Processing file /opt/airflow/dags/extract.py for tasks to queue
[2025-05-03T10:51:00.398+0000] {logging_mixin.py:149} INFO - [2025-05-03T10:51:00.398+0000] {dagbag.py:541} INFO - Filling up the DagBag from /opt/airflow/dags/extract.py
[2025-05-03T10:51:01.468+0000] {processor.py:809} INFO - DAG(s) dict_keys(['extract']) retrieved from /opt/airflow/dags/extract.py
[2025-05-03T10:51:01.527+0000] {logging_mixin.py:149} INFO - [2025-05-03T10:51:01.526+0000] {dag.py:2726} INFO - Sync 1 DAGs
[2025-05-03T10:51:01.581+0000] {logging_mixin.py:149} INFO - [2025-05-03T10:51:01.580+0000] {dag.py:3490} INFO - Setting next_dagrun for extract to 2025-05-03T00:00:00+00:00, run_after=2025-05-04T00:00:00+00:00
[2025-05-03T10:51:01.631+0000] {processor.py:178} INFO - Processing /opt/airflow/dags/extract.py took 1.244 seconds
[2025-05-03T10:51:31.985+0000] {processor.py:156} INFO - Started process (PID=10203) to work on /opt/airflow/dags/extract.py
[2025-05-03T10:51:31.989+0000] {processor.py:799} INFO - Processing file /opt/airflow/dags/extract.py for tasks to queue
[2025-05-03T10:51:31.991+0000] {logging_mixin.py:149} INFO - [2025-05-03T10:51:31.990+0000] {dagbag.py:541} INFO - Filling up the DagBag from /opt/airflow/dags/extract.py
[2025-05-03T10:51:33.302+0000] {processor.py:809} INFO - DAG(s) dict_keys(['extract']) retrieved from /opt/airflow/dags/extract.py
[2025-05-03T10:51:33.450+0000] {logging_mixin.py:149} INFO - [2025-05-03T10:51:33.449+0000] {dag.py:2726} INFO - Sync 1 DAGs
[2025-05-03T10:51:33.620+0000] {logging_mixin.py:149} INFO - [2025-05-03T10:51:33.619+0000] {dag.py:3490} INFO - Setting next_dagrun for extract to 2025-05-03T00:00:00+00:00, run_after=2025-05-04T00:00:00+00:00
[2025-05-03T10:51:33.698+0000] {processor.py:178} INFO - Processing /opt/airflow/dags/extract.py took 1.719 seconds
[2025-05-03T10:52:04.277+0000] {processor.py:156} INFO - Started process (PID=10220) to work on /opt/airflow/dags/extract.py
[2025-05-03T10:52:04.287+0000] {processor.py:799} INFO - Processing file /opt/airflow/dags/extract.py for tasks to queue
[2025-05-03T10:52:04.290+0000] {logging_mixin.py:149} INFO - [2025-05-03T10:52:04.289+0000] {dagbag.py:541} INFO - Filling up the DagBag from /opt/airflow/dags/extract.py
[2025-05-03T10:52:05.478+0000] {processor.py:809} INFO - DAG(s) dict_keys(['extract']) retrieved from /opt/airflow/dags/extract.py
[2025-05-03T10:52:05.550+0000] {logging_mixin.py:149} INFO - [2025-05-03T10:52:05.549+0000] {dag.py:2726} INFO - Sync 1 DAGs
[2025-05-03T10:52:05.614+0000] {logging_mixin.py:149} INFO - [2025-05-03T10:52:05.613+0000] {dag.py:3490} INFO - Setting next_dagrun for extract to 2025-05-03T00:00:00+00:00, run_after=2025-05-04T00:00:00+00:00
[2025-05-03T10:52:05.690+0000] {processor.py:178} INFO - Processing /opt/airflow/dags/extract.py took 1.466 seconds
[2025-05-03T10:52:36.118+0000] {processor.py:156} INFO - Started process (PID=10237) to work on /opt/airflow/dags/extract.py
[2025-05-03T10:52:36.120+0000] {processor.py:799} INFO - Processing file /opt/airflow/dags/extract.py for tasks to queue
[2025-05-03T10:52:36.122+0000] {logging_mixin.py:149} INFO - [2025-05-03T10:52:36.122+0000] {dagbag.py:541} INFO - Filling up the DagBag from /opt/airflow/dags/extract.py
[2025-05-03T10:52:37.397+0000] {processor.py:809} INFO - DAG(s) dict_keys(['extract']) retrieved from /opt/airflow/dags/extract.py
[2025-05-03T10:52:37.475+0000] {logging_mixin.py:149} INFO - [2025-05-03T10:52:37.474+0000] {dag.py:2726} INFO - Sync 1 DAGs
[2025-05-03T10:52:37.540+0000] {logging_mixin.py:149} INFO - [2025-05-03T10:52:37.540+0000] {dag.py:3490} INFO - Setting next_dagrun for extract to 2025-05-03T00:00:00+00:00, run_after=2025-05-04T00:00:00+00:00
[2025-05-03T10:52:37.611+0000] {processor.py:178} INFO - Processing /opt/airflow/dags/extract.py took 1.499 seconds
[2025-05-03T10:53:08.098+0000] {processor.py:156} INFO - Started process (PID=10254) to work on /opt/airflow/dags/extract.py
[2025-05-03T10:53:08.100+0000] {processor.py:799} INFO - Processing file /opt/airflow/dags/extract.py for tasks to queue
[2025-05-03T10:53:08.102+0000] {logging_mixin.py:149} INFO - [2025-05-03T10:53:08.102+0000] {dagbag.py:541} INFO - Filling up the DagBag from /opt/airflow/dags/extract.py
[2025-05-03T10:53:09.253+0000] {processor.py:809} INFO - DAG(s) dict_keys(['extract']) retrieved from /opt/airflow/dags/extract.py
[2025-05-03T10:53:09.328+0000] {logging_mixin.py:149} INFO - [2025-05-03T10:53:09.327+0000] {dag.py:2726} INFO - Sync 1 DAGs
[2025-05-03T10:53:09.399+0000] {logging_mixin.py:149} INFO - [2025-05-03T10:53:09.399+0000] {dag.py:3490} INFO - Setting next_dagrun for extract to 2025-05-03T00:00:00+00:00, run_after=2025-05-04T00:00:00+00:00
[2025-05-03T10:53:09.460+0000] {processor.py:178} INFO - Processing /opt/airflow/dags/extract.py took 1.368 seconds
[2025-05-03T10:53:39.845+0000] {processor.py:156} INFO - Started process (PID=10271) to work on /opt/airflow/dags/extract.py
[2025-05-03T10:53:39.847+0000] {processor.py:799} INFO - Processing file /opt/airflow/dags/extract.py for tasks to queue
[2025-05-03T10:53:39.849+0000] {logging_mixin.py:149} INFO - [2025-05-03T10:53:39.849+0000] {dagbag.py:541} INFO - Filling up the DagBag from /opt/airflow/dags/extract.py
[2025-05-03T10:53:41.009+0000] {processor.py:809} INFO - DAG(s) dict_keys(['extract']) retrieved from /opt/airflow/dags/extract.py
[2025-05-03T10:53:41.073+0000] {logging_mixin.py:149} INFO - [2025-05-03T10:53:41.072+0000] {dag.py:2726} INFO - Sync 1 DAGs
[2025-05-03T10:53:41.147+0000] {logging_mixin.py:149} INFO - [2025-05-03T10:53:41.147+0000] {dag.py:3490} INFO - Setting next_dagrun for extract to 2025-05-03T00:00:00+00:00, run_after=2025-05-04T00:00:00+00:00
[2025-05-03T10:53:41.212+0000] {processor.py:178} INFO - Processing /opt/airflow/dags/extract.py took 1.393 seconds
[2025-05-03T10:54:11.639+0000] {processor.py:156} INFO - Started process (PID=10288) to work on /opt/airflow/dags/extract.py
[2025-05-03T10:54:11.641+0000] {processor.py:799} INFO - Processing file /opt/airflow/dags/extract.py for tasks to queue
[2025-05-03T10:54:11.643+0000] {logging_mixin.py:149} INFO - [2025-05-03T10:54:11.643+0000] {dagbag.py:541} INFO - Filling up the DagBag from /opt/airflow/dags/extract.py
[2025-05-03T10:54:12.805+0000] {processor.py:809} INFO - DAG(s) dict_keys(['extract']) retrieved from /opt/airflow/dags/extract.py
[2025-05-03T10:54:12.862+0000] {logging_mixin.py:149} INFO - [2025-05-03T10:54:12.861+0000] {dag.py:2726} INFO - Sync 1 DAGs
[2025-05-03T10:54:12.917+0000] {logging_mixin.py:149} INFO - [2025-05-03T10:54:12.916+0000] {dag.py:3490} INFO - Setting next_dagrun for extract to 2025-05-03T00:00:00+00:00, run_after=2025-05-04T00:00:00+00:00
[2025-05-03T10:54:12.976+0000] {processor.py:178} INFO - Processing /opt/airflow/dags/extract.py took 1.343 seconds
[2025-05-03T10:54:43.363+0000] {processor.py:156} INFO - Started process (PID=10305) to work on /opt/airflow/dags/extract.py
[2025-05-03T10:54:43.366+0000] {processor.py:799} INFO - Processing file /opt/airflow/dags/extract.py for tasks to queue
[2025-05-03T10:54:43.368+0000] {logging_mixin.py:149} INFO - [2025-05-03T10:54:43.368+0000] {dagbag.py:541} INFO - Filling up the DagBag from /opt/airflow/dags/extract.py
[2025-05-03T10:54:44.647+0000] {processor.py:809} INFO - DAG(s) dict_keys(['extract']) retrieved from /opt/airflow/dags/extract.py
[2025-05-03T10:54:44.834+0000] {logging_mixin.py:149} INFO - [2025-05-03T10:54:44.831+0000] {dag.py:2726} INFO - Sync 1 DAGs
[2025-05-03T10:54:45.023+0000] {logging_mixin.py:149} INFO - [2025-05-03T10:54:45.022+0000] {dag.py:3490} INFO - Setting next_dagrun for extract to 2025-05-03T00:00:00+00:00, run_after=2025-05-04T00:00:00+00:00
[2025-05-03T10:54:45.108+0000] {processor.py:178} INFO - Processing /opt/airflow/dags/extract.py took 1.751 seconds
[2025-05-03T10:55:15.316+0000] {processor.py:156} INFO - Started process (PID=10322) to work on /opt/airflow/dags/extract.py
[2025-05-03T10:55:15.318+0000] {processor.py:799} INFO - Processing file /opt/airflow/dags/extract.py for tasks to queue
[2025-05-03T10:55:15.320+0000] {logging_mixin.py:149} INFO - [2025-05-03T10:55:15.319+0000] {dagbag.py:541} INFO - Filling up the DagBag from /opt/airflow/dags/extract.py
[2025-05-03T10:55:16.793+0000] {processor.py:809} INFO - DAG(s) dict_keys(['extract']) retrieved from /opt/airflow/dags/extract.py
[2025-05-03T10:55:16.850+0000] {logging_mixin.py:149} INFO - [2025-05-03T10:55:16.849+0000] {dag.py:2726} INFO - Sync 1 DAGs
[2025-05-03T10:55:16.905+0000] {logging_mixin.py:149} INFO - [2025-05-03T10:55:16.905+0000] {dag.py:3490} INFO - Setting next_dagrun for extract to 2025-05-03T00:00:00+00:00, run_after=2025-05-04T00:00:00+00:00
[2025-05-03T10:55:16.962+0000] {processor.py:178} INFO - Processing /opt/airflow/dags/extract.py took 1.652 seconds
[2025-05-03T10:55:47.428+0000] {processor.py:156} INFO - Started process (PID=10339) to work on /opt/airflow/dags/extract.py
[2025-05-03T10:55:47.431+0000] {processor.py:799} INFO - Processing file /opt/airflow/dags/extract.py for tasks to queue
[2025-05-03T10:55:47.433+0000] {logging_mixin.py:149} INFO - [2025-05-03T10:55:47.433+0000] {dagbag.py:541} INFO - Filling up the DagBag from /opt/airflow/dags/extract.py
[2025-05-03T10:55:48.630+0000] {processor.py:809} INFO - DAG(s) dict_keys(['extract']) retrieved from /opt/airflow/dags/extract.py
[2025-05-03T10:55:48.689+0000] {logging_mixin.py:149} INFO - [2025-05-03T10:55:48.688+0000] {dag.py:2726} INFO - Sync 1 DAGs
[2025-05-03T10:55:48.746+0000] {logging_mixin.py:149} INFO - [2025-05-03T10:55:48.745+0000] {dag.py:3490} INFO - Setting next_dagrun for extract to 2025-05-03T00:00:00+00:00, run_after=2025-05-04T00:00:00+00:00
[2025-05-03T10:55:48.809+0000] {processor.py:178} INFO - Processing /opt/airflow/dags/extract.py took 1.389 seconds
[2025-05-03T10:56:19.225+0000] {processor.py:156} INFO - Started process (PID=10356) to work on /opt/airflow/dags/extract.py
[2025-05-03T10:56:19.226+0000] {processor.py:799} INFO - Processing file /opt/airflow/dags/extract.py for tasks to queue
[2025-05-03T10:56:19.228+0000] {logging_mixin.py:149} INFO - [2025-05-03T10:56:19.228+0000] {dagbag.py:541} INFO - Filling up the DagBag from /opt/airflow/dags/extract.py
[2025-05-03T10:56:20.313+0000] {processor.py:809} INFO - DAG(s) dict_keys(['extract']) retrieved from /opt/airflow/dags/extract.py
[2025-05-03T10:56:20.365+0000] {logging_mixin.py:149} INFO - [2025-05-03T10:56:20.364+0000] {dag.py:2726} INFO - Sync 1 DAGs
[2025-05-03T10:56:20.416+0000] {logging_mixin.py:149} INFO - [2025-05-03T10:56:20.416+0000] {dag.py:3490} INFO - Setting next_dagrun for extract to 2025-05-03T00:00:00+00:00, run_after=2025-05-04T00:00:00+00:00
[2025-05-03T10:56:20.477+0000] {processor.py:178} INFO - Processing /opt/airflow/dags/extract.py took 1.257 seconds
[2025-05-03T10:56:50.865+0000] {processor.py:156} INFO - Started process (PID=10373) to work on /opt/airflow/dags/extract.py
[2025-05-03T10:56:50.867+0000] {processor.py:799} INFO - Processing file /opt/airflow/dags/extract.py for tasks to queue
[2025-05-03T10:56:50.869+0000] {logging_mixin.py:149} INFO - [2025-05-03T10:56:50.868+0000] {dagbag.py:541} INFO - Filling up the DagBag from /opt/airflow/dags/extract.py
[2025-05-03T10:56:52.075+0000] {processor.py:809} INFO - DAG(s) dict_keys(['extract']) retrieved from /opt/airflow/dags/extract.py
[2025-05-03T10:56:52.201+0000] {logging_mixin.py:149} INFO - [2025-05-03T10:56:52.199+0000] {dag.py:2726} INFO - Sync 1 DAGs
[2025-05-03T10:56:52.256+0000] {logging_mixin.py:149} INFO - [2025-05-03T10:56:52.256+0000] {dag.py:3490} INFO - Setting next_dagrun for extract to 2025-05-03T00:00:00+00:00, run_after=2025-05-04T00:00:00+00:00
[2025-05-03T10:56:52.314+0000] {processor.py:178} INFO - Processing /opt/airflow/dags/extract.py took 1.455 seconds
[2025-05-03T10:57:22.710+0000] {processor.py:156} INFO - Started process (PID=10390) to work on /opt/airflow/dags/extract.py
[2025-05-03T10:57:22.712+0000] {processor.py:799} INFO - Processing file /opt/airflow/dags/extract.py for tasks to queue
[2025-05-03T10:57:22.715+0000] {logging_mixin.py:149} INFO - [2025-05-03T10:57:22.715+0000] {dagbag.py:541} INFO - Filling up the DagBag from /opt/airflow/dags/extract.py
[2025-05-03T10:57:23.938+0000] {processor.py:809} INFO - DAG(s) dict_keys(['extract']) retrieved from /opt/airflow/dags/extract.py
[2025-05-03T10:57:24.000+0000] {logging_mixin.py:149} INFO - [2025-05-03T10:57:23.999+0000] {dag.py:2726} INFO - Sync 1 DAGs
[2025-05-03T10:57:24.045+0000] {logging_mixin.py:149} INFO - [2025-05-03T10:57:24.045+0000] {dag.py:3490} INFO - Setting next_dagrun for extract to 2025-05-03T00:00:00+00:00, run_after=2025-05-04T00:00:00+00:00
[2025-05-03T10:57:24.093+0000] {processor.py:178} INFO - Processing /opt/airflow/dags/extract.py took 1.388 seconds
[2025-05-03T10:57:54.555+0000] {processor.py:156} INFO - Started process (PID=10407) to work on /opt/airflow/dags/extract.py
[2025-05-03T10:57:54.557+0000] {processor.py:799} INFO - Processing file /opt/airflow/dags/extract.py for tasks to queue
[2025-05-03T10:57:54.558+0000] {logging_mixin.py:149} INFO - [2025-05-03T10:57:54.558+0000] {dagbag.py:541} INFO - Filling up the DagBag from /opt/airflow/dags/extract.py
[2025-05-03T10:57:55.688+0000] {processor.py:809} INFO - DAG(s) dict_keys(['extract']) retrieved from /opt/airflow/dags/extract.py
[2025-05-03T10:57:55.814+0000] {logging_mixin.py:149} INFO - [2025-05-03T10:57:55.811+0000] {dag.py:2726} INFO - Sync 1 DAGs
[2025-05-03T10:57:55.947+0000] {logging_mixin.py:149} INFO - [2025-05-03T10:57:55.947+0000] {dag.py:3490} INFO - Setting next_dagrun for extract to 2025-05-03T00:00:00+00:00, run_after=2025-05-04T00:00:00+00:00
[2025-05-03T10:57:56.016+0000] {processor.py:178} INFO - Processing /opt/airflow/dags/extract.py took 1.466 seconds
[2025-05-03T10:58:26.375+0000] {processor.py:156} INFO - Started process (PID=10424) to work on /opt/airflow/dags/extract.py
[2025-05-03T10:58:26.377+0000] {processor.py:799} INFO - Processing file /opt/airflow/dags/extract.py for tasks to queue
[2025-05-03T10:58:26.380+0000] {logging_mixin.py:149} INFO - [2025-05-03T10:58:26.379+0000] {dagbag.py:541} INFO - Filling up the DagBag from /opt/airflow/dags/extract.py
[2025-05-03T10:58:27.542+0000] {processor.py:809} INFO - DAG(s) dict_keys(['extract']) retrieved from /opt/airflow/dags/extract.py
[2025-05-03T10:58:27.589+0000] {logging_mixin.py:149} INFO - [2025-05-03T10:58:27.588+0000] {dag.py:2726} INFO - Sync 1 DAGs
[2025-05-03T10:58:27.643+0000] {logging_mixin.py:149} INFO - [2025-05-03T10:58:27.643+0000] {dag.py:3490} INFO - Setting next_dagrun for extract to 2025-05-03T00:00:00+00:00, run_after=2025-05-04T00:00:00+00:00
[2025-05-03T10:58:27.760+0000] {processor.py:178} INFO - Processing /opt/airflow/dags/extract.py took 1.393 seconds
[2025-05-03T13:58:37.961+0000] {processor.py:156} INFO - Started process (PID=10441) to work on /opt/airflow/dags/extract.py
[2025-05-03T13:58:37.963+0000] {processor.py:799} INFO - Processing file /opt/airflow/dags/extract.py for tasks to queue
[2025-05-03T13:58:37.966+0000] {logging_mixin.py:149} INFO - [2025-05-03T13:58:37.965+0000] {dagbag.py:541} INFO - Filling up the DagBag from /opt/airflow/dags/extract.py
[2025-05-03T13:58:41.110+0000] {processor.py:809} INFO - DAG(s) dict_keys(['extract']) retrieved from /opt/airflow/dags/extract.py
[2025-05-03T13:58:41.190+0000] {logging_mixin.py:149} INFO - [2025-05-03T13:58:41.189+0000] {dag.py:2726} INFO - Sync 1 DAGs
[2025-05-03T13:58:41.282+0000] {logging_mixin.py:149} INFO - [2025-05-03T13:58:41.282+0000] {dag.py:3490} INFO - Setting next_dagrun for extract to 2025-05-03T00:00:00+00:00, run_after=2025-05-04T00:00:00+00:00
[2025-05-03T13:58:41.357+0000] {processor.py:178} INFO - Processing /opt/airflow/dags/extract.py took 3.404 seconds
[2025-05-03T19:41:23.854+0000] {processor.py:156} INFO - Started process (PID=10462) to work on /opt/airflow/dags/extract.py
[2025-05-03T19:41:23.865+0000] {processor.py:799} INFO - Processing file /opt/airflow/dags/extract.py for tasks to queue
[2025-05-03T19:41:23.873+0000] {logging_mixin.py:149} INFO - [2025-05-03T19:41:23.872+0000] {dagbag.py:541} INFO - Filling up the DagBag from /opt/airflow/dags/extract.py
[2025-05-03T19:41:31.743+0000] {processor.py:809} INFO - DAG(s) dict_keys(['extract']) retrieved from /opt/airflow/dags/extract.py
[2025-05-03T19:41:32.046+0000] {logging_mixin.py:149} INFO - [2025-05-03T19:41:32.040+0000] {dag.py:2726} INFO - Sync 1 DAGs
[2025-05-03T19:41:32.222+0000] {logging_mixin.py:149} INFO - [2025-05-03T19:41:32.220+0000] {dag.py:3490} INFO - Setting next_dagrun for extract to 2025-05-03T00:00:00+00:00, run_after=2025-05-04T00:00:00+00:00
[2025-05-03T19:41:32.385+0000] {processor.py:178} INFO - Processing /opt/airflow/dags/extract.py took 8.550 seconds
[2025-05-03T19:42:02.965+0000] {processor.py:156} INFO - Started process (PID=10479) to work on /opt/airflow/dags/extract.py
[2025-05-03T19:42:02.968+0000] {processor.py:799} INFO - Processing file /opt/airflow/dags/extract.py for tasks to queue
[2025-05-03T19:42:02.971+0000] {logging_mixin.py:149} INFO - [2025-05-03T19:42:02.970+0000] {dagbag.py:541} INFO - Filling up the DagBag from /opt/airflow/dags/extract.py
[2025-05-03T19:42:04.206+0000] {processor.py:809} INFO - DAG(s) dict_keys(['extract']) retrieved from /opt/airflow/dags/extract.py
[2025-05-03T19:42:04.280+0000] {logging_mixin.py:149} INFO - [2025-05-03T19:42:04.279+0000] {dag.py:2726} INFO - Sync 1 DAGs
[2025-05-03T19:42:04.338+0000] {logging_mixin.py:149} INFO - [2025-05-03T19:42:04.338+0000] {dag.py:3490} INFO - Setting next_dagrun for extract to 2025-05-03T00:00:00+00:00, run_after=2025-05-04T00:00:00+00:00
[2025-05-03T19:42:04.391+0000] {processor.py:178} INFO - Processing /opt/airflow/dags/extract.py took 1.453 seconds
[2025-05-03T19:42:34.618+0000] {processor.py:156} INFO - Started process (PID=10496) to work on /opt/airflow/dags/extract.py
[2025-05-03T19:42:34.622+0000] {processor.py:799} INFO - Processing file /opt/airflow/dags/extract.py for tasks to queue
[2025-05-03T19:42:34.624+0000] {logging_mixin.py:149} INFO - [2025-05-03T19:42:34.623+0000] {dagbag.py:541} INFO - Filling up the DagBag from /opt/airflow/dags/extract.py
[2025-05-03T19:42:35.504+0000] {processor.py:809} INFO - DAG(s) dict_keys(['extract']) retrieved from /opt/airflow/dags/extract.py
[2025-05-03T19:42:35.582+0000] {logging_mixin.py:149} INFO - [2025-05-03T19:42:35.580+0000] {dag.py:2726} INFO - Sync 1 DAGs
[2025-05-03T19:42:35.714+0000] {logging_mixin.py:149} INFO - [2025-05-03T19:42:35.713+0000] {dag.py:3490} INFO - Setting next_dagrun for extract to 2025-05-03T00:00:00+00:00, run_after=2025-05-04T00:00:00+00:00
[2025-05-03T19:42:35.846+0000] {processor.py:178} INFO - Processing /opt/airflow/dags/extract.py took 1.233 seconds
[2025-05-03T19:43:06.119+0000] {processor.py:156} INFO - Started process (PID=10513) to work on /opt/airflow/dags/extract.py
[2025-05-03T19:43:06.122+0000] {processor.py:799} INFO - Processing file /opt/airflow/dags/extract.py for tasks to queue
[2025-05-03T19:43:06.124+0000] {logging_mixin.py:149} INFO - [2025-05-03T19:43:06.124+0000] {dagbag.py:541} INFO - Filling up the DagBag from /opt/airflow/dags/extract.py
[2025-05-03T19:43:07.248+0000] {processor.py:809} INFO - DAG(s) dict_keys(['extract']) retrieved from /opt/airflow/dags/extract.py
[2025-05-03T19:43:07.314+0000] {logging_mixin.py:149} INFO - [2025-05-03T19:43:07.313+0000] {dag.py:2726} INFO - Sync 1 DAGs
[2025-05-03T19:43:07.376+0000] {logging_mixin.py:149} INFO - [2025-05-03T19:43:07.375+0000] {dag.py:3490} INFO - Setting next_dagrun for extract to 2025-05-03T00:00:00+00:00, run_after=2025-05-04T00:00:00+00:00
[2025-05-03T19:43:07.432+0000] {processor.py:178} INFO - Processing /opt/airflow/dags/extract.py took 1.330 seconds
[2025-05-03T19:43:37.837+0000] {processor.py:156} INFO - Started process (PID=10530) to work on /opt/airflow/dags/extract.py
[2025-05-03T19:43:37.844+0000] {processor.py:799} INFO - Processing file /opt/airflow/dags/extract.py for tasks to queue
[2025-05-03T19:43:37.850+0000] {logging_mixin.py:149} INFO - [2025-05-03T19:43:37.849+0000] {dagbag.py:541} INFO - Filling up the DagBag from /opt/airflow/dags/extract.py
[2025-05-03T19:43:39.024+0000] {processor.py:809} INFO - DAG(s) dict_keys(['extract']) retrieved from /opt/airflow/dags/extract.py
[2025-05-03T19:43:39.088+0000] {logging_mixin.py:149} INFO - [2025-05-03T19:43:39.087+0000] {dag.py:2726} INFO - Sync 1 DAGs
[2025-05-03T19:43:39.154+0000] {logging_mixin.py:149} INFO - [2025-05-03T19:43:39.153+0000] {dag.py:3490} INFO - Setting next_dagrun for extract to 2025-05-03T00:00:00+00:00, run_after=2025-05-04T00:00:00+00:00
[2025-05-03T19:43:39.218+0000] {processor.py:178} INFO - Processing /opt/airflow/dags/extract.py took 1.395 seconds
[2025-05-03T19:44:09.656+0000] {processor.py:156} INFO - Started process (PID=10547) to work on /opt/airflow/dags/extract.py
[2025-05-03T19:44:09.658+0000] {processor.py:799} INFO - Processing file /opt/airflow/dags/extract.py for tasks to queue
[2025-05-03T19:44:09.660+0000] {logging_mixin.py:149} INFO - [2025-05-03T19:44:09.660+0000] {dagbag.py:541} INFO - Filling up the DagBag from /opt/airflow/dags/extract.py
[2025-05-03T19:44:10.820+0000] {processor.py:809} INFO - DAG(s) dict_keys(['extract']) retrieved from /opt/airflow/dags/extract.py
[2025-05-03T19:44:10.917+0000] {logging_mixin.py:149} INFO - [2025-05-03T19:44:10.916+0000] {dag.py:2726} INFO - Sync 1 DAGs
[2025-05-03T19:44:10.968+0000] {logging_mixin.py:149} INFO - [2025-05-03T19:44:10.968+0000] {dag.py:3490} INFO - Setting next_dagrun for extract to 2025-05-03T00:00:00+00:00, run_after=2025-05-04T00:00:00+00:00
[2025-05-03T19:44:11.022+0000] {processor.py:178} INFO - Processing /opt/airflow/dags/extract.py took 1.372 seconds
[2025-05-03T19:44:41.409+0000] {processor.py:156} INFO - Started process (PID=10564) to work on /opt/airflow/dags/extract.py
[2025-05-03T19:44:41.413+0000] {processor.py:799} INFO - Processing file /opt/airflow/dags/extract.py for tasks to queue
[2025-05-03T19:44:41.415+0000] {logging_mixin.py:149} INFO - [2025-05-03T19:44:41.414+0000] {dagbag.py:541} INFO - Filling up the DagBag from /opt/airflow/dags/extract.py
[2025-05-03T19:44:42.615+0000] {processor.py:809} INFO - DAG(s) dict_keys(['extract']) retrieved from /opt/airflow/dags/extract.py
[2025-05-03T19:44:42.706+0000] {logging_mixin.py:149} INFO - [2025-05-03T19:44:42.705+0000] {dag.py:2726} INFO - Sync 1 DAGs
[2025-05-03T19:44:42.803+0000] {logging_mixin.py:149} INFO - [2025-05-03T19:44:42.803+0000] {dag.py:3490} INFO - Setting next_dagrun for extract to 2025-05-03T00:00:00+00:00, run_after=2025-05-04T00:00:00+00:00
[2025-05-03T19:44:42.876+0000] {processor.py:178} INFO - Processing /opt/airflow/dags/extract.py took 1.474 seconds
[2025-05-03T19:45:13.333+0000] {processor.py:156} INFO - Started process (PID=10581) to work on /opt/airflow/dags/extract.py
[2025-05-03T19:45:13.336+0000] {processor.py:799} INFO - Processing file /opt/airflow/dags/extract.py for tasks to queue
[2025-05-03T19:45:13.338+0000] {logging_mixin.py:149} INFO - [2025-05-03T19:45:13.338+0000] {dagbag.py:541} INFO - Filling up the DagBag from /opt/airflow/dags/extract.py
[2025-05-03T19:45:14.584+0000] {processor.py:809} INFO - DAG(s) dict_keys(['extract']) retrieved from /opt/airflow/dags/extract.py
[2025-05-03T19:45:14.722+0000] {logging_mixin.py:149} INFO - [2025-05-03T19:45:14.721+0000] {dag.py:2726} INFO - Sync 1 DAGs
[2025-05-03T19:45:14.787+0000] {logging_mixin.py:149} INFO - [2025-05-03T19:45:14.787+0000] {dag.py:3490} INFO - Setting next_dagrun for extract to 2025-05-03T00:00:00+00:00, run_after=2025-05-04T00:00:00+00:00
[2025-05-03T19:45:14.849+0000] {processor.py:178} INFO - Processing /opt/airflow/dags/extract.py took 1.523 seconds
[2025-05-03T19:45:45.245+0000] {processor.py:156} INFO - Started process (PID=10598) to work on /opt/airflow/dags/extract.py
[2025-05-03T19:45:45.256+0000] {processor.py:799} INFO - Processing file /opt/airflow/dags/extract.py for tasks to queue
[2025-05-03T19:45:45.261+0000] {logging_mixin.py:149} INFO - [2025-05-03T19:45:45.260+0000] {dagbag.py:541} INFO - Filling up the DagBag from /opt/airflow/dags/extract.py
[2025-05-03T19:45:47.043+0000] {processor.py:809} INFO - DAG(s) dict_keys(['extract']) retrieved from /opt/airflow/dags/extract.py
[2025-05-03T19:45:47.117+0000] {logging_mixin.py:149} INFO - [2025-05-03T19:45:47.116+0000] {dag.py:2726} INFO - Sync 1 DAGs
[2025-05-03T19:45:47.187+0000] {logging_mixin.py:149} INFO - [2025-05-03T19:45:47.187+0000] {dag.py:3490} INFO - Setting next_dagrun for extract to 2025-05-03T00:00:00+00:00, run_after=2025-05-04T00:00:00+00:00
[2025-05-03T19:45:47.260+0000] {processor.py:178} INFO - Processing /opt/airflow/dags/extract.py took 2.036 seconds
[2025-05-03T19:46:17.663+0000] {processor.py:156} INFO - Started process (PID=10615) to work on /opt/airflow/dags/extract.py
[2025-05-03T19:46:17.667+0000] {processor.py:799} INFO - Processing file /opt/airflow/dags/extract.py for tasks to queue
[2025-05-03T19:46:17.671+0000] {logging_mixin.py:149} INFO - [2025-05-03T19:46:17.671+0000] {dagbag.py:541} INFO - Filling up the DagBag from /opt/airflow/dags/extract.py
[2025-05-03T19:46:19.163+0000] {processor.py:809} INFO - DAG(s) dict_keys(['extract']) retrieved from /opt/airflow/dags/extract.py
[2025-05-03T19:46:19.253+0000] {logging_mixin.py:149} INFO - [2025-05-03T19:46:19.252+0000] {dag.py:2726} INFO - Sync 1 DAGs
[2025-05-03T19:46:19.336+0000] {logging_mixin.py:149} INFO - [2025-05-03T19:46:19.336+0000] {dag.py:3490} INFO - Setting next_dagrun for extract to 2025-05-03T00:00:00+00:00, run_after=2025-05-04T00:00:00+00:00
[2025-05-03T19:46:19.404+0000] {processor.py:178} INFO - Processing /opt/airflow/dags/extract.py took 1.750 seconds
[2025-05-03T19:46:50.205+0000] {processor.py:156} INFO - Started process (PID=10632) to work on /opt/airflow/dags/extract.py
[2025-05-03T19:46:50.209+0000] {processor.py:799} INFO - Processing file /opt/airflow/dags/extract.py for tasks to queue
[2025-05-03T19:46:50.213+0000] {logging_mixin.py:149} INFO - [2025-05-03T19:46:50.213+0000] {dagbag.py:541} INFO - Filling up the DagBag from /opt/airflow/dags/extract.py
[2025-05-03T19:46:51.525+0000] {processor.py:809} INFO - DAG(s) dict_keys(['extract']) retrieved from /opt/airflow/dags/extract.py
[2025-05-03T19:46:51.588+0000] {logging_mixin.py:149} INFO - [2025-05-03T19:46:51.587+0000] {dag.py:2726} INFO - Sync 1 DAGs
[2025-05-03T19:46:51.661+0000] {logging_mixin.py:149} INFO - [2025-05-03T19:46:51.661+0000] {dag.py:3490} INFO - Setting next_dagrun for extract to 2025-05-03T00:00:00+00:00, run_after=2025-05-04T00:00:00+00:00
[2025-05-03T19:46:51.745+0000] {processor.py:178} INFO - Processing /opt/airflow/dags/extract.py took 1.546 seconds
[2025-05-03T19:47:22.402+0000] {processor.py:156} INFO - Started process (PID=10649) to work on /opt/airflow/dags/extract.py
[2025-05-03T19:47:22.406+0000] {processor.py:799} INFO - Processing file /opt/airflow/dags/extract.py for tasks to queue
[2025-05-03T19:47:22.410+0000] {logging_mixin.py:149} INFO - [2025-05-03T19:47:22.409+0000] {dagbag.py:541} INFO - Filling up the DagBag from /opt/airflow/dags/extract.py
[2025-05-03T19:47:24.783+0000] {processor.py:809} INFO - DAG(s) dict_keys(['extract']) retrieved from /opt/airflow/dags/extract.py
[2025-05-03T19:47:24.873+0000] {logging_mixin.py:149} INFO - [2025-05-03T19:47:24.872+0000] {dag.py:2726} INFO - Sync 1 DAGs
[2025-05-03T19:47:24.991+0000] {logging_mixin.py:149} INFO - [2025-05-03T19:47:24.990+0000] {dag.py:3490} INFO - Setting next_dagrun for extract to 2025-05-03T00:00:00+00:00, run_after=2025-05-04T00:00:00+00:00
[2025-05-03T19:47:25.098+0000] {processor.py:178} INFO - Processing /opt/airflow/dags/extract.py took 2.713 seconds
[2025-05-03T19:47:55.645+0000] {processor.py:156} INFO - Started process (PID=10666) to work on /opt/airflow/dags/extract.py
[2025-05-03T19:47:55.649+0000] {processor.py:799} INFO - Processing file /opt/airflow/dags/extract.py for tasks to queue
[2025-05-03T19:47:55.651+0000] {logging_mixin.py:149} INFO - [2025-05-03T19:47:55.651+0000] {dagbag.py:541} INFO - Filling up the DagBag from /opt/airflow/dags/extract.py
[2025-05-03T19:47:56.807+0000] {processor.py:809} INFO - DAG(s) dict_keys(['extract']) retrieved from /opt/airflow/dags/extract.py
[2025-05-03T19:47:56.915+0000] {logging_mixin.py:149} INFO - [2025-05-03T19:47:56.911+0000] {dag.py:2726} INFO - Sync 1 DAGs
[2025-05-03T19:47:56.993+0000] {logging_mixin.py:149} INFO - [2025-05-03T19:47:56.993+0000] {dag.py:3490} INFO - Setting next_dagrun for extract to 2025-05-03T00:00:00+00:00, run_after=2025-05-04T00:00:00+00:00
[2025-05-03T19:47:57.082+0000] {processor.py:178} INFO - Processing /opt/airflow/dags/extract.py took 1.448 seconds
[2025-05-03T19:48:27.218+0000] {processor.py:156} INFO - Started process (PID=10683) to work on /opt/airflow/dags/extract.py
[2025-05-03T19:48:27.221+0000] {processor.py:799} INFO - Processing file /opt/airflow/dags/extract.py for tasks to queue
[2025-05-03T19:48:27.223+0000] {logging_mixin.py:149} INFO - [2025-05-03T19:48:27.222+0000] {dagbag.py:541} INFO - Filling up the DagBag from /opt/airflow/dags/extract.py
[2025-05-03T19:48:28.343+0000] {processor.py:809} INFO - DAG(s) dict_keys(['extract']) retrieved from /opt/airflow/dags/extract.py
[2025-05-03T19:48:28.413+0000] {logging_mixin.py:149} INFO - [2025-05-03T19:48:28.412+0000] {dag.py:2726} INFO - Sync 1 DAGs
[2025-05-03T19:48:28.472+0000] {logging_mixin.py:149} INFO - [2025-05-03T19:48:28.472+0000] {dag.py:3490} INFO - Setting next_dagrun for extract to 2025-05-03T00:00:00+00:00, run_after=2025-05-04T00:00:00+00:00
[2025-05-03T19:48:28.533+0000] {processor.py:178} INFO - Processing /opt/airflow/dags/extract.py took 1.321 seconds
[2025-05-03T22:48:41.947+0000] {processor.py:156} INFO - Started process (PID=10702) to work on /opt/airflow/dags/extract.py
[2025-05-03T22:48:41.954+0000] {processor.py:799} INFO - Processing file /opt/airflow/dags/extract.py for tasks to queue
[2025-05-03T22:48:41.960+0000] {logging_mixin.py:149} INFO - [2025-05-03T22:48:41.959+0000] {dagbag.py:541} INFO - Filling up the DagBag from /opt/airflow/dags/extract.py
[2025-05-03T22:48:43.219+0000] {processor.py:809} INFO - DAG(s) dict_keys(['extract']) retrieved from /opt/airflow/dags/extract.py
[2025-05-03T22:48:43.303+0000] {logging_mixin.py:149} INFO - [2025-05-03T22:48:43.303+0000] {dag.py:2726} INFO - Sync 1 DAGs
[2025-05-03T22:48:43.363+0000] {logging_mixin.py:149} INFO - [2025-05-03T22:48:43.363+0000] {dag.py:3490} INFO - Setting next_dagrun for extract to 2025-05-03T00:00:00+00:00, run_after=2025-05-04T00:00:00+00:00
[2025-05-03T22:48:43.422+0000] {processor.py:178} INFO - Processing /opt/airflow/dags/extract.py took 1.523 seconds
